Iteration	Posterior	Likelihood	Prior	rate_log_sd	rate_loss	tree_length
0	-1248.051	-1462.173	214.1226	0.8670953	4.244057	2.280536
6	-1246.498	-1460.566	214.0682	0.7229084	4.150422	2.425848
12	-1247.034	-1460.52	213.4866	0.7222232	3.611614	2.899185
18	-1253.863	-1467.316	213.4537	0.943528	3.125235	2.899185
24	-1258.674	-1472.041	213.3674	0.832671	3.621414	2.902284
30	-1259.917	-1473.021	213.1039	0.6978724	3.30986	3.210922
36	-1244.498	-1456.704	212.2065	0.7351471	3.927267	3.58285
42	-1258.932	-1471.676	212.7437	0.8675525	3.383126	3.306585
48	-1262.367	-1475.622	213.2553	0.7506238	3.944925	2.95061
54	-1271.171	-1485.471	214.2996	0.780441	3.555872	2.373893
60	-1254.949	-1468.889	213.9398	0.8756134	3.248319	2.613286
66	-1253.315	-1467.405	214.0902	0.9019438	3.076582	2.547094
72	-1242.553	-1456.503	213.9499	0.8308963	3.292823	2.623765
78	-1243.138	-1457.908	214.7696	0.9806244	4.177788	1.78983
84	-1256.896	-1472.399	215.5022	1.279145	3.191669	1.287863
90	-1245.865	-1461.228	215.3631	1.190479	3.208819	1.461551
96	-1247.635	-1462.413	214.7775	1.241788	3.81342	1.687157
102	-1244.228	-1457.963	213.7343	0.8709244	4.06955	2.558779
108	-1243.693	-1457.61	213.9165	0.8828594	3.590616	2.542032
114	-1251.468	-1464.648	213.1805	0.7337088	3.814488	3.032685
120	-1248.531	-1461.432	212.9005	0.7618061	4.03364	3.138285
126	-1246.65	-1460.369	213.7195	0.9595339	4.03364	2.520304
132	-1248.822	-1462.573	213.7509	1.064788	3.329851	2.593196
138	-1244.55	-1458.241	213.6912	0.9394052	3.831913	2.593196
144	-1252.503	-1466.736	214.2333	1.02485	3.28176	2.327369
150	-1253.412	-1468.031	214.6185	1.242751	3.28176	1.932969
156	-1236.433	-1450.178	213.7448	0.9181586	3.28176	2.699007
162	-1246.743	-1460.088	213.3455	1.059522	3.989062	2.699007
168	-1247.307	-1460.751	213.4441	0.9826491	3.268762	2.84624
174	-1256.211	-1470.649	214.4378	1.109979	3.022554	2.209479
180	-1254.472	-1468.505	214.0329	1.09232	2.77036	2.546951
186	-1250.175	-1463.966	213.7908	1.044243	2.909122	2.688264
192	-1254.543	-1468.351	213.8074	0.944852	2.909122	2.738993
198	-1260.056	-1473.474	213.4175	0.664984	3.386692	3.025971
204	-1248.709	-1462.862	214.1531	0.8303768	3.961614	2.343938
210	-1268.144	-1481.997	213.8533	0.940364	4.225233	2.408943
216	-1262.966	-1477.094	214.1272	0.9724359	3.322411	2.417625
222	-1260.295	-1474.099	213.8034	0.9724359	4.132409	2.439147
228	-1250.187	-1463.72	213.5328	0.9466869	4.373466	2.576023
234	-1243.026	-1456.956	213.93	1.038912	3.756578	2.398201
240	-1244.976	-1459.133	214.1567	0.8664973	5.205489	2.074909
246	-1244.93	-1459.655	214.7241	1.045533	3.947525	1.829317
252	-1241.851	-1455.769	213.9175	0.8750742	3.633572	2.536445
258	-1252.789	-1466.574	213.785	0.898838	3.942595	2.536445
264	-1246.828	-1460.915	214.0871	1.091943	3.749952	2.265899
270	-1249.884	-1463.596	213.7119	0.7008474	3.275422	2.853179
276	-1249.694	-1463.013	213.3191	0.7950694	3.806069	2.914298
282	-1240.873	-1454.741	213.8681	0.9933851	3.141789	2.611409
288	-1237.241	-1450.518	213.277	0.8442402	3.950255	2.879923
294	-1239.549	-1453.369	213.8196	0.8992806	3.704858	2.566305
300	-1248.288	-1462.32	214.0311	0.8969923	4.009186	2.368865
306	-1252.484	-1466.75	214.2661	0.9112846	3.017371	2.446822
312	-1245.498	-1459.263	213.7652	0.822891	3.070903	2.797133
318	-1250.667	-1464.478	213.8106	0.7774166	3.070903	2.797133
324	-1243.988	-1459.485	215.4977	1.633449	3.342424	0.9087568
330	-1240.256	-1454.504	214.2484	0.8624066	4.001664	2.253877
336	-1242.324	-1456.894	214.5706	0.9631849	4.326318	1.905571
342	-1246.95	-1462.522	215.5719	1.60703	2.981072	1.012635
348	-1249.768	-1465.44	215.6716	1.642824	2.981906	0.8671845
354	-1247.697	-1461.424	213.727	0.6974363	2.865521	2.949486
360	-1245.213	-1460.054	214.8408	1.152621	3.270356	1.846185
366	-1237.691	-1452.425	214.7342	1.158337	3.270356	1.914848
372	-1242.368	-1457.448	215.0801	1.317484	3.270356	1.559793
378	-1243.421	-1457.928	214.5068	1.317484	3.270356	1.960867
384	-1253.128	-1467.261	214.133	1.189327	3.270356	2.289293
390	-1245.282	-1459.655	214.3731	1.051976	3.691088	2.120163
396	-1242.883	-1457.468	214.5842	1.120655	3.240828	2.048235
402	-1235.733	-1449.844	214.1108	0.9533724	4.515394	2.177835
408	-1242.957	-1456.636	213.6784	1.075595	4.054593	2.469038
414	-1251.55	-1466.69	215.1406	1.346811	4.556796	1.133294
420	-1244.565	-1459.862	215.2969	1.535768	3.728223	1.065938
426	-1241.545	-1456.667	215.1225	1.505971	4.547534	1.003257
432	-1249.023	-1463.977	214.9533	1.294655	4.897861	1.253271
438	-1257.84	-1472.57	214.7305	1.428024	4.897861	1.326289
444	-1252.58	-1466.454	213.8744	0.818804	3.134336	2.71689
450	-1261.615	-1476.566	214.9505	1.292599	3.1978	1.692362
456	-1273.257	-1487.973	214.7162	1.405602	4.242763	1.507758
462	-1266.678	-1482.01	215.3316	1.494287	3.829329	1.038358
468	-1256.725	-1471.756	215.0307	1.494287	4.253087	1.183389
474	-1251.163	-1466.184	215.021	1.327638	3.793846	1.450282
480	-1261.958	-1475.411	213.4534	0.9120071	3.783195	2.766714
486	-1268.21	-1481.46	213.2491	0.8378631	3.561121	2.98376
492	-1258.473	-1473.301	214.8281	1.011732	3.728018	1.83357
498	-1257.752	-1472.595	214.8429	0.9717493	4.143115	1.752808
504	-1258.066	-1472.091	214.0256	0.887179	4.153346	2.34828
510	-1246.32	-1460.956	214.6365	0.9544761	3.381728	2.086871
516	-1247.97	-1461.156	213.186	0.8576891	3.571587	3.007435
522	-1241.348	-1455.973	214.6251	0.9349143	3.996945	1.960308
528	-1236.507	-1451.365	214.8587	0.9498534	3.853382	1.82478
534	-1232.8	-1446.908	214.1081	0.8630142	4.792262	2.184769
540	-1236.145	-1450.397	214.2523	0.9766381	4.139746	2.147798
546	-1245.647	-1459.305	213.6578	0.8303335	3.488892	2.75719
552	-1262.743	-1475.594	212.8516	0.5416268	2.908351	3.548094
558	-1258.206	-1470.542	212.3357	0.6223654	3.550029	3.651194
564	-1246.343	-1459.93	213.587	0.7551902	3.318943	2.885482
570	-1254.336	-1468.072	213.7357	0.980948	2.954147	2.74887
576	-1252.888	-1467.11	214.2212	1.002951	3.118221	2.390773
582	-1250.908	-1464.794	213.8864	1.001161	3.507568	2.506254
588	-1248.727	-1462.631	213.9041	0.9724181	3.537053	2.506254
594	-1250.062	-1463.808	213.7465	1.010651	3.440445	2.603055
600	-1252.895	-1467.186	214.2908	1.079734	2.875911	2.363375
606	-1255.475	-1468.808	213.3333	0.7244395	3.554619	3.002771
612	-1257.325	-1471.358	214.0329	0.8722154	2.379131	2.798134
618	-1258.659	-1472.581	213.9217	0.92689	3.200724	2.60458
624	-1253.29	-1467.724	214.4346	0.8950026	3.447696	2.240446
630	-1261.607	-1475.133	213.5256	0.9553889	4.391788	2.571551
636	-1251.635	-1465.018	213.3831	0.7754212	3.038506	3.064287
642	-1249.885	-1461.938	212.0526	0.5711762	4.204108	3.713721
648	-1247.072	-1460.389	213.3169	0.7021944	3.61714	3.01214
654	-1244.648	-1458.793	214.1445	0.7506756	3.719743	2.452848
660	-1241.089	-1455.11	214.0211	0.9423201	3.128384	2.551622
666	-1246.367	-1460.708	214.3412	0.9232668	2.947092	2.410838
672	-1244.361	-1458.322	213.961	1.081172	2.956765	2.54746
678	-1248.211	-1462.317	214.1066	0.9046304	3.029457	2.54746
684	-1247.012	-1460.986	213.9732	0.7687323	3.725137	2.54746
690	-1249.554	-1463.68	214.1256	0.823879	2.964492	2.602957
696	-1264.848	-1478.879	214.0309	0.768432	2.699823	2.767616
702	-1259.194	-1472.101	212.9068	0.9630783	2.823849	3.290731
708	-1265.825	-1479.94	214.1157	1.033731	3.239246	2.40698
714	-1261.705	-1476.315	214.61	1.08186	4.334184	1.795574
720	-1261.214	-1475.487	214.2739	0.9976868	4.670833	2.010868
726	-1260.372	-1474.973	214.6007	1.066643	3.882356	1.914326
732	-1263.17	-1476.538	213.3679	0.9520511	3.192774	2.929241
738	-1263.423	-1476.807	213.3836	0.9115547	3.611615	2.846893
744	-1266.72	-1481.619	214.8993	1.154914	3.77598	1.671644
750	-1259.691	-1473.693	214.0017	1.086004	3.391065	2.408344
756	-1256.317	-1469.637	213.3194	0.7867545	3.313169	3.028917
762	-1250.177	-1463.797	213.6201	0.8692165	3.523651	2.748505
768	-1249.274	-1463.142	213.8689	0.9258074	3.320653	2.608447
774	-1244.763	-1458.984	214.2207	0.8460524	3.930476	2.297629
780	-1241.487	-1455.621	214.1333	0.9674717	4.091839	2.241017
786	-1250.953	-1465.697	214.7436	1.183293	3.848588	1.743692
792	-1250.536	-1464.653	214.1169	0.8252885	4.013194	2.359092
798	-1270.285	-1483.525	213.2398	0.8774044	3.56461	2.964829
804	-1265.272	-1479.195	213.9224	0.7547491	3.539504	2.629522
810	-1255.586	-1468.839	213.2528	0.7396058	3.037516	3.163457
816	-1258.266	-1471.877	213.6113	0.8622354	2.918578	2.905887
822	-1254.348	-1468.185	213.8363	0.8656902	3.9903	2.515024
828	-1256.642	-1469.831	213.1895	0.7921491	3.015351	3.175447
834	-1247.6	-1460.884	213.2846	0.6189063	3.547796	3.096544
840	-1247.516	-1460.779	213.2626	0.8441878	3.763587	2.927758
846	-1257.414	-1471.142	213.7281	1.005158	2.434907	2.88523
852	-1255.293	-1470.073	214.7797	1.229773	3.512054	1.770733
858	-1262.644	-1477.857	215.2131	1.382044	3.361441	1.383072
864	-1250.452	-1465.657	215.2051	1.374827	2.954219	1.52143
870	-1260.724	-1474.347	213.6229	0.7774639	3.246602	2.867594
876	-1246.935	-1460.997	214.0618	0.9821221	3.357119	2.444199
882	-1243.54	-1457.91	214.3692	0.8637115	3.676132	2.248312
888	-1243.456	-1457.639	214.1838	0.9605015	4.35678	2.157632
894	-1245.504	-1459.797	214.2931	0.9852552	4.046276	2.135726
900	-1270.862	-1484.135	213.2732	0.8232482	2.866982	3.145293
906	-1256.48	-1470.903	214.4234	0.9307484	3.304751	2.260157
912	-1253.977	-1467.497	213.5203	0.6156696	4.451216	2.772476
918	-1253.716	-1466.658	212.9418	0.6214961	3.301465	3.353566
924	-1252.372	-1464.28	211.9076	0.665175	3.161694	3.959844
930	-1259.073	-1472.784	213.7109	0.7940438	4.093905	2.615946
936	-1250.368	-1463.719	213.3506	0.726391	3.365948	3.034061
942	-1248.456	-1462.506	214.0492	0.8326534	3.157379	2.594844
948	-1245.273	-1459.319	214.0461	0.912835	3.902539	2.372296
954	-1249.528	-1464.125	214.5973	1.036898	4.250626	1.853533
960	-1266.971	-1482.28	215.3091	1.393103	3.217419	1.343365
966	-1268.003	-1482.757	214.7539	1.321288	2.864932	1.905914
972	-1268.212	-1482.513	214.3016	1.033425	2.858298	2.390777
978	-1269.4	-1483.125	213.7246	0.9495817	4.104983	2.50851
984	-1283.638	-1497.837	214.1982	0.9267521	4.675323	2.10683
990	-1264.037	-1477.568	213.5318	0.8497338	3.780332	2.757465
996	-1249.453	-1463.513	214.0604	0.8138216	4.221212	2.358798
1002	-1265.448	-1479.209	213.7605	0.9102126	4.562972	2.420067
1008	-1255.917	-1470.374	214.4574	1.023794	3.219506	2.200147
1014	-1255.943	-1470.31	214.3664	0.8477927	3.159112	2.386491
1020	-1255.645	-1470.24	214.5956	1.087978	3.697434	1.947254
1026	-1254.735	-1469.258	214.523	1.102115	3.151971	2.124314
1032	-1259.71	-1474.552	214.8416	1.233941	2.994681	1.867431
1038	-1253.113	-1468.296	215.1835	1.220572	3.406541	1.515701
1044	-1248.042	-1463.113	215.0707	1.322313	3.435276	1.515701
1050	-1233.909	-1448.609	214.7003	1.087943	3.541663	1.914998
1056	-1230.903	-1445.616	214.7133	1.048001	3.614763	1.914998
1062	-1237.858	-1451.701	213.8428	0.8408052	3.559396	2.620972
1068	-1237.929	-1451.575	213.6464	0.7277131	3.101105	2.919205
1074	-1237.6	-1450.273	212.6732	0.7424047	3.819175	3.327582
1080	-1239.553	-1453.448	213.8947	0.8631581	3.819175	2.516844
1086	-1230.729	-1445.084	214.3549	0.887294	3.205818	2.356774
1092	-1238.779	-1452.48	213.7017	1.09474	3.238171	2.627549
1098	-1240.834	-1454.323	213.4892	0.7940392	3.384729	2.905656
1104	-1244.067	-1457.258	213.1912	0.6928966	2.833366	3.279864
1110	-1245.988	-1459.618	213.6305	0.9835975	3.275443	2.730529
1116	-1254.067	-1467.999	213.9321	0.9089152	3.508444	2.535069
1122	-1251.473	-1464.527	213.0536	0.9208814	3.685099	3.024135
1128	-1254.107	-1468.078	213.9711	0.9231756	3.071851	2.608987
1134	-1261.937	-1475.763	213.8255	0.893949	2.79444	2.789971
1140	-1263.147	-1477.552	214.4055	1.016017	3.727466	2.114005
1146	-1254.099	-1468.314	214.215	0.9777801	2.970639	2.449632
1152	-1256.067	-1470.126	214.059	0.9893762	3.323584	2.449632
1158	-1250.135	-1464.76	214.6244	1.014468	3.869979	1.936443
1164	-1248.951	-1463.133	214.1822	0.9762663	4.002608	2.223033
1170	-1264.497	-1478.822	214.3248	1.190469	3.366165	2.140443
1176	-1256.054	-1470.73	214.676	1.194187	2.935205	2.022819
1182	-1265.825	-1479.273	213.4484	0.912642	4.176793	2.687885
1188	-1261.806	-1475.251	213.4451	0.9194633	3.506958	2.82831
1194	-1249.077	-1463.136	214.0584	0.9515504	4.537049	2.20865
1200	-1245.139	-1459.859	214.7203	1.334284	3.770309	1.672813
1206	-1238.816	-1453.795	214.9788	1.232498	3.049768	1.757605
1212	-1237.268	-1451.983	214.715	0.9145388	3.735532	1.974397
1218	-1230.898	-1445.105	214.2071	1.060967	3.592686	2.24519
1224	-1244.149	-1458.127	213.9773	0.8498949	3.667239	2.507237
1230	-1241.031	-1454.654	213.6227	0.821442	3.171766	2.85931
1236	-1246.599	-1459.68	213.0814	0.6677007	3.768547	3.140855
1242	-1239.422	-1453.309	213.8871	0.8031549	4.974719	2.331614
1248	-1231.309	-1444.945	213.6367	0.7672345	3.966282	2.704435
1254	-1227.952	-1441.555	213.6021	0.8265673	3.758055	2.733463
1260	-1233.887	-1447.547	213.6603	0.9432353	3.947745	2.585235
1266	-1246.364	-1460.996	214.6322	0.9405247	3.947745	1.96299
1272	-1244.162	-1459.002	214.8401	1.117406	3.121115	1.911678
1278	-1248.463	-1462.722	214.2585	1.043683	3.429401	2.262537
1284	-1253.271	-1467.532	214.2609	0.7674727	3.429401	2.436505
1290	-1242.961	-1456.447	213.4861	0.8003376	3.670327	2.839254
1296	-1247.454	-1460.766	213.3127	0.8549005	3.290484	2.997411
1302	-1260.483	-1472.793	212.3102	0.8612392	3.402629	3.55962
1308	-1262.754	-1475.472	212.7173	0.9045401	3.324743	3.313717
1314	-1250.544	-1464.588	214.0444	0.767118	3.230989	2.61998
1320	-1250.436	-1464.306	213.8701	0.8868311	2.431472	2.871951
1326	-1254.59	-1468.279	213.6893	1.048054	3.470967	2.608146
1332	-1253.379	-1467.853	214.4743	1.086962	3.79655	2.005592
1338	-1252.443	-1466.555	214.1116	1.217949	3.569174	2.211158
1344	-1270.978	-1485.287	214.3096	1.046298	3.976664	2.100292
1350	-1271.328	-1485.505	214.1769	0.8577915	3.143965	2.503226
1356	-1278.548	-1491.962	213.4135	0.6238774	3.146732	3.10977
1362	-1270.916	-1484.14	213.2237	0.9594513	2.924813	3.078561
1368	-1257.817	-1470.86	213.0426	0.6220376	2.888577	3.394584
1374	-1254.561	-1467.482	212.9204	0.6700358	3.061899	3.394584
1380	-1252.593	-1466.49	213.8974	0.7698491	4.235737	2.486295
1386	-1251.527	-1466.229	214.702	0.9824542	2.970058	2.135202
1392	-1246.692	-1460.731	214.0394	0.9223349	3.138867	2.549991
1398	-1244.303	-1458.754	214.451	1.178557	3.228773	2.101047
1404	-1261.697	-1476.195	214.4982	1.081567	4.188835	1.904243
1410	-1247.573	-1461.651	214.0779	0.8115339	3.990965	2.397212
1416	-1246.87	-1460.61	213.7408	0.772074	3.41631	2.758885
1422	-1245.158	-1458.609	213.451	0.7037909	3.886119	2.872924
1428	-1245.982	-1459.779	213.7978	1.011724	4.403095	2.363317
1434	-1262.849	-1476.671	213.822	0.8166722	3.455988	2.672534
1440	-1247.809	-1461.914	214.1049	0.8519095	3.420598	2.4835
1446	-1241.2	-1455.803	214.6029	1.130535	3.420598	1.982578
1452	-1231.944	-1446.32	214.3763	1.059615	4.4363	1.948461
1458	-1242.855	-1457.391	214.5361	0.9620961	4.321216	1.930753
1464	-1246.351	-1461.755	215.4046	1.250899	2.748444	1.532989
1470	-1244.119	-1458.529	214.41	1.129338	3.510664	2.088621
1476	-1241.735	-1456.161	214.4259	1.077369	4.580581	1.873001
1482	-1248.192	-1462.378	214.186	1.096056	3.674073	2.217116
1488	-1253.569	-1466.834	213.2648	0.9960402	3.43989	2.906471
1494	-1235.5	-1449.703	214.2028	0.8436277	3.690804	2.363978
1500	-1245.411	-1459.443	214.0318	0.9265337	3.113394	2.558634
1506	-1270.515	-1484.868	214.3527	1.063716	3.113394	2.269642
1512	-1257.315	-1471.424	214.1097	0.8607378	3.923958	2.360339
1518	-1258.097	-1472.176	214.0787	0.8974072	4.175	2.303462
1524	-1246.239	-1459.676	213.4367	0.7872389	3.432722	2.930356
1530	-1250.708	-1464.016	213.3074	0.8675816	3.709763	2.898176
1536	-1237.792	-1450.704	212.9126	0.6992166	3.709763	3.234673
1542	-1242.992	-1457.003	214.0106	0.8229316	4.352051	2.358207
1548	-1257.379	-1471.29	213.9114	0.917704	4.142484	2.403516
1554	-1253.918	-1467.231	213.3133	0.7398099	3.906827	2.930024
1560	-1246.695	-1460.238	213.5423	0.8115895	3.998453	2.728424
1566	-1240.685	-1454.274	213.5891	0.7957813	3.815941	2.747802
1572	-1242.752	-1456.617	213.8658	1.003543	3.815941	2.447768
1578	-1246.109	-1460.096	213.9872	0.8603797	3.926463	2.437408
1584	-1249.77	-1463.626	213.856	0.7761872	4.538351	2.448967
1590	-1244.58	-1458.916	214.336	0.92435	3.529975	2.265051
1596	-1249.088	-1463.282	214.1938	0.9003124	3.351449	2.413975
1602	-1250.511	-1463.683	213.1724	0.7384935	3.255798	3.158891
1608	-1260.454	-1473.818	213.364	0.6556983	3.213751	3.104134
1614	-1259.418	-1472.837	213.419	0.8101771	3.605803	2.888134
1620	-1257.131	-1471.245	214.1137	0.9820513	3.31165	2.42277
1626	-1253.403	-1467.401	213.9981	1.09767	3.31165	2.42277
1632	-1244.372	-1457.477	213.1058	0.9112798	3.144789	3.122369
1638	-1244.774	-1457.726	212.9522	0.8428762	3.56418	3.157469
1644	-1240.355	-1453.315	212.9598	0.744959	3.030594	3.3352
1650	-1249.661	-1461.315	211.6536	0.7273984	3.124384	4.078096
1656	-1240.995	-1453.607	212.6126	0.863383	2.965985	3.485326
1662	-1241.386	-1453.853	212.4669	0.8794153	3.215261	3.500602
1668	-1239.555	-1452.516	212.9606	0.7363508	3.348494	3.263989
1674	-1242.585	-1455.762	213.1764	0.6229816	3.643765	3.137543
1680	-1242.544	-1455.873	213.329	0.8110514	3.711702	2.918813
1686	-1244.653	-1457.382	212.7295	0.5631221	3.587366	3.448459
1692	-1251.774	-1464.22	212.446	0.7468468	3.194155	3.594918
1698	-1247.714	-1462.608	214.8947	0.973332	3.194155	1.951999
1704	-1255.404	-1469.27	213.8665	0.8368409	4.075272	2.496466
1710	-1257.649	-1472.993	215.3437	1.437614	3.365052	1.231066
1716	-1262.338	-1477.531	215.1928	1.408576	4.662455	0.9958743
1722	-1258.525	-1473.593	215.068	1.18734	3.523955	1.592574
1728	-1243.633	-1457.647	214.0136	0.9522814	3.780478	2.394769
1734	-1239.296	-1453.994	214.6981	1.049308	3.780478	1.88408
1740	-1247.786	-1461.996	214.2095	1.24093	3.722804	2.096139
1746	-1249.946	-1464.597	214.6512	1.24093	3.771208	1.786878
1752	-1257.558	-1471.736	214.1782	0.9151914	4.078102	2.248675
1758	-1245.736	-1460.067	214.3308	0.9946634	3.425085	2.248675
1764	-1255.954	-1469.84	213.8856	0.8524669	3.278959	2.653526
1770	-1262.156	-1476.727	214.5715	1.307965	6.223973	1.275223
1776	-1265.294	-1479.552	214.2583	1.183035	4.875461	1.856111
1782	-1263.568	-1477.592	214.0249	0.9237949	4.453383	2.264594
1788	-1254.552	-1468.255	213.7027	0.8142831	3.66514	2.699725
1794	-1244.961	-1459.06	214.0986	0.717927	3.66514	2.514407
1800	-1238.004	-1451.464	213.4599	0.7894852	3.178003	2.975305
1806	-1240.814	-1454.575	213.7614	0.9892798	3.327959	2.63389
1812	-1251.529	-1464.863	213.3335	0.75902	3.240914	3.054158
1818	-1243.436	-1457.85	214.4137	1.130818	3.592899	2.065164
1824	-1242.477	-1456.437	213.9599	0.834527	3.592899	2.544596
1830	-1238.884	-1452.209	213.3242	0.7650279	4.156192	2.857813
1836	-1247.384	-1461.095	213.7106	0.5991416	3.598872	2.840888
1842	-1267.824	-1481.206	213.3819	0.8280277	4.030848	2.809669
1848	-1262.081	-1474.951	212.8698	1.036513	3.527036	3.099437
1854	-1251.623	-1464.452	212.8285	0.9062986	3.527036	3.201397
1860	-1249.989	-1463.421	213.4327	0.9320772	4.53738	2.615772
1866	-1249.339	-1462.246	212.9061	0.881793	3.343014	3.21147
1872	-1264.572	-1478.05	213.4781	0.7998671	3.031472	2.994528
1878	-1258.845	-1472.121	213.2766	0.8407192	3.43261	2.994528
1884	-1248.408	-1461.32	212.912	0.7522943	3.701192	3.205418
1890	-1251.813	-1465.138	213.3254	0.7049031	3.144444	3.114575
1896	-1257.817	-1470.671	212.8542	0.8579229	2.798941	3.390038
1902	-1247.395	-1461.672	214.2772	1.115722	3.577063	2.168228
1908	-1240.928	-1455.355	214.4269	1.062267	3.133442	2.217539
1914	-1234.086	-1447.715	213.6292	1.03012	3.425923	2.666836
1920	-1253.493	-1468.012	214.5189	1.152596	3.126205	2.100812
1926	-1244.553	-1458.877	214.3245	0.9604752	3.943608	2.153992
1932	-1250.822	-1463.322	212.5002	0.6931569	3.236547	3.584718
1938	-1240.851	-1454.151	213.3004	0.9553079	3.744939	2.841724
1944	-1245.084	-1458.592	213.508	0.8441899	3.603691	2.814054
1950	-1239.358	-1453.384	214.0257	0.9671366	3.603691	2.41784
1956	-1235.039	-1449.012	213.9732	0.9493665	4.006085	2.373044
1962	-1234.53	-1447.281	212.7511	1.007106	4.551571	2.982541
1968	-1239.756	-1453.142	213.3863	1.020055	2.916117	2.947013
1974	-1242.1	-1455.09	212.9907	0.9111362	4.518439	2.90205
1980	-1250.437	-1464.345	213.908	1.101212	3.032323	2.548007
1986	-1250.702	-1464.634	213.9327	1.101212	3.664669	2.377856
1992	-1239.513	-1453.123	213.6103	1.007737	3.664669	2.637645
1998	-1247.999	-1460.109	212.1091	0.518462	3.696609	3.811153
2004	-1250.172	-1464.62	214.4474	0.9597826	3.200643	2.252752
2010	-1247.967	-1461.546	213.5791	0.8915809	2.95324	2.89856
2016	-1244.89	-1458.821	213.9312	0.7325042	2.95324	2.78138
2022	-1251.579	-1465.502	213.9229	0.9332657	3.461776	2.536576
2028	-1252.886	-1467.426	214.5401	1.001978	4.073166	1.955271
2034	-1254.033	-1468.44	214.4071	1.09044	4.122681	1.97415
2040	-1250.2	-1465.15	214.9504	1.031139	4.215727	1.617324
2046	-1251.454	-1466.432	214.9776	1.189195	4.034531	1.525076
2052	-1249.388	-1463.284	213.8965	1.069602	4.034531	2.339364
2058	-1249.094	-1463.08	213.9857	0.9836975	3.402579	2.47998
2064	-1247.191	-1460.981	213.7898	0.8079104	3.420206	2.706066
2070	-1270.765	-1484.262	213.497	0.6357212	4.021103	2.858527
2076	-1265.257	-1478.634	213.3767	0.7342186	4.994146	2.690046
2082	-1252.608	-1465.751	213.1431	0.783396	3.923414	3.002741
2088	-1271.171	-1483.622	212.4502	0.7610955	3.636688	3.485435
2094	-1273.025	-1486.347	213.3218	0.9370994	3.433665	2.909025
2100	-1246.823	-1460.139	213.3157	0.8897573	3.5763	2.909025
2106	-1251.475	-1464.575	213.0998	0.7747769	3.114739	3.214296
2112	-1242.468	-1455.696	213.2281	0.8852648	3.469692	2.988443
2118	-1246.346	-1459.961	213.6157	0.8667864	3.246837	2.817718
2124	-1243.701	-1457.102	213.4009	0.8842284	3.750187	2.822717
2130	-1246.424	-1459.849	213.4256	1.02937	3.750187	2.719067
2136	-1238.187	-1451.908	213.7208	0.9226547	3.77836	2.596881
2142	-1249.937	-1462.818	212.8808	0.83046	4.148108	3.086586
2148	-1244.426	-1457.433	213.0071	0.7041903	4.148108	3.086586
2154	-1249.279	-1463.21	213.9306	1.097494	3.799835	2.351028
2160	-1252.46	-1466.358	213.8985	1.097494	4.122455	2.301725
2166	-1255.643	-1469.341	213.6971	1.01548	3.972845	2.51209
2172	-1242.156	-1455.445	213.2887	0.9317683	3.874921	2.835441
2178	-1249.993	-1463.456	213.4626	1.035677	3.226506	2.813082
2184	-1253.829	-1467.785	213.9563	1.244538	3.129066	2.402721
2190	-1256.593	-1469.289	212.6958	0.9374365	3.40761	3.288131
2196	-1251.904	-1465.721	213.8174	1.07572	3.894745	2.415568
2202	-1253.725	-1467.688	213.9634	0.9073465	4.352455	2.334484
2208	-1247.699	-1461.704	214.0051	1.002769	3.255882	2.491728
2214	-1252.747	-1467.198	214.4506	1.000155	3.029742	2.270006
2220	-1251.928	-1466.073	214.1446	1.062659	3.259307	2.365375
2226	-1249.689	-1464.12	214.4306	0.9523339	3.193455	2.270158
2232	-1259.339	-1473.363	214.0233	1.042551	3.193455	2.471105
2238	-1258.47	-1472.731	214.261	0.9611344	3.334355	2.337153
2244	-1258.278	-1471.67	213.3928	0.9698869	3.736285	2.778503
2250	-1242.806	-1455.711	212.9047	0.6704057	4.010863	3.194599
2256	-1247.565	-1460.556	212.9909	0.7047468	3.664932	3.194599
2262	-1250.016	-1463.192	213.1761	0.9143498	4.511667	2.788921
2268	-1253.322	-1466.474	213.1523	0.8322368	3.440084	3.07232
2274	-1265.799	-1479.157	213.3582	0.9858514	2.96694	2.971295
2280	-1259.527	-1473.264	213.7367	0.9595559	3.299995	2.674133
2286	-1274.865	-1488.707	213.8425	0.8879481	3.299995	2.653111
2292	-1262.458	-1476.083	213.6242	1.080862	3.74383	2.566243
2298	-1258.563	-1473.392	214.8289	1.107162	2.893991	1.990875
2304	-1247.294	-1461.865	214.5712	1.26187	3.25561	1.958915
2310	-1246.689	-1461.34	214.6501	1.26187	3.25561	1.90566
2316	-1257.095	-1472.288	215.1931	1.18937	2.945139	1.668165
2322	-1250.761	-1465.805	215.0437	1.189578	3.444414	1.630305
2328	-1259.403	-1474.113	214.7101	1.37174	3.80773	1.643884
2334	-1240.636	-1454.903	214.2669	1.220692	3.82885	2.046961
2340	-1236.797	-1452.041	215.2441	1.351632	3.011637	1.491237
2346	-1243.145	-1458.339	215.1931	1.289675	3.733396	1.362736
2352	-1242.971	-1457.737	214.7662	1.289929	5.195917	1.34181
2358	-1247.195	-1462.27	215.0752	1.374841	3.834001	1.360654
2364	-1248.643	-1463.178	214.5351	1.14962	3.285649	2.049821
2370	-1247.56	-1462.384	214.8239	1.130265	3.001912	1.947573
2376	-1256.106	-1470.257	214.1511	1.202109	4.576757	1.975126
2382	-1247.052	-1461.398	214.3456	1.019637	3.664114	2.16552
2388	-1248.326	-1462.573	214.2475	1.004506	3.988372	2.16552
2394	-1258.844	-1472.516	213.6722	0.9706821	3.507289	2.658023
2400	-1251.301	-1465.099	213.7981	0.9934643	3.600107	2.544681
2406	-1259.142	-1473.242	214.1004	0.9305291	3.787628	2.35198
2412	-1270.989	-1486.143	215.1537	1.382159	2.744128	1.621989
2418	-1253.677	-1468.694	215.0169	1.306326	2.864271	1.735036
2424	-1252.708	-1467.617	214.9082	1.162212	3.18009	1.81812
2430	-1249.036	-1463.77	214.7343	1.146149	3.6773	1.81812
2436	-1263.186	-1478.027	214.8407	1.110196	3.561514	1.79864
2442	-1261.678	-1476.577	214.8988	1.354887	4.258464	1.403473
2448	-1253.684	-1468.94	215.2556	1.386919	3.013802	1.455143
2454	-1251.416	-1466.275	214.8589	1.190786	3.053064	1.868206
2460	-1259.3	-1474.477	215.1771	1.19509	3.053064	1.642668
2466	-1257.204	-1472.357	215.1538	1.19509	3.204824	1.614503
2472	-1253.858	-1468.337	214.4792	1.369491	4.127018	1.732608
2478	-1256.586	-1470.803	214.2167	0.9621884	3.425769	2.342216
2484	-1274.921	-1488.657	213.7363	1.11057	4.211985	2.377994
2490	-1271.024	-1485.051	214.027	1.017365	3.635261	2.377994
2496	-1270.355	-1483.047	212.692	0.9527658	3.285721	3.309279
2502	-1270.806	-1483.618	212.812	0.8143654	3.772399	3.212896
2508	-1263.326	-1477.193	213.8668	0.9573864	3.971935	2.442407
2514	-1258.701	-1472.339	213.6373	0.9690574	3.971935	2.578429
2520	-1255.52	-1469.075	213.5544	0.98773	4.187247	2.573958
2526	-1261.987	-1474.289	212.3019	0.8006665	3.794238	3.516008
2532	-1260.196	-1474.236	214.04	0.9994338	3.794238	2.345106
2538	-1261.051	-1474.601	213.5494	0.8920098	4.931396	2.496287
2544	-1264.722	-1477.922	213.2005	0.730422	3.155253	3.17105
2550	-1254.627	-1466.252	211.6249	0.6170866	3.161083	4.1487
2556	-1265.282	-1477.845	212.5629	0.589835	4.060121	3.433615
2562	-1254.09	-1468.245	214.1543	0.8925783	3.503305	2.407249
2568	-1248.861	-1462.417	213.5561	0.8191911	3.799385	2.757209
2574	-1238.435	-1452.226	213.7904	0.9083829	2.963945	2.757209
2580	-1245.76	-1459.948	214.1879	0.9940365	3.224958	2.390064
2586	-1250.26	-1463.614	213.355	0.9244929	4.519594	2.671727
2592	-1261.009	-1474.488	213.4784	0.7963193	3.696577	2.840617
2598	-1255.909	-1469.142	213.2326	0.7532917	4.066069	2.938138
2604	-1259.668	-1472.327	212.6589	0.8137124	3.120584	3.449376
2610	-1253.961	-1467.816	213.8553	0.9860001	2.778249	2.720028
2616	-1238.933	-1452.731	213.7985	0.7627349	3.640382	2.678031
2622	-1240.229	-1454.571	214.3422	1.106476	3.922631	2.051253
2628	-1251.717	-1465.855	214.1383	1.246139	3.922631	2.09362
2634	-1267.824	-1481.108	213.284	0.7799178	3.572349	2.995134
2640	-1247.382	-1460.588	213.2062	0.7296378	2.555065	3.325354
2646	-1244.946	-1457.936	212.9895	0.7864286	3.096907	3.276957
2652	-1250.862	-1463.709	212.8473	0.8628187	3.8785	3.14119
2658	-1255.002	-1468.404	213.402	0.8628187	3.8785	2.807735
2664	-1258.393	-1471.481	213.0882	0.8004917	3.8785	3.034653
2670	-1249.818	-1463.025	213.2072	1.003351	3.0326	3.034653
2676	-1245.185	-1458.649	213.4647	0.9304205	3.580449	2.79311
2682	-1249.401	-1463.128	213.727	0.8173635	3.685725	2.678347
2688	-1241.307	-1455.113	213.8064	0.7741484	2.916338	2.841672
2694	-1239.372	-1453.292	213.9204	0.987821	3.434521	2.51054
2700	-1240.289	-1454.032	213.7437	0.8255667	2.989729	2.829359
2706	-1253.784	-1466.912	213.1272	0.7178436	3.881886	3.060059
2712	-1248.21	-1462.265	214.055	1.053134	3.485492	2.372749
2718	-1252.021	-1466.289	214.2687	0.9899532	4.542529	2.044968
2724	-1243.433	-1457.421	213.988	0.9282935	4.334161	2.309128
2730	-1249.556	-1463.823	214.2677	0.9379117	3.492247	2.309128
2736	-1252.33	-1466.641	214.3103	0.9124286	3.446958	2.309128
2742	-1251.21	-1465.472	214.2625	0.8242854	3.446958	2.395426
2748	-1249.321	-1463.489	214.1684	0.9184586	3.446958	2.395426
2754	-1260.978	-1475.208	214.2301	0.9950376	3.914136	2.199371
2760	-1257.352	-1471.601	214.2485	1.083272	3.666071	2.186802
2766	-1243.952	-1458.674	214.722	1.155439	3.277716	1.923084
2772	-1252.793	-1467.036	214.2429	1.074492	3.576317	2.21732
2778	-1255.43	-1469.579	214.148	1.242598	3.783042	2.121327
2784	-1251.891	-1466.327	214.4357	1.058881	4.665975	1.861473
2790	-1259.433	-1474.233	214.8004	1.203624	3.529547	1.769997
2796	-1264.237	-1478.886	214.6486	1.218476	4.385638	1.660887
2802	-1261.719	-1475.861	214.1416	1.193707	4.211837	2.062689
2808	-1271.857	-1486.583	214.7262	1.131933	2.825555	2.062689
2814	-1259.436	-1473.771	214.335	1.138254	3.540705	2.124625
2820	-1255.229	-1469.808	214.5789	1.167993	3.456531	1.964363
2826	-1244.01	-1458.476	214.4659	1.16986	4.462656	1.806706
2832	-1256.132	-1470.037	213.9053	1.087221	3.918398	2.347514
2838	-1248.936	-1462.5	213.5633	0.9442145	3.074907	2.845064
2844	-1258.398	-1472.719	214.3206	0.969037	3.074907	2.360704
2850	-1253.812	-1467.383	213.5711	0.8506592	3.350207	2.829882
2856	-1258.32	-1472.675	214.3551	0.8506592	3.006077	2.431977
2862	-1250.883	-1464.565	213.6825	0.8723495	3.054185	2.821583
2868	-1253.763	-1468.078	214.3151	1.043908	4.366184	2.014495
2874	-1249.129	-1464.265	215.1367	1.343261	3.692481	1.376541
2880	-1255.746	-1470.458	214.7125	1.385605	3.692481	1.661513
2886	-1262.174	-1476.869	214.6951	1.287786	4.024669	1.661513
2892	-1263.866	-1478.585	214.7193	1.258942	4.866514	1.473553
2898	-1263.106	-1478.207	215.1007	1.357997	3.565385	1.429045
2904	-1264.208	-1478.657	214.4489	1.271445	4.091395	1.829996
2910	-1254.285	-1469.642	215.3562	1.313355	3.281485	1.349007
2916	-1249.338	-1464	214.6621	1.246757	3.281485	1.90081
2922	-1240.532	-1454.72	214.1876	1.032446	4.011328	2.181311
2928	-1245.195	-1458.986	213.791	0.9355024	5.313971	2.248978
2934	-1261.587	-1475.36	213.773	0.9159444	3.956762	2.530232
2940	-1248.61	-1461.97	213.3597	0.8084775	3.640093	2.917427
2946	-1247.145	-1460.984	213.8383	0.9386934	3.030851	2.691885
2952	-1240.442	-1454.848	214.4064	1.08986	3.554638	2.106169
2958	-1242.75	-1456.776	214.0259	0.9065255	3.711439	2.431299
2964	-1243.63	-1458.168	214.5385	0.8920247	3.029831	2.282937
2970	-1243.31	-1457.954	214.644	1.018802	4.224046	1.839806
2976	-1243.587	-1458.378	214.7909	1.178798	3.25556	1.866411
2982	-1243.108	-1458.144	215.036	1.185236	3.175801	1.714139
2988	-1247.078	-1461.639	214.5613	1.294503	2.551228	2.147699
2994	-1238.323	-1451.62	213.2968	0.8167595	2.838694	3.142546
3000	-1237.17	-1450.521	213.3509	0.7840225	3.305613	3.013468
3006	-1243.093	-1456.534	213.4407	0.9732019	3.089118	2.898151
3012	-1236.008	-1450.278	214.2706	1.024651	3.679675	2.207307
3018	-1254.36	-1468.865	214.5049	1.075152	3.558663	2.050045
3024	-1241.056	-1455.344	214.2876	1.053112	3.596652	2.197424
3030	-1252.301	-1465.921	213.6205	1.053112	3.808509	2.571573
3036	-1249.26	-1463.6	214.3398	0.9700664	3.808509	2.168124
3042	-1243.303	-1458.352	215.0487	1.295945	3.374812	1.568662
3048	-1253.228	-1467.859	214.6311	1.244891	4.085219	1.723091
3054	-1245.207	-1460.388	215.181	1.180586	2.847853	1.71318
3060	-1244.337	-1459.33	214.9923	1.223031	3.650482	1.587808
3066	-1242.764	-1457.84	215.0757	1.266294	4.175705	1.35519
3072	-1237.77	-1452.299	214.5289	1.154265	4.175705	1.836569
3078	-1250.436	-1465.74	215.3041	1.205506	3.372625	1.445883
3084	-1266.156	-1481.374	215.2174	1.691563	3.800032	0.9656397
3090	-1259.191	-1474.884	215.6931	1.568561	3.000556	0.9181155
3096	-1270.893	-1486.37	215.4772	1.654078	3.249635	0.9481642
3102	-1260.199	-1474.942	214.7431	1.234079	4.211431	1.621513
3108	-1247.979	-1462.08	214.101	1.032177	3.145554	2.441081
3114	-1258.971	-1473.086	214.1153	0.9179402	3.786403	2.350764
3120	-1258.376	-1472.355	213.9798	0.8691782	4.340251	2.350764
3126	-1252.184	-1465.767	213.5833	0.9868115	3.713845	2.656294
3132	-1264.116	-1479.293	215.1769	1.398565	3.49982	1.357014
3138	-1262.073	-1476.638	214.5651	1.304367	3.906564	1.769885
3144	-1247.944	-1462.532	214.5881	1.024618	4.508919	1.812781
3150	-1250.541	-1465.371	214.83	1.110358	4.508919	1.580362
3156	-1256.849	-1471.616	214.7673	1.212207	4.645175	1.521177
3162	-1261.862	-1476.145	214.2831	0.9975166	4.22626	2.095634
3168	-1253.563	-1467.138	213.575	0.9284418	3.168587	2.824115
3174	-1266.611	-1479.217	212.6059	0.7814279	3.669487	3.375434
3180	-1267.469	-1480.291	212.822	0.8531612	2.939493	3.375434
3186	-1254.156	-1467.364	213.2074	0.8343149	3.615902	2.998856
3192	-1272.384	-1485.207	212.8234	0.9829826	3.450638	3.175953
3198	-1255.983	-1468.732	212.7486	1.044832	4.272456	3.013451
3204	-1243.151	-1457.242	214.0915	0.9930779	2.877551	2.542534
3210	-1243.272	-1456.98	213.7088	0.9815803	3.70125	2.584784
3216	-1242.669	-1456.531	213.8615	0.8598887	2.594339	2.845174
3222	-1247.523	-1460.2	212.6765	0.7960398	3.287692	3.409949
3228	-1256.021	-1469.362	213.3403	0.7960398	3.38974	2.992969
3234	-1257.989	-1471.389	213.4002	0.7243041	4.167662	2.834144
3240	-1253.3	-1467.237	213.9367	0.9280716	3.784815	2.457488
3246	-1266.009	-1479.873	213.8639	0.9210029	3.353073	2.606697
3252	-1259.813	-1473.593	213.7807	0.9699754	3.172017	2.67214
3258	-1259.405	-1472.64	213.2348	0.7721756	2.833017	3.207287
3264	-1256.482	-1471.042	214.5604	1.196943	4.341254	1.748372
3270	-1260.349	-1474.713	214.3642	0.8772856	3.6072	2.258885
3276	-1247.367	-1461.562	214.1944	0.914924	3.337375	2.407883
3282	-1257.4	-1471.596	214.1965	0.8981208	3.400442	2.401708
3288	-1262.576	-1477.109	214.5334	1.09955	4.215389	1.862136
3294	-1257.71	-1471.788	214.078	0.8926123	3.077527	2.560244
3300	-1264.497	-1478.713	214.2164	0.8170265	3.053676	2.527335
3306	-1267.523	-1482.29	214.767	0.9937749	3.225716	2.015187
3312	-1258.83	-1474.07	215.24	1.1694	3.001401	1.631523
3318	-1259.975	-1474.031	214.0561	1.050219	2.613593	2.603798
3324	-1246.157	-1459.379	213.2221	0.7974735	3.767707	2.979405
3330	-1243.757	-1458.089	214.3325	0.9542588	3.445242	2.268601
3336	-1255.202	-1469.605	214.4027	0.9860807	3.653859	2.152664
3342	-1251.27	-1465.369	214.0987	1.009499	4.497753	2.152664
3348	-1260.112	-1474.203	214.0916	0.9968192	4.695159	2.126891
3354	-1258.003	-1471.81	213.8064	0.8206856	4.850655	2.394041
3360	-1257.699	-1472.104	214.4046	0.8912245	4.366039	2.056405
3366	-1253.216	-1467.523	214.3066	0.9182531	4.597272	2.056405
3372	-1239.394	-1452.843	213.4491	0.8944409	4.103474	2.713317
3378	-1237.879	-1452.21	214.3316	0.9880449	3.840432	2.1545
3384	-1253.204	-1467.254	214.0507	1.053079	4.914211	2.075179
3390	-1244.829	-1459.584	214.7552	1.052469	4.001471	1.790415
3396	-1242.076	-1456.02	213.9436	1.009055	4.864279	2.183244
3402	-1244.592	-1458.637	214.0453	0.9743136	4.715985	2.167761
3408	-1246.939	-1460.823	213.8838	0.8192037	4.773775	2.360092
3414	-1240.542	-1454.163	213.6206	0.7412187	4.203486	2.682066
3420	-1236.73	-1450.023	213.2934	0.7465211	3.104135	3.118685
3426	-1236.95	-1449.212	212.2625	0.6708326	2.797867	3.842315
3432	-1229.396	-1442.661	213.2653	0.6768624	3.803002	3.018386
3438	-1244.991	-1458.692	213.7011	0.7897184	3.927591	2.659127
3444	-1246.061	-1460.148	214.087	1.012726	3.927591	2.277111
3450	-1246.673	-1460.914	214.2407	0.953599	3.927591	2.216328
3456	-1247.823	-1462.498	214.6757	0.9788034	3.259431	2.076608
3462	-1261.133	-1475.234	214.1012	0.8661139	3.909223	2.365524
3468	-1253.404	-1467.701	214.2964	0.9836267	3.079723	2.365524
3474	-1253.984	-1467.971	213.9863	0.8189149	3.277964	2.612316
3480	-1254.577	-1467.013	212.4353	0.5936934	3.236654	3.679972
3486	-1255.127	-1467.718	212.5912	0.6297634	3.031997	3.617407
3492	-1256.908	-1469.859	212.9509	0.877042	3.703522	3.107683
3498	-1258.14	-1472.069	213.9296	0.7631614	2.77445	2.811738
3504	-1260.438	-1475.966	215.5278	1.340735	2.386027	1.504351
3510	-1259.472	-1475.25	215.7783	1.412361	2.386027	1.251132
3516	-1241.17	-1455.834	214.6633	1.311921	3.029065	1.925634
3522	-1244.204	-1459.095	214.8906	1.277649	3.729115	1.601507
3528	-1252.808	-1467.758	214.9499	1.186015	3.820877	1.601507
3534	-1247.015	-1461.985	214.9696	1.240882	3.604971	1.603448
3540	-1248.211	-1463.243	215.0319	1.267282	4.048416	1.421346
3546	-1242.52	-1457.027	214.5066	1.069597	3.361124	2.10187
3552	-1241.869	-1455.511	213.6416	0.8216766	4.516959	2.55859
3558	-1239.036	-1453.051	214.0146	0.8311989	4.516959	2.317937
3564	-1236.03	-1450.359	214.3286	0.9088995	3.64099	2.253491
3570	-1244.22	-1458.747	214.5266	1.097586	3.532174	2.02728
3576	-1250.231	-1464.852	214.6217	1.044208	3.421561	2.02728
3582	-1249.99	-1464.68	214.6903	0.920544	3.098115	2.148075
3588	-1247.179	-1461.339	214.1605	0.9373575	4.064203	2.248786
3594	-1259.29	-1472.568	213.2782	1.041273	3.808879	2.789187
3600	-1251.109	-1465.181	214.0722	0.7904509	3.808879	2.453532
3606	-1244.329	-1458.044	213.7149	0.8723913	3.586802	2.674097
3612	-1243.384	-1457.08	213.6965	0.7740924	4.149643	2.625822
3618	-1241.334	-1455.365	214.031	0.9405819	3.793351	2.388276
3624	-1243.959	-1458.551	214.5923	1.038083	3.325448	2.07533
3630	-1243.746	-1457.37	213.6234	0.9870083	4.486661	2.472582
3636	-1255.234	-1469.702	214.4679	1.012491	3.830612	2.051322
3642	-1246.429	-1460.726	214.2976	0.9429	4.489001	2.067722
3648	-1246.178	-1460.248	214.0701	0.9214062	4.152706	2.298285
3654	-1237.964	-1452.326	214.3617	0.9712396	3.589119	2.204186
3660	-1239.373	-1453.456	214.0831	1.03304	3.802647	2.294303
3666	-1247.382	-1461.402	214.0198	1.102433	4.024274	2.241683
3672	-1244.074	-1457.521	213.4466	0.913171	4.513064	2.623482
3678	-1263.682	-1477.576	213.8936	1.143381	4.332367	2.232122
3684	-1242.817	-1457.396	214.5787	1.031016	4.052476	1.914314
3690	-1241.128	-1455.352	214.2236	0.9353652	4.518081	2.115482
3696	-1249.743	-1463.709	213.9656	1.019505	3.16923	2.527733
3702	-1250.761	-1463.166	212.4057	1.004091	4.032313	3.288111
3708	-1248.229	-1462.567	214.3377	1.171607	3.307294	2.159257
3714	-1245.451	-1458.889	213.4381	0.8626077	3.759581	2.811193
3720	-1241.585	-1456.205	214.6193	1.166992	3.101517	2.031822
3726	-1250.073	-1464.115	214.042	1.154058	3.553914	2.300533
3732	-1251.762	-1466.363	214.6004	1.048183	3.683858	1.974027
3738	-1259.493	-1473.462	213.9683	0.8096354	3.386999	2.602871
3744	-1256.828	-1470.782	213.9538	0.82411	3.386999	2.602871
3750	-1251.253	-1465.664	214.4111	0.9801409	4.417101	1.982408
3756	-1246.438	-1460.806	214.3686	1.014891	3.942124	2.089852
3762	-1253.617	-1466.881	213.264	0.6394648	3.942124	3.012771
3768	-1252.281	-1465.946	213.6658	0.88978	3.942124	2.616098
3774	-1246.174	-1459.837	213.663	1.067	3.045921	2.716812
3780	-1261.327	-1475.429	214.1019	0.85953	2.919768	2.607474
3786	-1267.623	-1482.202	214.5782	1.036172	2.71826	2.252976
3792	-1247.917	-1461.883	213.9655	0.933696	4.258986	2.335245
3798	-1247.734	-1461.403	213.6694	0.8541591	4.750711	2.477456
3804	-1250.252	-1463.855	213.6029	0.8666493	4.002566	2.656546
3810	-1247.04	-1460.637	213.5972	0.7932703	3.352825	2.848286
3816	-1249.857	-1463.635	213.778	0.9047638	4.207544	2.482235
3822	-1255.142	-1468.287	213.1452	0.8483931	4.343942	2.87924
3828	-1259.688	-1472.069	212.3802	0.7302706	3.260317	3.627298
3834	-1256.369	-1468.983	212.6143	0.7529665	3.536238	3.415865
3840	-1253.92	-1467.209	213.289	0.7464502	3.018104	3.142776
3846	-1246.992	-1460.184	213.1921	0.9189275	3.018104	3.097778
3852	-1238.494	-1451.734	213.2407	1.014221	3.695642	2.852879
3858	-1252.957	-1466.016	213.0589	0.8891851	4.008521	2.972461
3864	-1248.454	-1462.284	213.8291	0.836805	3.431793	2.661449
3870	-1267.65	-1481.83	214.18	0.9218416	3.603721	2.34886
3876	-1262.817	-1477.209	214.3928	1.056391	3.189743	2.228543
3882	-1264.94	-1479.419	214.4788	1.070018	3.686156	2.039916
3888	-1252.015	-1466.323	214.3081	0.9165635	3.14147	2.384421
3894	-1243.847	-1457.912	214.0652	0.894658	3.130081	2.553373
3900	-1253.138	-1465.758	212.6203	0.8719756	3.01749	3.462987
3906	-1248.16	-1463.003	214.8427	1.319062	3.55926	1.650718
3912	-1253.812	-1468.148	214.3364	1.11523	3.524974	2.142589
3918	-1251.335	-1466.239	214.9038	1.246418	2.996905	1.815492
3924	-1258.706	-1473.837	215.131	1.288124	3.255427	1.548331
3930	-1248.135	-1462.201	214.0663	0.9560357	3.18144	2.501383
3936	-1257.438	-1471.004	213.5662	1.069684	3.640527	2.632045
3942	-1257.834	-1471.664	213.83	1.043464	4.12652	2.378794
3948	-1261.648	-1476.602	214.9541	1.280805	3.179505	1.70338
3954	-1245.693	-1460.073	214.3808	1.084406	2.895753	2.297581
3960	-1255.606	-1470.204	214.5982	1.124736	4.373589	1.765346
3966	-1252.646	-1467.204	214.5583	0.9300324	3.591344	2.102491
3972	-1248.614	-1462.557	213.9426	0.8758003	4.454817	2.347515
3978	-1252.647	-1466.18	213.5333	0.645623	2.859043	3.098293
3984	-1246.743	-1460.095	213.3519	0.9910146	3.186118	2.917023
3990	-1246.141	-1459.315	213.1749	1.006581	3.186118	3.014126
3996	-1246.235	-1459.818	213.5828	0.8188054	3.589392	2.787175
4002	-1241.913	-1454.512	212.5991	0.697756	3.09988	3.556832
4008	-1240.642	-1454.677	214.0357	0.986228	3.709436	2.37526
4014	-1250.531	-1463.82	213.2893	0.931131	3.709436	2.870752
4020	-1244.885	-1458.483	213.5975	0.9193179	3.385763	2.763616
4026	-1247.584	-1461.652	214.0685	1.081642	4.137504	2.199496
4032	-1238.172	-1452.587	214.4151	1.013042	3.356327	2.199496
4038	-1246.418	-1460.713	214.2945	1.100779	2.820279	2.363284
4044	-1247.243	-1461.057	213.8142	0.9023855	2.930198	2.755212
4050	-1249.584	-1463.04	213.456	0.8209257	4.629168	2.652938
4056	-1248.692	-1461.471	212.7792	0.6743478	3.621373	3.346824
4062	-1249.559	-1461.791	212.2321	0.6824078	3.874213	3.609171
4068	-1253.881	-1467.531	213.6505	0.7968106	3.762096	2.721158
4074	-1248.802	-1462.238	213.4356	0.9320583	3.77117	2.767928
4080	-1261.224	-1475.3	214.0762	0.9454684	3.677132	2.382773
4086	-1252.531	-1467.126	214.595	0.9272099	3.92016	2.003032
4092	-1256.02	-1470.387	214.3673	0.9906246	3.664523	2.170186
4098	-1249.695	-1464.423	214.7277	1.083551	3.454555	1.921538
4104	-1244.017	-1458.015	213.9976	0.9748444	3.598964	2.431801
4110	-1245.501	-1459.449	213.948	0.8200809	4.192072	2.431801
4116	-1251.554	-1465.741	214.1864	1.058045	3.795998	2.213363
4122	-1242.651	-1457.13	214.4798	0.9015391	4.27496	2.018823
4128	-1259.089	-1473.267	214.1783	0.9410071	4.27496	2.190694
4134	-1251.599	-1465.663	214.0642	0.9225056	4.707647	2.190694
4140	-1258.818	-1472.237	213.4193	1.062779	3.514098	2.755119
4146	-1247.88	-1460.648	212.7677	0.6892784	3.346706	3.405521
4152	-1261.472	-1475.799	214.3261	1.090277	3.180674	2.252024
4158	-1268.06	-1482.817	214.7577	1.14514	3.647144	1.810182
4164	-1263.973	-1477.691	213.7182	0.9141025	3.066218	2.771348
4170	-1253.823	-1467.613	213.7895	0.8046817	5.132619	2.364726
4176	-1245.877	-1458.935	213.0578	0.8580218	4.201175	2.953683
4182	-1250.695	-1463.74	213.0444	0.8083889	2.848751	3.294263
4188	-1238.92	-1452.212	213.2915	0.6622061	2.989815	3.19842
4194	-1240.754	-1454	213.2459	0.7561453	3.37924	3.075766
4200	-1243.26	-1455.736	212.4757	0.8585943	3.454543	3.453105
4206	-1248.775	-1463.087	214.3127	0.9623496	3.130962	2.355245
4212	-1241.022	-1453.424	212.4012	0.8707638	3.90034	3.395412
4218	-1246.603	-1460.114	213.5105	0.7159217	3.774235	2.853172
4224	-1244.701	-1458.088	213.3869	0.8368811	3.781658	2.853172
4230	-1251.402	-1464.73	213.3283	0.8954693	3.781658	2.853172
4236	-1249.593	-1463.235	213.642	1.002656	3.888056	2.572438
4242	-1245.489	-1458.112	212.623	0.7913231	3.378762	3.423224
4248	-1244.958	-1458.294	213.3356	0.7821588	2.942486	3.112992
4254	-1262.973	-1476.936	213.9625	0.7789024	3.496022	2.599797
4260	-1250.48	-1464.174	213.694	0.6348206	3.831834	2.778628
4266	-1244.417	-1456.755	212.3378	0.7237189	3.616744	3.576914
4272	-1240.997	-1454.116	213.1188	0.5784823	3.256018	3.28524
4278	-1248.81	-1462.011	213.2011	1.02708	3.226322	2.976383
4284	-1256.268	-1469.304	213.0359	0.6963148	3.48178	3.212962
4290	-1242.133	-1455.247	213.1142	0.7593597	3.48178	3.129083
4296	-1244.384	-1457.265	212.8803	0.686641	2.875219	3.455232
4302	-1263.502	-1476.106	212.6041	0.622963	2.875219	3.652999
4308	-1257.357	-1471.073	213.7156	0.9547811	2.875219	2.797998
4314	-1248.477	-1463.206	214.7294	1.260428	4.042821	1.652211
4320	-1243.542	-1458.475	214.9333	1.145291	4.062579	1.583238
4326	-1248.685	-1463.639	214.9537	1.14243	2.688995	1.945439
4332	-1254.574	-1469.273	214.6985	1.158153	4.146706	1.7225
4338	-1243.957	-1458.717	214.7604	0.9334611	4.171227	1.83023
4344	-1245.124	-1459.43	214.3069	1.025611	3.492849	2.227572
4350	-1245.76	-1459.243	213.4823	1.03673	3.356149	2.769278
4356	-1240.13	-1454.67	214.5393	1.03673	3.600438	2.042517
4362	-1248.921	-1461.474	212.5535	0.8454046	3.889181	3.323138
4368	-1252.05	-1464.907	212.8568	0.735356	2.969781	3.416435
4374	-1261.214	-1474.148	212.9339	0.7758176	3.158897	3.300962
4380	-1253.689	-1466.545	212.8565	0.9310023	3.82929	3.105282
4386	-1248.785	-1462.838	214.0527	0.9937029	3.34072	2.446624
4392	-1247.767	-1462.263	214.4962	1.225077	4.410041	1.75859
4398	-1250.979	-1465.145	214.1665	0.9759485	2.766773	2.537242
4404	-1254.053	-1468.019	213.966	0.7873921	2.595297	2.825464
4410	-1254.137	-1467.886	213.7483	0.9818521	2.956691	2.739922
4416	-1253.985	-1467.166	213.1809	0.8792273	4.042994	2.898027
4422	-1261.359	-1475.149	213.79	0.986334	3.785232	2.512732
4428	-1259.464	-1473.53	214.0656	0.9950267	3.711732	2.350201
4434	-1250.246	-1464.625	214.3784	1.07312	3.508536	2.146643
4440	-1251.405	-1465.513	214.108	1.165937	3.424641	2.281811
4446	-1254.638	-1469.615	214.9763	1.191184	2.961841	1.813924
4452	-1256.167	-1471.138	214.971	1.283584	3.852436	1.505883
4458	-1264.375	-1479.403	215.0274	1.033647	3.852436	1.647588
4464	-1249.387	-1464.218	214.831	1.090017	3.188932	1.91764
4470	-1252.274	-1466.592	214.3175	0.9101117	3.14832	2.380784
4476	-1257.337	-1471.481	214.1437	0.7631978	3.486855	2.49902
4482	-1259.217	-1474.256	215.0389	1.276645	2.78617	1.764809
4488	-1252.233	-1466.669	214.4358	1.107927	3.837198	2.007769
4494	-1244.023	-1458.459	214.4358	1.107927	3.555145	2.074867
4500	-1255.244	-1469.591	214.3465	1.19699	4.349067	1.894147
4506	-1264.638	-1479.6	214.9621	1.133445	3.486095	1.717236
4512	-1258.831	-1473.591	214.7595	1.056924	2.99732	2.040836
4518	-1248.687	-1463.413	214.7258	1.029345	3.717954	1.893913
4524	-1252.534	-1466.282	213.7484	0.981701	3.515804	2.602251
4530	-1251.425	-1464.89	213.4652	0.7599528	3.455217	2.924489
4536	-1258.698	-1471.411	212.7138	0.7096651	4.560264	3.18074
4542	-1252.073	-1465.463	213.3891	0.6655629	3.456167	3.026736
4548	-1251.1	-1464.387	213.2869	0.7724936	3.801526	2.948258
4554	-1265.329	-1479.714	214.3842	0.9816535	3.629136	2.173423
4560	-1257.496	-1471.472	213.9757	1.118536	2.969233	2.511704
4566	-1258.319	-1471.76	213.4415	0.917097	3.243279	2.893647
4572	-1266.648	-1480.333	213.6857	0.919807	3.243279	2.743574
4578	-1268.688	-1483.226	214.5375	1.031217	4.325166	1.882095
4584	-1264.407	-1478.369	213.9618	1.192392	4.731168	2.076763
4590	-1265.726	-1479.906	214.1799	0.997676	4.247557	2.158517
4596	-1269.253	-1483.756	214.5025	1.222049	4.019674	1.84353
4602	-1268.178	-1483.145	214.9676	1.239899	4.019674	1.498438
4608	-1264.594	-1478.953	214.3591	1.241244	3.222084	2.121931
4614	-1265.275	-1479.839	214.5647	0.9781399	3.814919	2.013551
4620	-1265.632	-1479.403	213.7709	0.9479045	3.708185	2.565607
4626	-1254.688	-1468.473	213.7855	0.9065537	3.708185	2.582225
4632	-1252.09	-1465.665	213.5747	0.8656307	4.590084	2.559069
4638	-1251.373	-1465.182	213.8087	0.9200228	3.657161	2.570815
4644	-1256.496	-1470.859	214.3625	0.9716526	3.396431	2.250156
4650	-1253.861	-1468.093	214.2323	1.01359	3.259089	2.340896
4656	-1259.928	-1474.831	214.9023	1.28707	3.259089	1.712985
4662	-1268.277	-1482.634	214.3561	1.048556	3.445208	2.192637
4668	-1260.293	-1474.757	214.4634	0.9699494	3.370204	2.192637
4674	-1260.083	-1474.779	214.6969	1.101852	3.973238	1.803179
4680	-1264.868	-1479.4	214.5324	1.096653	3.343026	2.071734
4686	-1262.055	-1476.054	213.9988	1.081789	3.488408	2.389487
4692	-1258.487	-1472.55	214.0637	1.103122	3.456544	2.342444
4698	-1254.897	-1468.493	213.5961	0.9077731	3.228374	2.809212
4704	-1257.805	-1471.594	213.7882	0.8946479	3.206426	2.705297
4710	-1256.603	-1470.396	213.7936	1.165924	2.699119	2.669655
4716	-1262.953	-1476.607	213.6545	0.80427	3.971481	2.669655
4722	-1254.673	-1467.347	212.6745	0.710928	3.141697	3.495192
4728	-1253.292	-1467.17	213.8779	0.9134957	3.550135	2.556285
4734	-1262.602	-1477.04	214.4378	1.193586	2.866471	2.198984
4740	-1254.549	-1468.745	214.1954	1.093764	3.594689	2.231172
4746	-1250.094	-1463.566	213.4727	0.8124839	3.594689	2.856723
4752	-1246.86	-1460.164	213.3037	0.7733799	3.594689	2.982308
4758	-1260.405	-1473.305	212.9001	0.5445334	4.188393	3.23717
4764	-1244.887	-1457.995	213.1082	0.9388863	3.595517	3.000108
4770	-1256.054	-1469.858	213.8041	0.7921535	2.830505	2.855078
4776	-1257.39	-1470.864	213.4745	0.6957868	3.765754	2.888952
4782	-1246.65	-1460.785	214.135	1.0142	3.345745	2.380607
4788	-1254.335	-1469.434	215.0994	1.267621	3.504228	1.515655
4794	-1249.81	-1464.74	214.9295	1.047851	3.008249	1.930121
4800	-1245.015	-1459.377	214.3618	1.047851	3.477992	2.181357
4806	-1250.152	-1464.756	214.6037	0.9268412	3.379121	2.127174
4812	-1254.701	-1468.956	214.2554	1.062736	3.421504	2.25427
4818	-1252.641	-1467.166	214.5248	1.081255	3.443486	2.061395
4824	-1258.298	-1471.945	213.6475	0.9603456	2.543839	2.928515
4830	-1250.91	-1464.864	213.9544	0.8425966	3.701389	2.518458
4836	-1240.588	-1454.582	213.9941	0.8404275	3.597754	2.518458
4842	-1256.662	-1471.131	214.4698	0.9533199	4.214572	2.00388
4848	-1247.131	-1460.921	213.7905	0.9748825	4.047517	2.463363
4854	-1247.832	-1461.495	213.6634	1.091435	3.254817	2.649075
4860	-1246.385	-1460.542	214.1578	1.016954	3.852302	2.245596
4866	-1247.052	-1460.95	213.8983	0.8474354	4.803163	2.327474
4872	-1253.883	-1468.199	214.3157	0.9322884	3.799275	2.210357
4878	-1248.297	-1461.572	213.2749	0.8599843	4.192445	2.822928
4884	-1259.351	-1472.99	213.639	0.5826041	3.93166	2.822928
4890	-1236.674	-1449.444	212.7701	0.7431676	3.371612	3.366873
4896	-1253.99	-1467.278	213.288	0.8379366	3.485294	2.977382
4902	-1254.001	-1468.979	214.9787	1.236241	3.187315	1.715267
4908	-1254.94	-1469.691	214.7517	1.343486	3.745531	1.650085
4914	-1232.574	-1447.305	214.7314	1.15225	3.903765	1.760615
4920	-1247.669	-1461.775	214.1053	0.9660032	4.223678	2.232316
4926	-1248.683	-1462.593	213.9097	0.9765751	5.274006	2.152482
4932	-1248.807	-1462.987	214.1804	1.064177	3.130028	2.374798
4938	-1246.802	-1461.022	214.2194	1.047461	3.337422	2.307841
4944	-1249.869	-1464.288	214.4196	1.125364	2.65559	2.315995
4950	-1245.761	-1459.457	213.6959	0.9274833	4.095853	2.542103
4956	-1247.482	-1461.341	213.8591	0.9755483	3.49525	2.542103
4962	-1250.472	-1464.886	214.4139	1.231917	4.179707	1.861291
4968	-1247.903	-1463.193	215.2898	1.357776	3.045278	1.441112
4974	-1252.904	-1467.941	215.0368	1.125345	4.393843	1.441112
4980	-1250.154	-1465.012	214.8578	1.217756	4.393843	1.506657
4986	-1245.943	-1460.943	215.0006	1.309818	3.691254	1.506657
4992	-1256.152	-1471.08	214.9275	1.412793	4.906301	1.172599
4998	-1261.226	-1476.533	215.3066	1.491257	4.126972	0.9659057
5004	-1245.894	-1461.16	215.2661	1.449435	3.71945	1.174613
5010	-1242.103	-1457.364	215.2609	1.496588	3.833119	1.101413
5016	-1249.667	-1464.959	215.2925	1.401242	4.0194	1.101413
5022	-1240.915	-1455.764	214.8491	1.058685	2.978531	1.985385
5028	-1235.087	-1448.646	213.559	0.9578948	3.247578	2.796589
5034	-1233.599	-1447.156	213.5566	0.8964228	3.869188	2.694683
5040	-1237.537	-1450.985	213.448	0.9730542	4.087005	2.669098
5046	-1239.441	-1452.86	213.4189	0.8898452	3.148294	2.94691
5052	-1237.934	-1452.019	214.0848	0.9793596	2.979685	2.527679
5058	-1237.592	-1450.864	213.2717	0.9126529	3.294601	2.986358
5064	-1249.765	-1463.341	213.5766	0.7141077	4.507842	2.667036
5070	-1255.721	-1470.443	214.7219	1.159785	3.957481	1.749177
5076	-1257.214	-1471.418	214.2049	1.193522	3.111333	2.28173
5082	-1249.839	-1464.677	214.8378	1.214504	3.111333	1.849871
5088	-1264.776	-1478.985	214.2086	1.078091	3.63393	2.223507
5094	-1252.651	-1466.124	213.4736	0.8492322	3.354667	2.888809
5100	-1259.864	-1472.688	212.8242	0.7538152	2.706232	3.493212
5106	-1270.062	-1483.22	213.1583	0.7309825	2.779685	3.290953
5112	-1265.824	-1480.31	214.4859	0.946475	5.105738	1.817831
5118	-1264.166	-1478.891	214.7251	1.101485	3.830321	1.817831
5124	-1261.263	-1474.405	213.1417	0.8051983	2.448758	3.349592
5130	-1253.476	-1467.005	213.529	0.7274746	3.302793	2.941077
5136	-1261.381	-1474.683	213.3019	0.6160142	2.469414	3.360554
5142	-1243.765	-1457.157	213.3919	1.006742	2.932249	2.947475
5148	-1250.712	-1464.415	213.7032	0.961225	3.269728	2.701024
5154	-1268.449	-1482.508	214.0585	1.063396	2.268033	2.701024
5160	-1259.06	-1473.549	214.4889	1.034553	4.221615	1.935115
5166	-1268.375	-1483.423	215.0479	1.173737	3.773153	1.550976
5172	-1280.829	-1495.188	214.3593	1.067002	2.502448	2.43764
5178	-1273.867	-1488.727	214.8605	1.199979	3.57602	1.718377
5184	-1245.973	-1460.388	214.4149	1.088341	4.364773	1.918075
5190	-1255.28	-1469.233	213.9528	0.9708261	2.874612	2.643024
5196	-1236.245	-1450.702	214.4573	0.9821807	3.43963	2.171377
5202	-1236.56	-1450.832	214.272	1.121546	3.562262	2.171377
5208	-1240.301	-1454.793	214.4923	1.249792	3.882138	1.863536
5214	-1258.994	-1472.76	213.7669	0.8757841	4.230748	2.50264
5220	-1256.285	-1470.518	214.2329	1.070182	4.331219	2.058851
5226	-1253.654	-1468.4	214.746	1.218494	3.740172	1.744028
5232	-1259.361	-1474.446	215.0855	1.325118	4.071649	1.327687
5238	-1266.688	-1481.663	214.9753	1.24153	4.691097	1.327687
5244	-1255.985	-1469.351	213.3654	0.7880619	3.580166	2.939543
5250	-1245.231	-1459.051	213.8207	0.8980972	3.837964	2.537105
5256	-1244.293	-1458.086	213.7927	0.9544921	3.75706	2.537105
5262	-1248.84	-1462.788	213.948	1.125388	3.024864	2.509959
5268	-1255.067	-1468.23	213.1628	1.002186	3.667288	2.913417
5274	-1238.872	-1453.569	214.6971	1.277723	3.796154	1.722895
5280	-1241.372	-1455.743	214.3713	1.251665	3.643192	2.000939
5286	-1249.14	-1464.025	214.8842	1.181841	4.507187	1.487508
5292	-1263.178	-1477.378	214.1994	1.27525	4.309919	1.948985
5298	-1256.579	-1471.039	214.4597	1.27525	4.309919	1.770923
5304	-1249.17	-1463.003	213.8329	1.289574	5.37917	1.978194
5310	-1255.002	-1469.096	214.0945	1.021959	4.949582	2.060203
5316	-1252.996	-1467.147	214.1502	1.145335	3.327483	2.292007
5322	-1249.78	-1464.199	214.4193	1.200247	4.939848	1.71969
5328	-1252.325	-1466.28	213.9549	1.104563	4.939848	2.099531
5334	-1254.731	-1469.633	214.9025	1.173478	3.653578	1.687285
5340	-1231.692	-1446.089	214.3968	1.204782	5.652628	1.595852
5346	-1242.388	-1457.145	214.7567	1.164689	5.069354	1.473264
5352	-1263.037	-1477.679	214.6423	1.08129	3.917138	1.867944
5358	-1253.968	-1467.899	213.9308	1.08129	3.556748	2.416619
5364	-1258.013	-1471.119	213.1062	0.8369699	3.250357	3.140973
5370	-1248.056	-1461.707	213.6512	0.8984183	3.211035	2.785557
5376	-1247.709	-1460.646	212.9362	0.7846864	3.025395	3.326989
5382	-1247.174	-1459.746	212.5723	0.7442117	3.132689	3.537544
5388	-1253.331	-1465.801	212.4706	0.8916086	3.132689	3.510929
5394	-1254.78	-1468.619	213.8386	0.9627621	3.953174	2.4607
5400	-1257.841	-1471.411	213.5695	1.041834	4.54576	2.4607
5406	-1253.809	-1467.767	213.9582	1.016915	5.145623	2.117202
5412	-1250.835	-1464.574	213.7389	1.128534	4.425117	2.322169
5418	-1247.731	-1462.881	215.1501	1.408875	3.698156	1.311965
5424	-1250.252	-1465.517	215.2644	1.399757	3.59232	1.257303
5430	-1244.697	-1459.655	214.9576	1.286102	3.770183	1.535464
5436	-1256.191	-1470.816	214.6251	1.286102	4.602899	1.580932
5442	-1250.817	-1465.367	214.5502	1.228406	5.053979	1.582626
5448	-1251.349	-1465.257	213.9072	1.076231	3.89084	2.359319
5454	-1255.628	-1469.288	213.6607	0.8471458	4.285164	2.575751
5460	-1246.657	-1460.322	213.6644	0.9676061	4.383973	2.478912
5466	-1251.025	-1465.163	214.1384	1.031322	3.657905	2.293017
5472	-1247.849	-1461.946	214.0969	0.9709035	3.847564	2.31516
5478	-1247.017	-1460.51	213.4926	0.8205766	3.434031	2.87618
5484	-1254.451	-1468.533	214.0824	0.8955229	4.17197	2.30291
5490	-1256.503	-1470.882	214.3794	1.096036	3.157582	2.220014
5496	-1247.735	-1461.884	214.1493	0.8897686	3.205065	2.484971
5502	-1239.425	-1453.106	213.6808	1.041314	3.861504	2.529956
5508	-1244.697	-1459.197	214.5002	0.9106007	2.822946	2.352685
5514	-1239.417	-1453.224	213.8066	0.8458218	3.6573	2.618086
5520	-1252.848	-1465.989	213.1412	0.807774	2.833837	3.241434
5526	-1250.377	-1463.663	213.2857	0.7453076	3.647563	2.998326
5532	-1256.667	-1469.71	213.0429	0.9467881	3.647563	3.023126
5538	-1250.277	-1464.724	214.4468	0.898736	3.029656	2.337233
5544	-1255.95	-1470.035	214.0852	0.9185789	3.275791	2.489392
5550	-1263.109	-1476.66	213.5517	0.7143326	3.331051	2.928644
5556	-1247.581	-1460.692	213.1107	0.934362	3.241277	3.082459
5562	-1246.022	-1457.721	211.6994	0.5047936	3.07092	4.191257
5568	-1235.884	-1448.147	212.2626	0.5347548	3.646404	3.723744
5574	-1245.032	-1459.353	214.3206	0.7509798	3.004439	2.51646
5580	-1247.621	-1461.219	213.598	0.8504476	4.189549	2.631487
5586	-1250.467	-1464.952	214.4845	1.098949	3.598264	2.038101
5592	-1263.691	-1479.227	215.5365	1.639178	3.308812	0.8730243
5598	-1264.483	-1479.859	215.3769	1.843612	3.602281	0.6385387
5604	-1249.243	-1464.638	215.3946	1.914042	3.39262	0.6153637
5610	-1269.153	-1482.326	213.1722	0.7751981	3.922266	2.99044
5616	-1248.342	-1461.261	212.9188	0.7751981	3.917024	3.142939
5622	-1244.449	-1457.974	213.525	0.746697	3.52955	2.879509
5628	-1255.939	-1469.314	213.3744	0.7339841	3.468293	2.991745
5634	-1253.271	-1466.138	212.8671	0.7858254	3.03844	3.363729
5640	-1258.654	-1471.884	213.2294	0.6636587	2.669861	3.318458
5646	-1256.27	-1468.622	212.3516	0.5603944	3.470413	3.695116
5652	-1255.774	-1469.106	213.3312	0.7963305	3.2628	3.028009
5658	-1244.062	-1457.314	213.2515	0.8751135	3.767682	2.914941
5664	-1260.624	-1473.931	213.3062	0.8467697	3.612805	2.932645
5670	-1260.761	-1472.82	212.0586	0.7295604	3.193909	3.828808
5676	-1264.955	-1478.366	213.4114	1.025938	3.166806	2.864689
5682	-1255.088	-1468.862	213.7734	1.128065	3.724095	2.447983
5688	-1268.765	-1483.155	214.3903	1.128065	3.520431	2.099989
5694	-1263.661	-1476.323	212.6617	0.7949948	3.705442	3.327094
5700	-1259.159	-1472.689	213.5308	0.981224	2.750321	2.927787
5706	-1261.438	-1476.241	214.8033	1.162593	3.720743	1.74795
5712	-1255.92	-1468.812	212.8917	0.8542124	3.35298	3.234007
5718	-1269.858	-1483.313	213.4548	0.796233	3.23391	2.960765
5724	-1259.318	-1472.985	213.6667	1.030786	2.938944	2.764557
5730	-1258.464	-1471.837	213.3734	0.7859691	3.473933	2.959859
5736	-1254.526	-1467.277	212.7517	0.7393262	4.144939	3.218109
5742	-1276.091	-1491.273	215.1821	1.406187	3.638558	1.305668
5748	-1262.403	-1476.852	214.4495	1.251904	4.624926	1.72656
5754	-1271.837	-1486.453	214.6157	1.409069	4.101734	1.612958
5760	-1246.658	-1461.312	214.654	1.344529	4.639743	1.508158
5766	-1246.24	-1460.741	214.5009	1.445326	3.68622	1.770322
5772	-1240.995	-1453.657	212.662	0.8745323	3.493472	3.325882
5778	-1246.545	-1459.472	212.9277	0.898486	3.493472	3.154608
5784	-1252.737	-1467.847	215.1104	1.418355	4.724421	1.049028
5790	-1244.317	-1457.832	213.5145	0.9483427	3.677593	2.730132
5796	-1244.364	-1458.764	214.4008	0.9946143	3.045413	2.301189
5802	-1241.442	-1456.064	214.6217	1.127776	3.2565	2.014535
5808	-1237.279	-1452.109	214.8304	1.324055	4.10726	1.516284
5814	-1244.786	-1459.718	214.9319	1.29376	4.895429	1.27224
5820	-1237.216	-1452.44	215.2238	1.391668	3.056975	1.461894
5826	-1235.394	-1450.399	215.0049	1.338088	3.752555	1.465642
5832	-1235.821	-1451.03	215.2096	1.338088	3.002351	1.530084
5838	-1246.746	-1461.422	214.6756	1.174134	3.603492	1.857676
5844	-1243.119	-1456.87	213.7508	1.000495	3.436145	2.60771
5850	-1240.83	-1454.549	213.7186	0.8769622	4.378554	2.502779
5856	-1247.12	-1460.842	213.7218	0.9270934	5.220238	2.31477
5862	-1250.074	-1463.357	213.283	0.9526202	5.407032	2.543606
5868	-1244.477	-1457.764	213.2869	0.921908	3.882139	2.841045
5874	-1253.741	-1466.857	213.1157	0.8153753	4.499138	2.887986
5880	-1238.336	-1450.995	212.6588	0.6482237	4.499138	3.260672
5886	-1237.7	-1450.539	212.8386	0.8644164	3.347395	3.260672
5892	-1239.562	-1452.324	212.7618	0.8357552	3.160924	3.366478
5898	-1248.214	-1460.527	212.3131	0.5862115	3.160924	3.772549
5904	-1244.253	-1456.293	212.0404	0.758253	3.609291	3.730805
5910	-1258.116	-1471.09	212.9741	0.8523384	2.669037	3.357862
5916	-1249.423	-1462.823	213.3994	0.7724754	2.785847	3.121942
5922	-1240.985	-1454.836	213.8512	0.995305	3.691675	2.489698
5928	-1240.167	-1454.47	214.3039	1.076582	3.616081	2.166998
5934	-1260.394	-1474.76	214.3661	0.8862565	4.3675	2.084728
5940	-1246.502	-1460.837	214.3354	1.264883	4.048706	1.921498
5946	-1239.951	-1454.353	214.4022	1.264246	3.43137	2.024462
5952	-1234.834	-1449.046	214.2123	1.072416	5.412143	1.862606
5958	-1237.604	-1452.535	214.931	1.213217	3.875577	1.581599
5964	-1235.422	-1450.474	215.0519	1.185038	3.630705	1.577293
5970	-1244.531	-1459.066	214.5352	1.228222	3.88669	1.847831
5976	-1242.981	-1458.165	215.1841	1.307876	3.174491	1.518386
5982	-1259.728	-1473.352	213.6248	1.015989	3.435665	2.675946
5988	-1257.678	-1472.437	214.7596	0.8706194	3.285044	2.085892
5994	-1250.558	-1464.597	214.0385	1.007111	3.617188	2.381363
6000	-1262.397	-1477.138	214.7419	1.035532	3.225687	2.004132
6006	-1263.972	-1479.009	215.0377	1.166982	3.657429	1.593771
6012	-1268.877	-1483.464	214.5871	1.048255	3.276419	2.08477
6018	-1257.174	-1471.416	214.2413	1.04991	3.183541	2.331356
6024	-1244.974	-1459.797	214.8223	1.054879	3.555368	1.851029
6030	-1247.223	-1461.895	214.6716	1.147486	3.147814	1.997329
6036	-1249.554	-1463.835	214.2816	1.185895	4.108571	1.997329
6042	-1244.892	-1458.766	213.8747	0.9884047	3.129615	2.6135
6048	-1251.759	-1465.613	213.8536	0.9037134	3.398912	2.612818
6054	-1240.499	-1454.406	213.9075	1.0489	3.748314	2.407905
6060	-1259.589	-1474.005	214.4161	1.074462	3.748314	2.063731
6066	-1257.606	-1472.081	214.4743	1.194934	4.615109	1.751207
6072	-1241.459	-1456.202	214.743	1.125005	3.554401	1.85754
6078	-1247.303	-1461.996	214.6937	1.40003	3.451982	1.727603
6084	-1241.513	-1456.26	214.7475	1.219224	3.800221	1.727603
6090	-1249.059	-1462.326	213.2666	0.8310881	3.939838	2.896339
6096	-1252.27	-1465.653	213.3827	0.714918	3.939838	2.896339
6102	-1250.61	-1464.257	213.6471	0.825938	3.944804	2.666446
6108	-1253.474	-1465.575	212.1016	0.8570038	3.979511	3.562688
6114	-1239.08	-1453.653	214.5724	0.9844698	3.947228	1.973705
6120	-1227.634	-1442.202	214.5673	1.140169	3.717932	1.926177
6126	-1238.125	-1452.466	214.3413	1.148884	3.012261	2.249431
6132	-1236.652	-1450.806	214.1533	0.9540915	2.944448	2.510148
6138	-1242.336	-1456.669	214.3333	1.086245	3.90506	2.074498
6144	-1246.086	-1460.789	214.7032	1.073629	3.90506	1.834293
6150	-1257.554	-1472.2	214.6461	1.181562	3.90506	1.799272
6156	-1250.862	-1465.274	214.4117	0.9567711	4.29558	2.023024
6162	-1251.18	-1465.41	214.2296	0.9720949	3.234924	2.37502
6168	-1247.936	-1461.379	213.4429	0.8906179	3.871301	2.767379
6174	-1276.146	-1489.219	213.0723	0.7688999	4.010705	3.036175
6180	-1257.682	-1471.023	213.3403	0.7661315	3.671043	2.947884
6186	-1258.753	-1472.881	214.1287	1.153411	3.688965	2.21363
6192	-1267.09	-1481.026	213.9356	0.9720599	3.806558	2.425707
6198	-1260.815	-1475.403	214.5888	0.9629024	3.625361	2.052535
6204	-1260.263	-1474.763	214.5	1.351037	4.45219	1.657618
6210	-1253.593	-1467.524	213.931	1.178846	4.308992	2.189808
6216	-1273.444	-1488.291	214.8473	1.091401	3.970423	1.705953
6222	-1261.273	-1475.92	214.6469	1.186661	3.904636	1.795273
6228	-1264.243	-1479.179	214.9358	1.081756	3.303326	1.820611
6234	-1256.118	-1471.109	214.9906	1.217387	2.846805	1.820611
6240	-1250.4	-1465.21	214.81	1.147094	4.264739	1.623625
6246	-1259.522	-1474.377	214.8555	1.195033	4.422484	1.518715
6252	-1244.449	-1458.008	213.5584	0.7670904	3.598296	2.83149
6258	-1247.795	-1460.709	212.9138	0.9332006	3.949375	3.045092
6264	-1250.229	-1463.4	213.1709	0.9332006	3.874147	2.906049
6270	-1255.398	-1469.001	213.6027	0.9044212	2.900305	2.89038
6276	-1254.017	-1466.934	212.9172	0.7913589	3.330722	3.261197
6282	-1250.775	-1464.64	213.8654	0.9144136	2.821462	2.745769
6288	-1255.098	-1468.177	213.0793	0.9183495	3.103256	3.144056
6294	-1240.367	-1454.68	214.3127	1.001337	3.396922	2.262947
6300	-1240.525	-1453.491	212.9658	0.8265053	3.711092	3.127295
6306	-1240.24	-1453.2	212.9606	0.7918148	4.061338	3.079096
6312	-1244.043	-1458.067	214.0237	1.038184	4.553719	2.171706
6318	-1239.529	-1453.004	213.4758	0.9771053	3.773122	2.715346
6324	-1240.848	-1454.329	213.481	0.9609229	2.981424	2.908632
6330	-1246.677	-1460.029	213.3522	0.8391363	3.766744	2.87604
6336	-1247.608	-1460.898	213.2897	0.831178	3.989539	2.872077
6342	-1250.426	-1465.246	214.8204	1.079411	3.205587	1.927488
6348	-1249.393	-1463.925	214.5327	1.172715	3.504607	1.980002
6354	-1254.19	-1469.18	214.99	1.170627	2.631723	1.920054
6360	-1249.576	-1463.832	214.2568	1.150305	4.834096	1.887596
6366	-1250.561	-1464.945	214.384	1.227756	3.953816	1.935317
6372	-1264.098	-1478.93	214.8311	1.287487	3.929879	1.586635
6378	-1250.884	-1464.661	213.7774	1.050962	3.560338	2.530915
6384	-1250.98	-1465.526	214.5456	1.348274	3.696964	1.803984
6390	-1243.944	-1458.631	214.6865	1.279983	3.28742	1.860012
6396	-1247.048	-1462.148	215.0999	1.086518	3.242852	1.719668
6402	-1247.026	-1461.098	214.0722	0.956485	4.021317	2.302256
6408	-1254.446	-1468.618	214.1723	1.098491	3.603839	2.240815
6414	-1253.711	-1468.491	214.7802	1.234344	4.149115	1.609096
6420	-1248.48	-1462.901	214.4207	0.9931964	3.71819	2.121158
6426	-1238.639	-1453.581	214.9416	1.160656	3.258308	1.774268
6432	-1235.882	-1448.816	212.9337	0.993011	3.456046	3.103176
6438	-1239.132	-1452.504	213.3726	0.9197959	3.002211	2.993306
6444	-1239.103	-1452.462	213.3582	0.7824082	3.09049	3.062007
6450	-1245.521	-1458.826	213.3058	0.8654911	3.336333	2.984385
6456	-1244.138	-1457.683	213.545	1.008329	4.181606	2.568181
6462	-1245.523	-1459.618	214.0955	1.156851	3.776174	2.212786
6468	-1262.444	-1476.943	214.4982	1.099227	3.269171	2.111582
6474	-1263.24	-1477.981	214.7411	1.105838	2.875714	2.055389
6480	-1256.852	-1471.696	214.8444	1.141395	2.996178	1.927921
6486	-1245.901	-1460.406	214.5047	1.094247	3.933979	1.948483
6492	-1255.686	-1470.158	214.4725	1.045054	4.215833	1.94036
6498	-1257.365	-1471.459	214.0936	0.974788	4.750503	2.129331
6504	-1265.607	-1479.366	213.7593	1.062357	3.792536	2.482793
6510	-1265.742	-1480.092	214.3505	1.004196	3.757503	2.150641
6516	-1277.011	-1489.072	212.0604	0.7740433	3.721145	3.686747
6522	-1259.058	-1472.924	213.8659	0.9910233	4.263311	2.361194
6528	-1263.108	-1477.387	214.2792	1.157342	3.526895	2.151957
6534	-1258.517	-1471.666	213.1486	0.952075	4.016903	2.878732
6540	-1254.902	-1468.887	213.9849	1.004507	3.542148	2.434277
6546	-1254.697	-1468.699	214.0023	1.074669	3.739982	2.33341
6552	-1247.16	-1461.06	213.8995	1.028674	3.679518	2.441223
6558	-1255.21	-1469.468	214.2576	1.133204	4.853944	1.894818
6564	-1248.046	-1462.35	214.3046	1.190982	4.887067	1.816566
6570	-1252.459	-1467.346	214.8874	1.419911	3.837634	1.470047
6576	-1246.531	-1461.249	214.7182	1.253173	4.396747	1.58298
6582	-1256.541	-1470.984	214.443	1.184017	4.629242	1.777719
6588	-1262.488	-1477.382	214.8941	1.136593	4.323296	1.556354
6594	-1251.238	-1464.907	213.669	1.029977	3.291896	2.674438
6600	-1253.208	-1468.379	215.1701	1.267294	3.584243	1.440043
6606	-1247.123	-1461.829	214.7062	1.156569	4.737985	1.587035
6612	-1258.688	-1472.074	213.3853	0.7718869	4.471683	2.75568
6618	-1261.403	-1474.496	213.0922	0.9016504	4.107447	2.925093
6624	-1257.454	-1470.338	212.8837	0.7349786	3.389529	3.300792
6630	-1270.27	-1483.136	212.8657	1.038329	3.096624	3.201286
6636	-1254.374	-1467.836	213.4621	1.124259	3.294457	2.74287
6642	-1256.068	-1471.14	215.0717	1.440997	3.719104	1.3431
6648	-1253.645	-1469.039	215.3947	1.452782	3.719104	1.054988
6654	-1239.238	-1454.526	215.2877	1.459732	4.007879	1.054988
6660	-1249.725	-1464.113	214.3878	1.066929	3.466089	2.154924
6666	-1250.755	-1464.356	213.6016	1.022406	3.802717	2.603612
6672	-1241.416	-1455.599	214.1836	1.047696	3.088528	2.394063
6678	-1245.028	-1457.944	212.9157	0.8753425	4.26103	3.017066
6684	-1259.259	-1471.235	211.9758	0.7487285	2.858856	3.946518
6690	-1259.189	-1474.294	215.1055	1.048329	3.249814	1.740625
6696	-1252.163	-1467.059	214.8963	1.150635	3.868468	1.653773
6702	-1257.179	-1470.997	213.818	0.7491517	4.110513	2.574017
6708	-1259.493	-1472.934	213.4404	0.8376987	3.99749	2.774964
6714	-1254.305	-1467.463	213.1581	0.8560351	3.46804	3.048268
6720	-1256.419	-1468.903	212.4839	0.6364462	3.236076	3.627179
6726	-1241.098	-1454.522	213.4249	0.9101534	3.236076	2.909615
6732	-1254.878	-1468.771	213.8928	0.9395948	3.320786	2.585063
6738	-1252.104	-1466.39	214.2854	0.9038582	3.475082	2.32366
6744	-1252.464	-1466.618	214.1533	0.999872	3.594788	2.318289
6750	-1241.082	-1455.072	213.9899	0.9132959	3.715744	2.448743
6756	-1243.125	-1457.743	214.6183	1.298708	2.879603	2.007808
6762	-1256.444	-1470.216	213.7717	1.047921	4.01366	2.436427
6768	-1252.105	-1466.199	214.0946	0.9933	4.274064	2.211192
6774	-1253.614	-1467.692	214.0775	1.209086	3.522351	2.250027
6780	-1246.714	-1461.875	215.1607	1.219002	2.99038	1.656216
6786	-1240.044	-1454.935	214.8913	1.121298	3.850309	1.682784
6792	-1242.972	-1457.442	214.4698	1.091213	3.904239	1.980766
6798	-1239.443	-1453.735	214.2914	0.9501736	3.283315	2.337537
6804	-1241.577	-1455.88	214.3037	1.010225	3.520837	2.23283
6810	-1249.974	-1463.26	213.286	1.010225	4.590953	2.648098
6816	-1258.692	-1472.294	213.6016	0.8729685	3.773898	2.701927
6822	-1253.969	-1467.834	213.865	0.9974755	3.719831	2.473388
6828	-1255.613	-1469.682	214.0686	0.9708851	4.791455	2.14043
6834	-1260.223	-1474.638	214.4156	1.039113	4.150845	1.996621
6840	-1256.073	-1470.783	214.7102	1.212567	3.06041	1.952094
6846	-1264.408	-1477.682	213.2741	0.854108	4.188513	2.827787
6852	-1260.768	-1475.185	214.4165	1.146666	3.084147	2.182809
6858	-1262.824	-1476.775	213.9514	0.7682254	3.547862	2.601332
6864	-1261.287	-1474.918	213.6316	0.9805368	3.162896	2.759324
6870	-1265.446	-1479.426	213.9795	1.109862	3.145161	2.468712
6876	-1260.519	-1473.613	213.0938	0.837333	2.540528	3.332253
6882	-1247.381	-1461.616	214.2353	0.9405075	3.680203	2.284012
6888	-1267.878	-1482.216	214.3381	1.125365	2.948559	2.284012
6894	-1256.522	-1469.488	212.9655	0.6225483	3.525859	3.288385
6900	-1269.155	-1482.526	213.3715	0.957339	2.637118	3.069167
6906	-1266.259	-1479.228	212.9697	0.8568088	3.391092	3.177529
6912	-1267.451	-1479.153	211.7024	0.8390247	2.549554	4.132556
6918	-1264.466	-1476.312	211.846	0.7930492	3.328613	3.883738
6924	-1260.122	-1472.495	212.3725	0.905559	3.187112	3.547039
6930	-1258.786	-1471.607	212.8203	0.6434612	2.748552	3.548483
6936	-1258.823	-1471.569	212.7456	0.807901	2.748552	3.496183
6942	-1247.668	-1461.932	214.2642	0.929132	3.913031	2.220151
6948	-1247.411	-1461.75	214.3384	0.9601975	4.075132	2.116212
6954	-1251.858	-1464.638	212.7804	0.56881	3.409478	3.454423
6960	-1257.223	-1471.444	214.221	1.178991	3.860857	2.09738
6966	-1260.839	-1474.716	213.8771	0.8011661	3.860857	2.557356
6972	-1249.187	-1463.604	214.4173	0.9526982	2.925388	2.34999
6978	-1247.856	-1461.554	213.6982	0.8050693	2.521723	2.997925
6984	-1247.683	-1462.475	214.7918	1.057404	3.367365	1.918502
6990	-1239.824	-1453.624	213.8002	0.9844339	3.05549	2.680804
6996	-1256.62	-1469.517	212.8966	0.8296665	4.125721	3.082037
7002	-1258.424	-1470.637	212.2123	0.6414096	2.981372	3.841847
7008	-1251.123	-1463.954	212.8309	0.7798585	3.554207	3.268798
7014	-1248.883	-1463.056	214.1734	0.9255814	3.099207	2.474479
7020	-1262.324	-1476.468	214.1437	1.023698	3.03826	2.447549
7026	-1256.998	-1471.18	214.1824	0.9393821	3.134671	2.451027
7032	-1257.357	-1471.602	214.2452	0.9160394	3.461863	2.344709
7038	-1259.293	-1472.752	213.4591	0.8640987	4.269179	2.692819
7044	-1246.69	-1459.575	212.885	0.8126235	3.214426	3.294858
7050	-1252.717	-1465.908	213.1912	0.8628288	3.147303	3.099738
7056	-1258.41	-1471.197	212.787	0.6800306	4.177075	3.226081
7062	-1255.952	-1469.947	213.9949	0.8563442	3.327725	2.571684
7068	-1249.315	-1463.046	213.7317	0.8985358	4.490111	2.459437
7074	-1250.475	-1463.617	213.1422	0.8253006	4.41524	2.881586
7080	-1253.517	-1467.079	213.5623	0.861415	2.958377	2.925538
7086	-1256.03	-1470.285	214.2543	0.9734588	3.723477	2.240675
7092	-1257.91	-1472.537	214.6269	1.035154	3.390884	2.037644
7098	-1256.091	-1470.513	214.4223	0.9993383	4.063796	2.037644
7104	-1265.687	-1480.038	214.3515	1.269245	4.371693	1.836496
7110	-1259.381	-1474.92	215.5394	1.460777	2.895027	1.209379
7116	-1258.731	-1473.689	214.958	1.224924	2.956969	1.80471
7122	-1256.158	-1470.865	214.7069	1.248621	3.991826	1.688902
7128	-1251.765	-1466.515	214.7503	1.172976	3.219312	1.907834
7134	-1253.282	-1468.084	214.8028	1.206177	3.878138	1.678499
7140	-1257.048	-1470.198	213.1498	0.9226397	2.986831	3.128657
7146	-1273.864	-1487.546	213.6824	0.8686593	2.897017	2.864654
7152	-1268.25	-1482.708	214.4576	1.053726	3.58488	2.088946
7158	-1254.822	-1469.488	214.6665	1.138621	3.732443	1.85632
7164	-1254.858	-1469.644	214.7865	1.267895	3.292646	1.798076
7170	-1251.809	-1466.392	214.583	1.015857	3.294857	2.103929
7176	-1245.698	-1458.859	213.1607	0.8053921	4.342902	2.896071
7182	-1239.148	-1452.552	213.4032	0.8483974	4.047321	2.780932
7188	-1247.882	-1461.67	213.7879	0.662363	3.485983	2.780932
7194	-1239.173	-1452.495	213.3226	0.7598328	3.653245	2.966247
7200	-1241.202	-1455.141	213.9387	0.9563653	2.804765	2.679711
7206	-1240.251	-1453.335	213.0843	0.9391947	3.369653	3.06517
7212	-1247.791	-1461.249	213.4583	0.8965541	3.844229	2.76009
7218	-1250.631	-1464.585	213.9542	0.9977021	3.324948	2.5097
7224	-1248.787	-1461.527	212.7404	0.8004886	3.499273	3.322054
7230	-1255.424	-1469.144	213.7196	0.8343901	3.6873	2.672058
7236	-1250.574	-1464.997	214.4228	1.181867	3.379175	2.078536
7242	-1244.384	-1457.861	213.4769	0.874826	3.021281	2.952783
7248	-1248.005	-1460.687	212.6827	0.9635748	3.66803	3.223181
7254	-1248.544	-1462.162	213.6184	0.8513447	3.856265	2.687188
7260	-1272.64	-1486.507	213.8666	1.130977	5.33863	2.06826
7266	-1276.706	-1491.096	214.3901	1.164798	3.654189	2.043496
7272	-1247.371	-1460.694	213.3227	0.8238218	2.763732	3.14298
7278	-1253.769	-1467.864	214.0947	0.9018306	3.934695	2.341445
7284	-1253.66	-1466.918	213.2577	0.8567663	4.525027	2.771798
7290	-1250.238	-1463.696	213.4574	1.054003	3.526332	2.734349
7296	-1253.217	-1466.802	213.5856	0.8001875	3.261208	2.872894
7302	-1252.165	-1464.954	212.7891	0.7268172	3.046837	3.441971
7308	-1245.055	-1458.163	213.107	0.9046354	3.224432	3.106366
7314	-1247.878	-1462.337	214.4584	0.9180846	3.317964	2.242506
7320	-1256.776	-1470.885	214.1092	0.9312811	3.260552	2.470148
7326	-1256.612	-1470.586	213.9737	0.9123759	2.853944	2.671784
7332	-1243.189	-1456.5	213.3115	0.8006327	3.358564	3.014741
7338	-1236.933	-1450.363	213.4302	0.7546114	3.315943	2.981082
7344	-1268.441	-1482.408	213.9663	0.9876573	3.876172	2.381188
7350	-1257.509	-1470.906	213.3969	0.8792286	5.109805	2.568178
7356	-1250.865	-1464.342	213.4768	0.8729268	3.225289	2.903377
7362	-1240.012	-1452.788	212.776	0.8286082	3.225289	3.347035
7368	-1243.267	-1455.934	212.6662	0.6643021	3.610899	3.421241
7374	-1234.717	-1447.385	212.6683	0.8151939	2.606578	3.575428
7380	-1234.733	-1448.647	213.914	0.9081506	3.020778	2.666743
7386	-1238.108	-1450.296	212.188	0.8018075	3.576204	3.627209
7392	-1256.917	-1469.807	212.8902	0.7448547	2.528613	3.509037
7398	-1258.416	-1471.067	212.6513	0.7795509	2.976512	3.509037
7404	-1264.48	-1478.965	214.4853	0.9708758	2.686513	2.36328
7410	-1255.12	-1467.976	212.8567	0.8011754	2.590942	3.478172
7416	-1261.637	-1474.589	212.9526	0.953342	3.027891	3.21713
7422	-1259.616	-1472.036	212.42	0.6461661	3.027891	3.708058
7428	-1261.746	-1474.645	212.8987	0.6317604	4.039047	3.215487
7434	-1261.68	-1474.729	213.0487	0.6944526	2.52566	3.44677
7440	-1258.538	-1472.2	213.662	0.9675627	2.799899	2.843176
7446	-1261.729	-1475.286	213.5566	1.035577	2.884044	2.843176
7452	-1252.783	-1466.702	213.9199	1.107522	3.699936	2.37394
7458	-1265.615	-1478.618	213.0032	0.9689519	4.213561	2.917331
7464	-1253.643	-1467.127	213.4839	0.9197325	3.264885	2.861185
7470	-1247.634	-1462.236	214.6023	0.9507449	3.264885	2.141699
7476	-1253.874	-1466.535	212.6612	0.7028759	3.132451	3.509861
7482	-1247.636	-1460.335	212.6992	0.7225406	3.684271	3.352122
7488	-1251.391	-1464.07	212.6787	0.7844568	3.770768	3.309596
7494	-1257.082	-1470.527	213.4445	1.040834	3.317573	2.798947
7500	-1257.288	-1469.31	212.0217	0.6335142	3.162105	3.912557
7506	-1257.479	-1470.773	213.2939	0.5981479	3.109134	3.205316
7512	-1245.188	-1458.765	213.577	0.8924561	2.956457	2.898462
7518	-1258.802	-1471.609	212.8067	0.6503408	4.539849	3.16452
7524	-1260.249	-1472.41	212.1613	0.8470713	3.336651	3.669075
7530	-1243.569	-1458.02	214.4515	1.117811	3.229225	2.14034
7536	-1245.165	-1458.859	213.6942	0.9506438	4.41728	2.464362
7542	-1243.787	-1457.149	213.3625	0.8241576	3.615052	2.911819
7548	-1246.444	-1459.486	213.0423	0.7913755	3.536126	3.140694
7554	-1247.21	-1460.891	213.6804	0.9385534	3.827297	2.601391
7560	-1262.087	-1474.555	212.4681	0.6029764	3.542395	3.587321
7566	-1254.292	-1467.092	212.7997	0.7384499	3.086574	3.419202
7572	-1257.801	-1471.696	213.8944	0.8656158	3.229184	2.652181
7578	-1246.609	-1460.201	213.5923	1.024369	3.603634	2.652181
7584	-1256.013	-1469.166	213.1533	1.003957	3.761872	2.89767
7590	-1262.3	-1475.449	213.1489	0.6950318	2.776914	3.318453
7596	-1254.55	-1467.768	213.2179	0.739552	3.476642	3.08024
7602	-1255.896	-1470.453	214.5571	1.139197	4.588909	1.737743
7608	-1264.236	-1477.94	213.7041	0.7735493	3.673649	2.721932
7614	-1252.852	-1466.284	213.432	0.9294028	3.68763	2.789878
7620	-1240.271	-1454.449	214.178	0.9694526	4.058292	2.218083
7626	-1245.731	-1459.414	213.6831	0.9104255	3.565619	2.675023
7632	-1254.083	-1467.857	213.7743	0.9010899	3.565619	2.624631
7638	-1251.159	-1465.08	213.9207	0.9078365	3.170049	2.624631
7644	-1247.875	-1462.116	214.2411	0.966458	3.170049	2.387885
7650	-1249.437	-1464.211	214.7739	1.489917	5.367875	1.128229
7656	-1247.394	-1461.548	214.1536	1.042732	5.081931	1.982492
7662	-1259.311	-1473.574	214.2631	1.102298	3.272585	2.261108
7668	-1242.358	-1456.501	214.1434	0.9711238	4.587598	2.130784
7674	-1261.475	-1475.728	214.2531	0.917544	2.753267	2.523515
7680	-1256.203	-1470.554	214.351	0.7752783	5.074804	2.030478
7686	-1253.849	-1468.021	214.1714	1.066267	4.137936	2.142546
7692	-1254.606	-1468.516	213.9104	0.9158646	3.725824	2.494718
7698	-1253.189	-1467.448	214.2585	1.081748	4.099921	2.083529
7704	-1254.915	-1468.503	213.5879	0.9235954	3.392085	2.765375
7710	-1249.707	-1462.962	213.2547	0.9993171	3.945606	2.8003
7716	-1255.474	-1468.562	213.0879	1.051276	3.312851	3.009217
7722	-1250.876	-1465.152	214.2758	1.015055	3.639243	2.219587
7728	-1261.421	-1474.377	212.9553	0.6695327	3.307367	3.315959
7734	-1256.082	-1469.933	213.8511	0.8879778	3.882208	2.514898
7740	-1251.292	-1465.322	214.0304	0.9836688	3.396696	2.453348
7746	-1275.516	-1489.478	213.9621	1.173472	2.935397	2.494996
7752	-1260.379	-1473.777	213.3981	0.8926418	2.57904	3.108402
7758	-1252.363	-1465.97	213.607	0.9132094	3.30518	2.7807
7764	-1258.606	-1473.178	214.5727	1.239677	3.512871	1.905921
7770	-1252.1	-1464.747	212.6464	0.691692	3.813035	3.374437
7776	-1250.298	-1463.974	213.6761	1.027069	3.702925	2.576462
7782	-1262.245	-1476.59	214.3446	1.072747	3.921379	2.072232
7788	-1270.559	-1484.634	214.0744	0.8581891	4.810974	2.206194
7794	-1270.307	-1483.403	213.0964	1.103032	3.276664	2.981598
7800	-1263.708	-1478.847	215.1391	1.181184	3.549932	1.537722
7806	-1255.982	-1469.808	213.8265	0.8936243	3.549932	2.600516
7812	-1264.111	-1478.546	214.4347	1.172802	3.84649	1.962976
7818	-1249.494	-1464.207	214.713	1.313377	3.426615	1.781475
7824	-1251.805	-1466.452	214.647	1.286697	3.841967	1.740518
7830	-1267.023	-1480.772	213.7488	0.7548932	4.0076	2.63446
7836	-1262.76	-1476.405	213.6448	0.9375341	4.257485	2.534913
7842	-1249.716	-1463.377	213.6616	0.9762139	3.732722	2.610379
7848	-1237.618	-1451.833	214.2147	1.068743	4.285553	2.081304
7854	-1255.047	-1469.703	214.6552	1.075427	2.842775	2.141288
7860	-1260.296	-1474.299	214.0033	0.8596618	4.344137	2.341094
7866	-1250.783	-1463.661	212.8783	0.9404088	3.399224	3.180327
7872	-1257.157	-1471.711	214.554	1.108964	3.425756	2.028204
7878	-1241.889	-1456.418	214.5296	1.236576	2.595165	2.192248
7884	-1236.548	-1450.925	214.3771	1.022711	3.300689	2.231856
7890	-1233.822	-1448.409	214.5863	1.037786	3.300689	2.085917
7896	-1243.834	-1458.34	214.5059	0.9643033	3.710963	2.085917
7902	-1246.895	-1461.553	214.6579	1.168208	3.143408	1.993871
7908	-1236.296	-1451.118	214.8229	1.140695	3.483621	1.81002
7914	-1249.28	-1464.443	215.1633	1.075512	3.390517	1.641174
7920	-1252.54	-1467.593	215.0523	1.26009	3.124951	1.664139
7926	-1248.007	-1462.607	214.5999	1.200313	2.848114	2.094179
7932	-1244.143	-1458.64	214.4973	1.004125	3.173303	2.199101
7938	-1233.88	-1447.89	214.0091	0.9478203	3.173303	2.54425
7944	-1243.973	-1457.074	213.1015	0.9573558	4.086379	2.890082
7950	-1242.232	-1455.588	213.356	0.8753374	2.730167	3.101559
7956	-1235.723	-1449.655	213.9321	0.9548829	3.505565	2.507063
7962	-1247.427	-1461.197	213.7695	0.9404974	3.723186	2.567756
7968	-1258.612	-1472.476	213.8632	0.9404974	3.835763	2.484578
7974	-1253.577	-1467.101	213.5242	0.9908103	2.914311	2.881915
7980	-1250.944	-1465.194	214.2494	0.9106393	3.264314	2.393968
7986	-1257.265	-1470.493	213.2282	0.8249687	2.731022	3.207218
7992	-1253.575	-1467.229	213.6542	0.979116	3.785485	2.601552
7998	-1259.517	-1474.288	214.7708	1.03693	2.875747	2.081255
8004	-1258.494	-1472.137	213.6431	0.7468064	4.288008	2.648131
8010	-1267.151	-1480.272	213.1212	0.7919998	3.426193	3.117991
8016	-1270.515	-1483.395	212.8804	0.7464273	3.570473	3.255702
8022	-1267.293	-1482.39	215.0967	1.739833	3.859464	1.017861
8028	-1268.494	-1483.23	214.7357	1.608115	4.35484	1.307844
8034	-1247.244	-1462.652	215.408	1.408941	3.564483	1.134791
8040	-1254.554	-1469.8	215.2462	1.288926	3.60682	1.357507
8046	-1251.23	-1466.328	215.0977	1.311606	4.016697	1.343386
8052	-1246.241	-1461.263	215.0217	1.436073	4.016697	1.304463
8058	-1242.129	-1457.054	214.9254	1.368091	4.012647	1.434944
8064	-1238.056	-1452.956	214.9003	1.185086	3.985266	1.597153
8070	-1238.691	-1453.891	215.2002	1.441883	3.985266	1.158122
8076	-1252.935	-1467.939	215.0038	1.37378	3.782713	1.43113
8082	-1256.842	-1470.973	214.1313	1.10664	4.383052	2.091004
8088	-1250.511	-1464.606	214.0955	1.100255	4.279782	2.140004
8094	-1262.598	-1474.99	212.3924	0.7974275	3.113784	3.615678
8100	-1253.279	-1466.589	213.3101	0.7907869	4.144579	2.85301
8106	-1245.947	-1459.212	213.2657	0.955005	3.213601	2.983918
8112	-1247.838	-1460.939	213.1017	0.6927987	3.450637	3.183
8118	-1240.617	-1453.613	212.9966	0.7648638	3.538712	3.183
8124	-1260.218	-1474.098	213.8796	0.769864	3.538712	2.646782
8130	-1257.653	-1471.705	214.052	1.065105	4.026856	2.244418
8136	-1248.922	-1462.922	213.9995	1.056496	3.645061	2.368386
8142	-1256.145	-1470.078	213.9332	1.102183	3.950479	2.313276
8148	-1253.568	-1467.503	213.9345	0.956186	3.685304	2.46342
8154	-1244.405	-1458.202	213.7976	1.054684	4.543129	2.30872
8160	-1257.81	-1471.841	214.0313	1.108894	3.456164	2.359449
8166	-1256.407	-1470.566	214.1588	1.056881	3.326992	2.343044
8172	-1250.958	-1463.955	212.9967	0.9048714	4.148476	2.972573
8178	-1255.416	-1469.307	213.891	0.9960521	3.444997	2.521312
8184	-1259.689	-1473.838	214.1483	1.02748	3.820092	2.252158
8190	-1269.915	-1483.065	213.1502	0.7504705	3.08293	3.206626
8196	-1250.59	-1462.953	212.3629	0.7133976	3.079945	3.689607
8202	-1257.726	-1471.663	213.9373	0.7842894	2.810456	2.784294
8208	-1261.755	-1476.047	214.2927	1.028663	4.059096	2.104797
8214	-1257.442	-1472.116	214.6734	1.167085	5.216512	1.503875
8220	-1260.018	-1474.879	214.861	1.191298	4.481141	1.503875
8226	-1265	-1480.194	215.1945	1.191298	4.175638	1.320221
8232	-1276.937	-1491.532	214.5942	1.197867	4.490366	1.69125
8238	-1270.258	-1485.189	214.9311	1.307753	3.632297	1.575423
8244	-1260.899	-1474.857	213.9581	1.103379	3.860229	2.316394
8250	-1254.961	-1468.884	213.9229	1.054845	4.550664	2.22678
8256	-1255.715	-1470.006	214.2909	1.122168	3.935884	2.071823
8262	-1270.541	-1485.491	214.9501	1.239418	4.01867	1.51215
8268	-1261.119	-1475.057	213.9381	1.213471	3.271153	2.397621
8274	-1263.087	-1477.799	214.7117	1.332878	3.303254	1.80197
8280	-1265.329	-1479.82	214.4907	1.264998	3.188854	2.028384
8286	-1273.646	-1488.168	214.5222	1.054643	3.574497	2.04827
8292	-1266.04	-1480.63	214.5899	1.170739	3.247699	2.009399
8298	-1257.964	-1472.428	214.4635	1.351819	3.112945	2.009399
8304	-1254.398	-1468.968	214.5704	1.218492	4.141129	1.771253
8310	-1250.471	-1464.608	214.1371	1.270548	3.493104	2.178907
8316	-1256.834	-1471.071	214.2365	1.162114	4.428623	1.975089
8322	-1243.814	-1458.356	214.5423	1.198521	4.127887	1.807606
8328	-1247.387	-1461.752	214.3652	1.198521	4.127887	1.928532
8334	-1247.146	-1461.542	214.3967	1.061694	3.870973	2.056601
8340	-1240.474	-1454.908	214.4342	1.133625	3.564751	2.056601
8346	-1241.547	-1456.37	214.8231	1.26945	4.163328	1.548627
8352	-1253.209	-1467.377	214.1673	1.048739	4.513474	2.07891
8358	-1246.319	-1460.151	213.8318	1.048739	3.963873	2.408635
8364	-1241.609	-1454.696	213.0874	0.8737632	4.35692	2.89638
8370	-1255.886	-1469.439	213.5529	0.7967916	3.254247	2.89638
8376	-1239.806	-1453.222	213.416	0.9837261	4.150471	2.669364
8382	-1244.765	-1459.892	215.1268	1.386697	3.840063	1.308243
8388	-1243.467	-1458.56	215.0931	1.396777	4.099003	1.255666
8394	-1245.592	-1460.792	215.1993	1.369814	4.099003	1.188547
8400	-1254.522	-1468.332	213.8096	1.124375	4.09633	2.346706
8406	-1258.896	-1473.006	214.1099	1.098984	3.665352	2.266225
8412	-1254.094	-1468.682	214.5879	1.148969	5.008023	1.622252
8418	-1256.99	-1471.697	214.7065	1.215958	3.802215	1.758123
8424	-1248.389	-1462.917	214.5283	1.305922	4.749215	1.605407
8430	-1256.708	-1471.939	215.2306	1.238977	2.8297	1.64199
8436	-1265.954	-1480.536	214.5822	0.9287701	3.44457	2.123577
8442	-1250.814	-1465.908	215.0934	1.469143	4.825515	0.9868544
8448	-1259.812	-1474.861	215.049	1.469143	4.112766	1.228214
8454	-1253.751	-1468.443	214.692	1.14756	3.132062	1.987976
8460	-1261.451	-1476.125	214.6745	1.123822	3.891745	1.822682
8466	-1252.69	-1466.252	213.5621	0.8917377	3.755055	2.718711
8472	-1267.693	-1482.943	215.2502	1.597835	3.565498	1.106372
8478	-1271.43	-1486.518	215.0879	1.574479	3.325526	1.340963
8484	-1259.561	-1472.774	213.213	0.6791799	2.886774	3.261157
8490	-1252.863	-1465.454	212.5911	1.045413	3.255076	3.321298
8496	-1262.135	-1475.104	212.969	0.7596267	3.255076	3.266988
8502	-1258.033	-1473.124	215.0918	1.405357	3.596932	1.390207
8508	-1266.597	-1481.859	215.2624	1.549224	3.547978	1.145012
8514	-1265.03	-1477.738	212.7078	0.7038619	3.041706	3.504118
8520	-1264.313	-1476.975	212.6622	0.6933502	3.177566	3.504118
8526	-1264.429	-1478.1	213.6715	1.006856	3.449468	2.649639
8532	-1272.886	-1485.916	213.0306	0.7636398	4.620753	2.948329
8538	-1255.343	-1468.626	213.2834	0.9181908	3.413163	2.948329
8544	-1261.104	-1476.188	215.0836	1.607235	4.7837	0.8599426
8550	-1261.081	-1475.921	214.8404	1.470834	5.915405	0.9479012
8556	-1249.024	-1464.418	215.3938	1.519431	3.883376	0.9305111
8562	-1245.321	-1459.579	214.2574	1.055883	4.455389	2.026456
8568	-1259.982	-1474.357	214.375	1.174915	4.35151	1.889251
8574	-1250.693	-1466.063	215.3701	1.677874	3.930342	0.7415597
8580	-1257.777	-1472.813	215.0365	1.672871	5.015169	0.7477838
8586	-1259.645	-1474.868	215.2229	1.672834	4.615417	0.61326
8592	-1250.269	-1465.647	215.3776	1.525077	4.377917	0.7401733
8598	-1254.103	-1469.321	215.218	1.58064	3.808215	1.071347
8604	-1274.519	-1488.12	213.6017	0.7913368	3.051279	2.920257
8610	-1266.364	-1479.984	213.6201	0.7904344	2.638571	3.019918
8616	-1257.706	-1470.947	213.2412	0.7240329	3.286726	3.119247
8622	-1250.902	-1464.801	213.8989	0.8713074	3.821137	2.508712
8628	-1247.507	-1461.294	213.7874	0.9902775	3.799803	2.508712
8634	-1253.336	-1466.897	213.5608	1.116582	3.29577	2.686757
8640	-1261.307	-1475.834	214.5279	1.020714	4.384345	1.88314
8646	-1255.375	-1470.128	214.7529	1.162889	3.679361	1.793199
8652	-1258.87	-1473.167	214.2973	1.068823	3.76254	2.142032
8658	-1260.836	-1474.972	214.1357	1.084075	4.388298	2.101857
8664	-1263.039	-1476.864	213.8251	1.076232	3.08971	2.600028
8670	-1250.027	-1462.608	212.5811	0.7367782	3.214778	3.517342
8676	-1246.31	-1460.04	213.7302	0.9879425	3.34907	2.64889
8682	-1242.778	-1457.296	214.5182	1.124022	3.322107	2.068399
8688	-1239.705	-1454.415	214.7093	1.164036	3.322107	1.914092
8694	-1246.232	-1460.836	214.604	1.171626	3.579318	1.914092
8700	-1242.53	-1455.833	213.303	0.8675277	3.877493	2.865189
8706	-1240.301	-1454.111	213.8098	0.9415223	3.51765	2.58865
8712	-1244.219	-1458.966	214.7474	1.306011	3.900959	1.641096
8718	-1236.995	-1451.038	214.043	0.9326145	4.906403	2.160516
8724	-1233.515	-1448.33	214.8147	1.227791	4.159261	1.586362
8730	-1242.461	-1456.799	214.3383	1.431007	4.740722	1.654034
8736	-1244.046	-1459.083	215.0373	1.428965	3.734288	1.375493
8742	-1251.643	-1466.599	214.9559	1.55398	3.252234	1.481495
8748	-1258.955	-1473.223	214.2681	1.111209	3.33303	2.236908
8754	-1254.471	-1468.707	214.2359	1.081207	3.402271	2.259617
8760	-1253.28	-1467.375	214.0949	0.8508132	3.349956	2.507449
8766	-1246.581	-1460.692	214.1103	0.9158269	3.148291	2.507449
8772	-1246.427	-1460.367	213.9406	0.9870643	3.180243	2.560711
8778	-1242.679	-1456.84	214.161	1.060951	3.117329	2.39242
8784	-1243.484	-1458.321	214.8373	1.060951	4.216352	1.677014
8790	-1248.086	-1462.689	214.6032	1.158496	4.166905	1.784302
8796	-1258.619	-1473.291	214.6728	1.205209	4.585911	1.60881
8802	-1259.884	-1474.943	215.0587	1.467802	3.497262	1.396177
8808	-1249.964	-1465.32	215.3563	1.496551	3.754334	1.037806
8814	-1241.12	-1456.429	215.3091	1.521706	3.776524	1.05148
8820	-1235.818	-1451.022	215.2042	1.521706	3.776524	1.147684
8826	-1250.385	-1465.915	215.5303	1.601987	3.165303	0.9823389
8832	-1246.686	-1461.134	214.4479	1.200473	4.116948	1.873538
8838	-1241.028	-1455.571	214.5425	1.104436	4.53264	1.784106
8844	-1246.594	-1460.768	214.173	1.1342	4.011492	2.124482
8850	-1245.65	-1459.523	213.873	1.077306	2.823167	2.640615
8856	-1256.859	-1470.626	213.7671	1.02651	2.955779	2.701265
8862	-1239.744	-1453.997	214.253	1.148332	3.441545	2.195666
8868	-1246.598	-1460.216	213.6177	0.8957787	3.768358	2.679199
8874	-1248.005	-1462.064	214.0587	1.149594	2.927591	2.451528
8880	-1243.73	-1458.705	214.9749	1.194095	2.926929	1.823284
8886	-1239.113	-1453.542	214.4289	1.223298	3.193165	2.09558
8892	-1246.306	-1460.645	214.3384	1.195088	3.193165	2.173112
8898	-1246.235	-1460.785	214.5504	1.054006	3.193165	2.126907
8904	-1246.46	-1459.928	213.4688	0.8768753	3.193165	2.913633
8910	-1243.514	-1456.529	213.0146	0.9392765	3.007866	3.193751
8916	-1245.898	-1459.57	213.6727	0.894245	3.54301	2.696508
8922	-1259.571	-1473.294	213.7224	0.9848352	4.515469	2.40609
8928	-1267.36	-1480.763	213.4032	0.8931703	2.944304	3.005772
8934	-1245.428	-1458.745	213.3169	0.7094986	3.626348	3.005772
8940	-1239.919	-1453.112	213.1938	0.8325367	3.626348	3.005772
8946	-1234.146	-1447.696	213.5502	0.9302399	3.702741	2.71384
8952	-1233.607	-1447.577	213.9706	1.04176	3.711639	2.380839
8958	-1233.516	-1447.17	213.6543	0.8082574	3.58233	2.751562
8964	-1234.808	-1448.563	213.7551	0.9021068	3.030046	2.7654
8970	-1250.598	-1465.2	214.6023	1.299363	2.782799	2.046561
8976	-1246.804	-1461.552	214.7478	1.121829	3.575951	1.850995
8982	-1249.271	-1463.09	213.8188	1.160613	3.787648	2.384621
8988	-1242.971	-1457.463	214.491	1.093865	4.554276	1.822496
8994	-1252.033	-1466.079	214.0459	1.085975	2.746765	2.549539
9000	-1248.538	-1462.595	214.0565	0.9646105	3.056243	2.534349
9006	-1261.75	-1475.586	213.8356	0.8937771	2.841076	2.771223
9012	-1257.935	-1472.686	214.7514	0.9673245	3.726534	1.916518
9018	-1257.881	-1472.515	214.6343	1.078913	3.217093	2.049021
9024	-1254.7	-1470.098	215.3975	1.3529	3.276822	1.285322
9030	-1258.248	-1472.895	214.6472	1.102779	3.376753	1.982791
9036	-1256.376	-1471.565	215.1886	1.36739	3.25241	1.446451
9042	-1271.514	-1486.31	214.7953	1.338018	4.698212	1.392031
9048	-1266.578	-1481.291	214.7125	1.129073	4.033353	1.759343
9054	-1256.419	-1469.979	213.5602	1.218025	3.870008	2.493052
9060	-1259.775	-1473.255	213.4798	0.8893418	3.829311	2.754534
9066	-1277.446	-1490.318	212.8722	0.798012	2.167693	3.597237
9072	-1259.149	-1473.265	214.1161	1.040355	3.349543	2.375084
9078	-1249.997	-1464	214.0032	1.02693	3.143653	2.506152
9084	-1253.684	-1468.651	214.9668	1.114594	2.879994	1.897166
9090	-1252.448	-1466.965	214.5167	1.089505	4.074767	1.911625
9096	-1257.716	-1472.062	214.3464	1.083531	3.881843	2.072877
9102	-1249.746	-1464.509	214.7622	1.181175	3.875262	1.725664
9108	-1262.834	-1478.087	215.2535	1.145964	4.028242	1.348116
9114	-1263.663	-1478.862	215.1986	1.258188	2.952743	1.612301
9120	-1247.862	-1462.543	214.6811	1.234061	3.890645	1.74172
9126	-1255.988	-1470.791	214.8021	1.203319	3.203743	1.856166
9132	-1246.531	-1460.858	214.3279	1.062387	3.8234	2.112253
9138	-1255.293	-1469.634	214.3415	1.074912	3.504793	2.170405
9144	-1256.015	-1469.972	213.9561	0.9830156	4.668421	2.228942
9150	-1249.247	-1464.556	215.3091	1.322884	3.467206	1.321708
9156	-1242.543	-1457.681	215.1379	1.24053	4.192597	1.321708
9162	-1257.563	-1471.111	213.5481	0.7692294	4.493598	2.653304
9168	-1248.322	-1462.169	213.8465	0.7940707	3.533952	2.653304
9174	-1252.808	-1466.301	213.4931	0.8390488	4.109376	2.71915
9180	-1255.628	-1469.226	213.5986	0.8685951	3.533952	2.759679
9186	-1269.869	-1483.653	213.7845	0.8853452	3.022376	2.759679
9192	-1252.711	-1466.977	214.2655	0.9189595	3.843901	2.241225
9198	-1259.808	-1474.251	214.4436	1.036403	3.843901	2.048525
9204	-1245.626	-1459.856	214.229	1.237777	3.740932	2.081095
9210	-1252.905	-1467.04	214.1359	1.139812	3.397572	2.287349
9216	-1254.364	-1469	214.6363	1.267739	3.843305	1.760995
9222	-1256.093	-1470.563	214.4703	1.261391	3.394947	1.990269
9228	-1255.346	-1469.451	214.1052	1.130707	3.394947	2.3134
9234	-1249.065	-1463.628	214.563	1.203571	3.572838	1.921825
9240	-1248.486	-1463.091	214.6047	1.281679	3.066495	1.974843
9246	-1262.184	-1476.556	214.3716	1.162611	3.3648	2.128421
9252	-1256.337	-1469.933	213.5961	0.7846985	4.270734	2.657136
9258	-1266.698	-1480.163	213.4655	0.7846985	4.093199	2.772461
9264	-1269.013	-1484.222	215.2088	1.276606	3.190788	1.518394
9270	-1276.114	-1490.786	214.6722	1.154298	3.947245	1.790086
9276	-1252.094	-1465.043	212.949	0.8224816	3.947245	3.090625
9282	-1256.037	-1469.206	213.1691	0.9835062	3.571347	2.942034
9288	-1256.819	-1470.521	213.7022	1.08146	3.242177	2.634423
9294	-1259.886	-1473.343	213.4569	1.153793	3.17692	2.75673
9300	-1261.981	-1475.166	213.1845	1.138134	3.827079	2.783399
9306	-1262.644	-1476.814	214.17	1.048144	3.16252	2.383123
9312	-1266.15	-1479.844	213.6939	1.044295	3.493926	2.602305
9318	-1274.479	-1489.05	214.571	1.161649	3.53507	1.954153
9324	-1268.111	-1483.072	214.9611	1.498976	3.373604	1.483159
9330	-1260.18	-1475.245	215.0656	1.493009	3.784005	1.287472
9336	-1260.078	-1474.754	214.6763	1.60366	4.588246	1.3015
9342	-1255.039	-1470.294	215.2544	1.581436	3.458157	1.153362
9348	-1269.93	-1485.017	215.0872	1.378774	3.811856	1.354154
9354	-1247.553	-1460.848	213.2951	0.8777671	4.597483	2.722714
9360	-1252.816	-1466.45	213.6331	1.029579	4.284279	2.47939
9366	-1246.688	-1460.41	213.7216	1.015601	3.594226	2.579798
9372	-1259.074	-1472.99	213.9162	0.9801708	3.93027	2.405813
9378	-1254.132	-1468.773	214.6411	1.125035	4.736292	1.657252
9384	-1250.213	-1463.519	213.3059	1.119084	4.84488	2.521948
9390	-1240.386	-1454.979	214.5922	1.119084	4.058139	1.843778
9396	-1240.807	-1455.658	214.8511	1.178281	4.273581	1.568975
9402	-1249.309	-1463.975	214.666	1.133686	3.967693	1.803792
9408	-1242.665	-1456.573	213.9081	1.006158	3.847481	2.412578
9414	-1248.693	-1463.158	214.4649	0.9979777	3.885435	2.050361
9420	-1258.576	-1472.453	213.8771	0.9979777	4.498678	2.302821
9426	-1255.193	-1469.705	214.5116	0.8273395	4.219312	2.058736
9432	-1233.668	-1449.236	215.568	1.434193	3.032085	1.156684
9438	-1249.32	-1464.749	215.4295	1.322276	3.675514	1.156684
9444	-1253.112	-1467.801	214.6881	1.211092	4.015483	1.723161
9450	-1257.207	-1472.137	214.9301	1.202219	4.162023	1.519421
9456	-1262.408	-1477.655	215.2465	1.202219	2.717078	1.693299
9462	-1255.749	-1469.792	214.0433	1.173276	3.2286	2.367208
9468	-1252.706	-1467.255	214.5483	1.039923	3.140574	2.151441
9474	-1252.089	-1466.456	214.3664	1.085037	4.17475	1.993633
9480	-1252.046	-1466.43	214.3842	1.120297	4.01406	1.993633
9486	-1247.38	-1460.823	213.4424	0.8771679	3.961217	2.757121
9492	-1243.439	-1457.535	214.096	0.9763733	3.786268	2.325917
9498	-1256.526	-1470.44	213.9135	0.6744593	3.720973	2.643708
9504	-1257.818	-1470.49	212.6729	0.6405538	3.720973	3.407919
9510	-1262.535	-1475.027	212.4927	0.7821718	3.909456	3.391891
9516	-1263.776	-1477.384	213.6086	0.7744932	3.43424	2.833708
9522	-1253.672	-1467.394	213.7219	0.7192263	4.539283	2.568136
9528	-1262.699	-1477.02	214.3206	1.051572	3.514623	2.196719
9534	-1257.311	-1471.358	214.0472	0.8169116	3.296491	2.571337
9540	-1250.473	-1464.618	214.1451	0.9363296	3.301915	2.434176
9546	-1258.896	-1472.517	213.6213	0.8656553	3.740571	2.701565
9552	-1250.923	-1464.617	213.6941	0.8997514	3.864117	2.609034
9558	-1254.046	-1468.662	214.6157	0.9002414	2.48131	2.387718
9564	-1248.8	-1462.504	213.7049	0.8392794	3.260912	2.776742
9570	-1257.716	-1472.407	214.6911	1.16021	3.026671	2.009408
9576	-1256.801	-1471.248	214.4472	1.091803	3.677226	2.048509
9582	-1247.637	-1461.898	214.2609	0.933115	3.581768	2.295248
9588	-1246.143	-1460.697	214.5543	0.9499544	4.660845	1.85589
9594	-1255.826	-1468.314	212.4885	0.7523271	3.186352	3.568833
9600	-1260.306	-1474.613	214.3077	1.002613	3.05957	2.351635
9606	-1249.009	-1462.709	213.6994	1.081957	3.391879	2.599602
9612	-1261.765	-1476.409	214.6442	1.06973	4.190427	1.812115
9618	-1254.938	-1469.457	214.5194	1.119952	3.239092	2.091928
9624	-1251.517	-1465.528	214.0104	0.8385319	3.860592	2.450805
9630	-1246.188	-1459.909	213.7207	0.9130062	4.166402	2.521244
9636	-1247.367	-1461.688	214.3202	0.9756033	3.769423	2.186192
9642	-1246.94	-1460.999	214.0589	1.14567	3.41985	2.32729
9648	-1240.591	-1454.698	214.1068	0.9572339	3.803932	2.32729
9654	-1247.382	-1461.298	213.9156	0.8604495	3.751051	2.520455
9660	-1243.002	-1456.655	213.6527	0.9230175	4.351421	2.520455
9666	-1245.093	-1459.338	214.2449	1.101996	4.265577	2.043611
9672	-1251.214	-1465.436	214.2213	1.109359	3.892826	2.135516
9678	-1248.836	-1463.255	214.4195	1.049774	3.080903	2.244363
9684	-1247.36	-1461.354	213.9941	1.120742	3.298831	2.413892
9690	-1249.37	-1462.779	213.409	0.9637118	3.31746	2.867362
9696	-1256.087	-1470.429	214.3428	0.9746746	3.881932	2.146571
9702	-1252.39	-1466.307	213.9167	0.8320766	3.750227	2.537669
9708	-1253.7	-1467.713	214.0128	1.050329	2.972965	2.530135
9714	-1262.414	-1475.91	213.4958	1.079548	4.079499	2.575262
9720	-1257.878	-1472.486	214.6077	1.142037	3.410774	1.974153
9726	-1262.881	-1476.799	213.9181	0.8965623	4.013968	2.43946
9732	-1260.66	-1474.871	214.2114	1.144081	3.224232	2.279813
9738	-1276.145	-1490.794	214.6497	1.104566	4.353485	1.747859
9744	-1266.09	-1480.88	214.7899	1.303819	3.376685	1.747859
9750	-1271.699	-1486.268	214.5693	0.9720633	3.546989	2.078382
9756	-1273.484	-1487.425	213.9411	0.9027881	2.591514	2.771475
9762	-1265.703	-1479.215	213.5123	1.073149	3.179627	2.771475
9768	-1271.799	-1485.775	213.9761	0.7392978	3.393651	2.63994
9774	-1271.578	-1484.601	213.0226	0.7392978	2.56848	3.42365
9780	-1270.17	-1483.505	213.3347	0.7392978	2.35433	3.30298
9786	-1262.45	-1475.521	213.0704	0.7260997	3.134151	3.255732
9792	-1263.808	-1477.803	213.9951	0.9977318	3.504682	2.440975
9798	-1260.065	-1473.492	213.427	1.023942	3.058917	2.883375
9804	-1267.485	-1480.816	213.3306	0.7572341	3.224984	3.060785
9810	-1264.404	-1478.31	213.906	0.9596886	2.701913	2.726444
9816	-1261.528	-1476.005	214.4772	0.9556109	3.052366	2.275426
9822	-1256.484	-1470.148	213.6638	0.8586323	3.679433	2.693218
9828	-1244.992	-1458.942	213.9503	1.022653	3.8702	2.370477
9834	-1242.778	-1456.957	214.1788	0.9761389	3.372148	2.370477
9840	-1237.946	-1451.866	213.9202	0.950655	3.372148	2.548778
9846	-1254.291	-1468.214	213.9227	0.9355849	3.404741	2.548778
9852	-1245.08	-1458.675	213.5945	0.9063673	3.404741	2.768926
9858	-1241.21	-1455.723	214.5135	0.9824407	3.123245	2.215899
9864	-1242.252	-1455.377	213.1256	0.7729865	4.256456	2.953353
9870	-1252.004	-1467.153	215.1492	1.397803	3.144646	1.486276
9876	-1252.971	-1467.89	214.9182	1.288948	3.221539	1.711003
9882	-1252.471	-1466.859	214.3885	0.8566643	2.827883	2.455906
9888	-1252.76	-1466.785	214.0252	0.9638593	2.827883	2.615424
9894	-1250.967	-1464.728	213.7617	0.8415417	2.936049	2.822714
9900	-1254.182	-1467.815	213.6335	0.8813933	3.596762	2.716257
9906	-1259.817	-1473.879	214.062	0.9597683	4.112916	2.287231
9912	-1262.532	-1476.92	214.3877	0.8869295	4.92035	1.960424
9918	-1249.346	-1463.404	214.0576	1.05809	4.505978	2.146177
9924	-1241.328	-1455.309	213.9813	0.9048182	3.813166	2.437794
9930	-1243.589	-1457.475	213.8864	0.6877562	3.716196	2.653302
9936	-1247.875	-1461.304	213.4293	0.924939	4.186263	2.690194
9942	-1258.579	-1473.573	214.9934	1.16732	2.611293	1.926524
9948	-1251.414	-1465.369	213.9542	1.234406	3.924499	2.220669
9954	-1250.667	-1464.939	214.272	1.297662	4.050333	1.941809
9960	-1245.218	-1460.047	214.8289	1.276229	4.012538	1.576064
9966	-1252.74	-1467.817	215.0768	1.412695	3.630585	1.386611
9972	-1247.818	-1462.86	215.0415	1.360826	3.707503	1.432634
9978	-1246.725	-1461.364	214.6382	1.238929	4.628834	1.600058
9984	-1248.334	-1462.766	214.4319	1.20244	3.230844	2.097345
9990	-1244.64	-1458.912	214.2717	0.971186	4.06892	2.153963
9996	-1250.503	-1464.541	214.0381	0.971031	4.658487	2.185596
10002	-1242.719	-1457.007	214.2881	0.9887844	3.715672	2.210765
10008	-1239.378	-1452.636	213.2576	0.954466	3.093474	3.01849
10014	-1261.925	-1475.434	213.5085	0.8170132	3.53733	2.845126
10020	-1247.617	-1459.785	212.1684	0.7061535	3.507775	3.708664
10026	-1260.079	-1473.702	213.6227	0.7610234	5.036929	2.513796
10032	-1247.359	-1461.478	214.1193	1.101749	3.128586	2.390023
10038	-1251.531	-1466.154	214.6231	1.072831	4.244586	1.812457
10044	-1237.649	-1451.776	214.1266	1.071344	4.640012	2.06574
10050	-1248.976	-1462.815	213.8387	0.9007227	3.988868	2.491948
10056	-1244.49	-1459.058	214.5677	0.977581	4.156237	1.934715
10062	-1245.708	-1459.789	214.0811	0.9475328	3.612691	2.393173
10068	-1252.064	-1465.656	213.592	0.9236558	3.469635	2.7448
10074	-1243.473	-1456.774	213.301	0.8898806	3.781958	2.873027
10080	-1242.927	-1456.278	213.3511	0.9882346	3.728983	2.794313
10086	-1250.179	-1463.606	213.4269	0.9123977	3.728983	2.794313
10092	-1258.664	-1472.317	213.653	0.9392566	3.721455	2.640995
10098	-1259.243	-1473.019	213.7766	0.980282	4.408235	2.3956
10104	-1251.794	-1466.729	214.9346	1.149696	3.664601	1.678592
10110	-1242.483	-1457.283	214.7998	1.288337	4.234026	1.534976
10116	-1248.13	-1462.4	214.2705	1.130727	3.745458	2.123091
10122	-1235.048	-1449.316	214.2675	0.9431646	3.745458	2.246647
10128	-1250.944	-1464.329	213.384	0.8331712	4.293095	2.753111
10134	-1270.768	-1484.776	214.0077	0.8580365	3.365895	2.553453
10140	-1247.881	-1462.334	214.4529	0.9382568	3.872048	2.100598
10146	-1248.651	-1463.084	214.4333	1.087524	4.329557	1.913637
10152	-1253	-1467.3	214.3	1.080944	4.440955	1.984303
10158	-1253.205	-1467.624	214.4185	1.15404	3.448727	2.082174
10164	-1259.298	-1472.887	213.5899	1.030376	4.174852	2.527922
10170	-1259.347	-1472.796	213.4498	0.8888831	3.647202	2.812635
10176	-1262.439	-1475.673	213.2337	0.802466	3.766892	2.96961
10182	-1264.878	-1477.116	212.2379	0.6764571	3.195697	3.755707
10188	-1247.561	-1460.805	213.2443	0.9059838	3.023027	3.073104
10194	-1250.513	-1464.987	214.4745	1.048747	3.39275	2.128542
10200	-1254.907	-1468.816	213.909	1.048747	3.569938	2.447769
10206	-1269.492	-1483.436	213.9446	0.9871639	3.787851	2.414684
10212	-1264.948	-1478.861	213.913	1.000487	3.391558	2.517527
10218	-1269.895	-1482.806	212.9109	0.6222626	4.03772	3.214151
10224	-1269.569	-1482.42	212.8515	0.7924103	3.717114	3.214151
10230	-1265.057	-1478.049	212.9921	0.6119275	3.829893	3.214151
10236	-1260.779	-1474.061	213.2828	0.7786975	4.208145	2.864362
10242	-1276.773	-1490.497	213.7242	0.6881477	3.301938	2.847062
10248	-1276.149	-1489.06	212.9108	0.821364	3.594739	3.188098
10254	-1256.797	-1469.885	213.088	0.9549838	3.919191	2.933578
10260	-1244.05	-1458.302	214.2514	0.9607337	3.60997	2.277063
10266	-1250.031	-1464.793	214.7617	1.033728	3.355854	1.957699
10272	-1248.539	-1461.805	213.266	0.8157957	4.223593	2.849073
10278	-1239.89	-1454.613	214.7225	0.9952191	4.3952	1.764247
10284	-1249.41	-1463.012	213.6022	0.9670724	3.970682	2.601628
10290	-1259.716	-1473.356	213.6394	0.9670724	3.970682	2.578585
10296	-1246.35	-1458.953	212.6023	0.6330581	3.111202	3.589872
10302	-1255.519	-1468.635	213.1153	0.6191944	4.088393	3.084426
10308	-1242.844	-1455.188	212.3443	0.7820338	3.416275	3.582828
10314	-1244.421	-1457.783	213.3619	0.7791465	3.456862	2.974745
10320	-1263.077	-1477.115	214.0375	0.8844574	4.151363	2.342903
10326	-1261.741	-1475.375	213.6343	1.008259	2.859228	2.819199
10332	-1266.673	-1480.754	214.081	0.8897768	4.824368	2.178914
10338	-1273.126	-1486.841	213.7151	1.023232	3.95089	2.500679
10344	-1266.613	-1480.257	213.6444	0.9376892	4.92871	2.40842
10350	-1247.868	-1461.633	213.7653	0.6781353	3.087863	2.880632
10356	-1250.677	-1464.274	213.5968	0.743339	3.56094	2.830949
10362	-1252.746	-1466.016	213.2709	0.813098	3.375492	3.027633
10368	-1245.14	-1458.873	213.7335	0.7035424	3.368309	2.816364
10374	-1244.74	-1458.823	214.0825	0.7036749	4.346459	2.389299
10380	-1238.986	-1452.235	213.2496	0.8169952	3.322606	3.050385
10386	-1240.239	-1453.858	213.6193	0.9475246	3.837899	2.631361
10392	-1248.009	-1462.04	214.0316	1.05232	4.076084	2.25522
10398	-1249.693	-1463.977	214.2846	0.9232721	4.055957	2.179484
10404	-1243.495	-1457.526	214.0311	0.9024997	3.376503	2.508652
10410	-1246.992	-1461.131	214.1395	0.9695079	2.693862	2.578802
10416	-1242.833	-1456.029	213.1965	0.8517497	4.363273	2.842455
10422	-1241.742	-1454.283	212.5409	0.7544253	3.891151	3.383617
10428	-1244.503	-1457.076	212.573	0.8292585	3.590339	3.383617
10434	-1247.537	-1460.259	212.7213	0.6677017	3.590339	3.391389
10440	-1239.398	-1452.114	212.7167	0.6363386	3.674796	3.394465
10446	-1239.569	-1452.813	213.2437	0.8425398	3.674796	2.95925
10452	-1242.723	-1456.231	213.5078	0.723522	3.03461	3.021689
10458	-1247.198	-1460.714	213.5158	1.010325	3.414643	2.751162
10464	-1242.852	-1456.928	214.076	1.052557	4.45477	2.148037
10470	-1244.799	-1458.892	214.0933	0.9420131	4.76577	2.148037
10476	-1247.923	-1462.235	214.312	1.178493	4.273885	1.946068
10482	-1251.388	-1466.031	214.6431	1.153552	4.273885	1.735782
10488	-1249.763	-1464.027	214.2642	1.15596	5.267757	1.795789
10494	-1248.32	-1462.355	214.0354	0.8735918	3.528983	2.487858
10500	-1253.415	-1467.606	214.191	0.9378831	3.667422	2.31689
10506	-1257.369	-1470.372	213.003	0.8219186	3.205425	3.221809
10512	-1248.067	-1461.608	213.5406	1.00168	4.293439	2.552715
10518	-1253.77	-1466.846	213.0769	0.8271629	4.228625	2.955445
10524	-1251.702	-1466.049	214.3465	1.104519	4.076968	2.015294
10530	-1250.921	-1465.397	214.4765	0.9229812	4.234798	2.015294
10536	-1250.133	-1464.763	214.6307	1.095834	3.480213	1.972011
10542	-1248.115	-1462.176	214.0609	0.9837406	4.385297	2.216474
10548	-1245.095	-1458.627	213.5324	0.9303414	4.309297	2.598944
10554	-1255.01	-1469.645	214.6344	1.180265	3.749561	1.845567
10560	-1254.207	-1468.625	214.4177	1.002318	4.3252	1.982424
10566	-1251.852	-1465.536	213.6845	0.7680381	4.027637	2.661893
10572	-1245.166	-1458.328	213.1613	0.8676813	4.156312	2.894228
10578	-1241.864	-1455.21	213.3461	0.7833071	4.26626	2.811823
10584	-1253.415	-1466.953	213.5385	0.8212138	4.275363	2.669162
10590	-1245.019	-1458.42	213.4018	0.8973947	2.990592	2.992165
10596	-1247.224	-1460.513	213.2893	0.7322331	3.684674	2.995986
10602	-1265.275	-1480.098	214.8225	1.276545	3.192751	1.794753
10608	-1270.288	-1484.891	214.6034	1.18216	3.696149	1.878551
10614	-1280.817	-1495.501	214.6835	1.12052	5.207782	1.532773
10620	-1269.346	-1484.199	214.8528	1.244683	4.214064	1.532773
10626	-1255.751	-1471.069	215.3176	1.387274	3.404209	1.281994
10632	-1255.31	-1468.91	213.5995	0.771852	3.663063	2.789246
10638	-1257.228	-1470.504	213.276	0.7979616	4.563979	2.789246
10644	-1254.234	-1468.967	214.7331	1.255841	4.05784	1.649258
10650	-1251.269	-1464.833	213.5641	0.8027792	3.972097	2.725945
10656	-1255.116	-1469.07	213.954	0.8693023	4.400053	2.355178
10662	-1245.985	-1460.696	214.7103	1.056754	4.684245	1.667508
10668	-1255.434	-1469.812	214.3781	1.191982	4.549439	1.833716
10674	-1254.074	-1468.499	214.4252	1.21912	4.309786	1.833716
10680	-1262.499	-1477.475	214.9752	1.245218	3.156692	1.720198
10686	-1242.729	-1457.615	214.8859	1.280512	3.29729	1.718528
10692	-1259.17	-1473.606	214.4366	1.226936	4.832262	1.71031
10698	-1251.995	-1465.942	213.9464	1.139966	5.507899	1.9798
10704	-1246.006	-1460.683	214.6768	1.194715	3.765366	1.802588
10710	-1244.016	-1458.768	214.7522	1.264442	4.186144	1.59881
10716	-1235.847	-1450.247	214.3999	1.001119	3.968681	2.07236
10722	-1240.034	-1454.274	214.2402	1.113706	4.524097	1.985341
10728	-1245.652	-1459.224	213.5724	1.046201	4.376849	2.488716
10734	-1245.07	-1459.237	214.1671	1.30284	4.552755	1.901372
10740	-1242.827	-1456.509	213.6817	1.078913	5.051186	2.273034
10746	-1255.729	-1469.451	213.7217	0.8812392	5.663665	2.269975
10752	-1255.053	-1469.255	214.2015	0.991831	3.472842	2.321613
10758	-1260.951	-1473.714	212.7631	0.9504237	4.870857	2.952829
10764	-1253.021	-1467.191	214.1701	1.033169	3.653955	2.272446
10770	-1251.72	-1463.811	212.0909	0.6794371	3.135629	3.852709
10776	-1259.894	-1473.68	213.7857	0.7121643	3.579786	2.730537
10782	-1240.981	-1455.154	214.1729	1.035173	3.212502	2.376692
10788	-1241.297	-1455.038	213.7409	0.8353331	4.090229	2.572536
10794	-1256.563	-1471.178	214.6149	1.028477	3.605945	1.996407
10800	-1244.134	-1458.72	214.5859	1.062156	2.963293	2.160827
10806	-1240.656	-1454.926	214.2698	0.9789591	2.728316	2.481863
10812	-1249.412	-1463.588	214.1758	0.9609667	2.479953	2.625028
10818	-1252.174	-1466.832	214.6581	1.027497	3.109774	2.096001
10824	-1263.524	-1477.245	213.7206	0.8986283	4.398968	2.483972
10830	-1242.322	-1456.493	214.1707	1.0771	4.398968	2.081254
10836	-1243.299	-1457.37	214.0713	1.118718	3.357484	2.351832
10842	-1253.96	-1469.279	215.319	1.452758	3.572945	1.171892
10848	-1258.493	-1473.652	215.1587	1.313755	4.055344	1.281954
10854	-1245.198	-1460.585	215.3867	1.313755	3.772147	1.171407
10860	-1246.117	-1461.3	215.1826	1.337569	3.772147	1.322008
10866	-1244.765	-1459.998	215.2333	1.250375	3.876745	1.322008
10872	-1242.502	-1457.775	215.2725	1.50764	4.235946	0.9473514
10878	-1233.315	-1448.481	215.166	1.559861	3.433154	1.255554
10884	-1239.836	-1454.393	214.5571	1.11359	5.019785	1.667409
10890	-1245.165	-1459.77	214.6052	1.256166	3.985291	1.756826
10896	-1252.552	-1467.286	214.7339	1.25563	3.985291	1.666251
10902	-1256.867	-1472.107	215.2396	1.50173	4.396708	0.93452
10908	-1249.975	-1464.959	214.9836	1.42735	4.210809	1.290556
10914	-1258.572	-1473.183	214.6112	1.32453	3.99475	1.702283
10920	-1266.165	-1480.72	214.555	0.8305421	3.1899	2.269423
10926	-1261.37	-1475.678	214.3088	0.8413547	4.528323	2.119232
10932	-1260.309	-1473.966	213.6575	0.7488468	3.170959	2.8824
10938	-1252.625	-1465.868	213.2433	0.8087703	4.393377	2.834414
10944	-1251.572	-1465.641	214.069	1.161784	4.079012	2.15966
10950	-1243.711	-1458.396	214.6847	1.160845	3.756838	1.822601
10956	-1241.506	-1456.44	214.934	1.270254	3.865229	1.54002
10962	-1259.488	-1474.233	214.7449	1.302046	3.524339	1.741375
10968	-1258.966	-1473.116	214.1501	1.054195	3.524339	2.30233
10974	-1254.687	-1468.989	214.3025	0.9884053	3.478527	2.257826
10980	-1257.32	-1472.324	215.004	1.261412	3.315653	1.642896
10986	-1251.51	-1466.287	214.7775	1.080878	4.086926	1.735107
10992	-1245.538	-1460.893	215.3555	1.652776	3.78372	0.8622666
10998	-1242.159	-1457.734	215.5745	1.635412	3.301205	0.8353067
11004	-1242.554	-1457.571	215.0169	1.767881	4.681627	0.777638
11010	-1252.872	-1468.105	215.2334	1.254867	3.252452	1.497719
11016	-1264.066	-1479.304	215.238	1.112181	4.0664	1.377036
11022	-1254.59	-1469.607	215.017	1.463767	4.458349	1.165805
11028	-1259.834	-1474.862	215.0285	1.253306	4.129548	1.414067
11034	-1263.799	-1478.529	214.7295	1.154356	4.53595	1.615507
11040	-1258.682	-1473.49	214.8088	1.377708	3.779124	1.575276
11046	-1261.297	-1476.552	215.2545	1.377708	3.985541	1.166669
11052	-1244.677	-1460.01	215.3326	1.525176	3.853789	0.9987427
11058	-1251.178	-1466.583	215.4055	1.472888	3.794639	0.9987427
11064	-1251.466	-1466.893	215.4266	1.522352	3.598093	0.9987427
11070	-1254.468	-1470.103	215.6346	1.60693	3.177279	0.8571019
11076	-1249.679	-1465.012	215.3335	1.648028	3.974946	0.8135584
11082	-1266.095	-1481.657	215.5619	1.428454	3.238776	1.090952
11088	-1259.993	-1474.931	214.9378	1.258352	3.238776	1.713952
11094	-1244.593	-1459.634	215.0404	1.697477	4.593885	0.8706405
11100	-1267.502	-1480.528	213.0268	0.9231011	3.640073	3.048582
11106	-1256.389	-1470.281	213.8921	0.8807217	3.640073	2.547312
11112	-1263.296	-1476.885	213.5891	0.7255794	4.543037	2.645671
11118	-1251.092	-1465.093	214.0006	0.910536	3.748478	2.436425
11124	-1260.659	-1476.018	215.3582	1.651166	3.569782	0.9473087
11130	-1262.344	-1477.815	215.4712	1.656391	3.569782	0.8097602
11136	-1254.6	-1469.808	215.2088	1.507378	3.952017	1.101687
11142	-1266.909	-1480.836	213.9274	0.943938	4.244578	2.355834
11148	-1256.785	-1471.764	214.979	1.240634	3.403359	1.651349
11154	-1243.357	-1458.231	214.8738	1.254274	3.648866	1.651349
11160	-1255.291	-1470.561	215.2693	1.608841	3.952017	0.9429496
11166	-1268.559	-1484.352	215.7926	1.579687	2.854785	0.8640262
11172	-1251.164	-1465.817	214.6534	1.075485	4.227591	1.793461
11178	-1246.828	-1461.418	214.5903	1.216907	4.578336	1.661407
11184	-1255.156	-1469.675	214.519	1.284553	4.796899	1.617535
11190	-1256.229	-1470.692	214.4633	1.239416	4.484793	1.755387
11196	-1244.13	-1459.254	215.1237	1.272806	3.426037	1.515717
11202	-1249.568	-1463.984	214.4151	1.223222	4.199386	1.862
11208	-1249.322	-1463.364	214.0419	1.134667	3.479375	2.330707
11214	-1249.584	-1464.188	214.6042	1.021874	3.774531	1.967446
11220	-1256.582	-1471.381	214.7988	1.154673	4.239491	1.632081
11226	-1257.442	-1472.423	214.9813	1.172088	3.634604	1.636897
11232	-1244.025	-1458.64	214.6145	1.005867	4.2963	1.853089
11238	-1252.096	-1467.428	215.3311	1.344688	3.946009	1.139984
11244	-1246.908	-1461.943	215.0344	1.011447	3.871329	1.65383
11250	-1246.151	-1460.759	214.6082	1.176823	3.441805	1.94251
11256	-1239.875	-1453.82	213.9451	1.156257	3.33694	2.412977
11262	-1250.305	-1464.908	214.6029	1.099458	3.595581	1.959484
11268	-1243.25	-1457.611	214.3611	1.202626	4.129482	1.928162
11274	-1248.674	-1463.039	214.3647	1.018505	4.259591	2.020807
11280	-1255.601	-1469.542	213.9412	0.9919233	3.905094	2.388063
11286	-1243.449	-1457.214	213.7648	0.8708368	4.853772	2.388063
11292	-1252.376	-1465.416	213.0398	0.7522205	4.189493	3.030307
11298	-1258.05	-1471.184	213.1345	0.7991089	4.189493	2.945245
11304	-1246.97	-1460.55	213.5806	0.8062026	3.815645	2.746691
11310	-1253.326	-1468.997	215.6707	1.40318	3.102818	1.064584
11316	-1260.359	-1474.922	214.5627	1.40318	3.331488	1.848538
11322	-1251.852	-1464.821	212.9689	0.7897046	3.83423	3.121524
11328	-1265.029	-1478.129	213.1004	0.7781835	3.673256	3.084015
11334	-1255.665	-1468.956	213.2904	0.7947348	4.062744	2.878882
11340	-1252.866	-1468.115	215.2489	1.596386	4.102111	0.9241397
11346	-1248.221	-1463.597	215.3765	1.560065	3.832874	0.9241397
11352	-1262.853	-1478.235	215.3821	1.463917	3.832874	1.017591
11358	-1256.222	-1471.554	215.3326	1.379439	3.335977	1.297716
11364	-1256.481	-1470.271	213.7896	0.9610257	3.996407	2.483376
11370	-1240.809	-1455.146	214.3378	1.054	4.321387	2.00205
11376	-1244.704	-1458.87	214.1669	1.121674	4.747057	1.984572
11382	-1229.831	-1443.943	214.1123	1.056327	3.64944	2.295721
11388	-1242.598	-1456.543	213.9444	1.174977	3.536337	2.353552
11394	-1243.028	-1457.971	214.943	1.048975	2.963887	1.93302
11400	-1257.749	-1472.538	214.7895	1.25719	2.635388	1.995403
11406	-1243.264	-1456.3	213.0358	0.8788639	3.451059	3.111485
11412	-1256.524	-1472.154	215.63	1.7687	3.118923	0.6591327
11418	-1259.691	-1475.248	215.5567	1.77884	2.939735	0.8635646
11424	-1258.621	-1473.491	214.8699	1.069854	3.02973	1.949334
11430	-1254.847	-1469.486	214.6395	1.108249	3.613156	1.924585
11436	-1258.314	-1473.747	215.4326	1.290823	3.362293	1.280024
11442	-1253.887	-1468.076	214.1897	1.089713	4.359252	2.06864
11448	-1250.419	-1464.471	214.0527	1.080808	4.154063	2.206731
11454	-1240.006	-1454.604	214.5985	1.08952	3.633985	1.959696
11460	-1263.026	-1477.388	214.3617	0.926256	3.193437	2.330867
11466	-1264.636	-1478.234	213.5974	1.000045	3.244722	2.748141
11472	-1273.245	-1488.525	215.2798	1.672753	3.974419	0.8500899
11478	-1264.158	-1479.639	215.4805	1.598857	3.980008	0.6565635
11484	-1260.708	-1475.88	215.1722	1.824748	4.356295	0.5180073
11490	-1261.146	-1476.289	215.1437	1.824748	4.356295	0.6306444
11496	-1265.63	-1480.854	215.2246	1.771228	4.356295	0.5299022
11502	-1263.315	-1477.618	214.3026	1.100477	3.785852	2.112488
11508	-1248.637	-1462.512	213.8757	1.102589	3.795866	2.383489
11514	-1245.323	-1458.985	213.6627	1.087823	3.679821	2.552226
11520	-1249.25	-1462.652	213.4029	0.8154532	3.694616	2.875208
11526	-1252.595	-1464.315	211.7198	0.7313572	3.927763	3.86607
11532	-1242.608	-1455.453	212.8456	0.7307187	4.160797	3.164471
11538	-1250.748	-1463.453	212.7053	0.885092	3.283905	3.341705
11544	-1259.656	-1472.988	213.3325	0.8691284	3.294155	2.976107
11550	-1258.456	-1471.452	212.9953	0.9153681	2.877305	3.252697
11556	-1250.495	-1464.473	213.9782	1.070798	2.793047	2.587931
11562	-1248.737	-1462.645	213.9082	0.8643474	2.74429	2.771463
11568	-1240.958	-1454.948	213.9897	0.926127	3.36446	2.522609
11574	-1254.055	-1469.127	215.071	1.088251	3.242672	1.738774
11580	-1260.777	-1475.856	215.0795	1.903982	4.385964	0.5506965
11586	-1261.132	-1476.268	215.1359	1.843963	4.385964	0.5675638
11592	-1272.637	-1485.793	213.156	0.9876391	3.088492	3.060692
11598	-1267.605	-1480.911	213.3054	0.9955009	3.601016	2.845814
11604	-1254.198	-1469.563	215.3648	1.730881	3.718735	0.7798731
11610	-1263.461	-1476.828	213.367	0.7965857	2.921239	3.091167
11616	-1268.717	-1482.039	213.3217	0.8365103	3.189956	3.027111
11622	-1256.953	-1470.638	213.6853	1.196343	3.418903	2.530851
11628	-1250.543	-1465.048	214.5051	1.136653	2.751177	2.225617
11634	-1239.025	-1453.435	214.4098	1.043598	3.697433	2.100098
11640	-1254.589	-1469.864	215.2742	1.676757	4.270226	0.7175005
11646	-1248.557	-1464.096	215.5392	1.58821	3.617173	0.7866335
11652	-1239.762	-1453.698	213.9362	0.9379687	3.235437	2.580074
11658	-1234.469	-1448.316	213.8478	0.789764	3.428443	2.679651
11664	-1240.788	-1454.576	213.7875	0.850103	3.428443	2.679651
11670	-1245.165	-1458.91	213.7445	0.8502924	2.889035	2.840242
11676	-1238.004	-1451.951	213.9469	0.9727693	3.243481	2.549838
11682	-1246.762	-1460.317	213.5545	0.9688424	3.19827	2.804696
11688	-1254.463	-1468.234	213.7717	1.084421	3.380588	2.555916
11694	-1260.901	-1476.123	215.2228	1.628811	4.401328	0.8024652
11700	-1251.008	-1466.122	215.1135	1.757652	4.355393	0.795555
11706	-1248.305	-1463.475	215.1701	1.686393	4.596873	0.7063314
11712	-1249.878	-1465.213	215.3356	1.712532	4.145647	0.5977312
11718	-1248.515	-1463.979	215.4642	1.571446	3.753476	0.8421094
11724	-1242.551	-1457.986	215.4356	1.730473	3.760672	0.6323535
11730	-1266.833	-1481.959	215.1257	1.626588	4.815176	0.7682656
11736	-1262.023	-1477.035	215.012	1.462195	5.54033	0.871288
11742	-1273.469	-1488.399	214.9302	1.115997	3.049043	1.871758
11748	-1269.541	-1483.511	213.9703	1.024589	3.016394	2.561093
11754	-1270.898	-1484.767	213.8689	0.9487718	3.380757	2.579771
11760	-1263.642	-1477.675	214.0329	0.8781698	2.56861	2.737137
11766	-1266.454	-1480.162	213.7083	0.7505827	3.246187	2.83221
11772	-1258.607	-1473.161	214.5537	1.032778	4.232544	1.890109
11778	-1254.914	-1469.418	214.5032	0.9823462	4.48522	1.904731
11784	-1255.946	-1470.239	214.2929	0.9397159	4.474017	2.075969
11790	-1251.855	-1466.061	214.2061	1.005137	4.543972	2.075969
11796	-1249.941	-1464.018	214.0773	1.20854	3.521857	2.250621
11802	-1247.187	-1461.469	214.2824	1.109597	5.077922	1.85086
11808	-1255.134	-1468.264	213.1295	0.9702847	3.390267	3.014795
11814	-1252.897	-1466.314	213.4172	0.9016567	2.955545	2.98938
11820	-1254.875	-1467.582	212.707	0.6898363	3.434793	3.420928
11826	-1264.451	-1475.872	211.4201	0.6961943	3.240161	4.201932
11832	-1266.316	-1478.488	212.1725	0.6507865	2.961994	3.864089
11838	-1275.775	-1487.471	211.6959	0.7995874	3.977268	3.830895
11844	-1264.569	-1477.752	213.1832	0.870436	4.477227	2.817713
11850	-1261.34	-1473.9	212.5596	1.017137	3.497846	3.301214
11856	-1255.89	-1469.21	213.3199	0.8404496	4.568083	2.735753
11862	-1252.539	-1466.073	213.5336	0.9236341	4.415234	2.581796
11868	-1252.672	-1467.217	214.5448	1.019598	4.315604	1.887103
11874	-1259.195	-1473.76	214.5642	1.054154	3.59085	2.016779
11880	-1271.63	-1485.025	213.3948	1.015577	3.221296	2.867636
11886	-1273.565	-1487.523	213.9578	0.9333565	4.019091	2.390139
11892	-1264.852	-1478.717	213.8645	0.9844484	4.019091	2.416826
11898	-1261.095	-1475.304	214.2087	1.009677	3.35095	2.335429
11904	-1263.349	-1477.261	213.9117	0.9814576	3.130592	2.594643
11910	-1256.54	-1470.123	213.5834	0.9462525	2.874328	2.88364
11916	-1247.839	-1460.94	213.1005	1.04174	4.183723	2.820193
11922	-1245.187	-1458.874	213.6871	0.924943	3.384292	2.705726
11928	-1249.235	-1463.341	214.1062	0.9729414	3.386037	2.414964
11934	-1259.536	-1473.021	213.4847	0.754112	3.020784	3.02069
11940	-1243.617	-1457.018	213.4006	0.7544713	3.806122	2.889555
11946	-1258.852	-1473.352	214.4996	0.8838936	3.17135	2.275556
11952	-1248.686	-1463.121	214.4351	0.9838653	2.929551	2.317718
11958	-1240.097	-1454.474	214.3766	0.9611159	3.385986	2.250442
11964	-1242.641	-1456.815	214.1741	1.01242	3.769389	2.256725
11970	-1250.455	-1464.575	214.1201	0.8091142	3.972162	2.376095
11976	-1261.478	-1475.33	213.8527	1.137046	3.913729	2.350329
11982	-1247.061	-1461.278	214.2175	1.071357	3.913729	2.158102
11988	-1248.737	-1462.991	214.2536	1.059844	3.842587	2.158102
11994	-1247.421	-1462.528	215.1068	1.101367	3.587294	1.609794
12000	-1247.517	-1462.646	215.129	1.357281	4.289214	1.206779
12006	-1244.389	-1459.263	214.8742	1.363309	3.671579	1.565974
12012	-1254.729	-1468.65	213.9211	0.9479126	4.11833	2.383344
12018	-1251.515	-1464.92	213.4046	1.001886	3.910625	2.714516
12024	-1252.048	-1466.156	214.1072	0.9849648	3.267916	2.435849
12030	-1252.084	-1465.976	213.8926	1.041504	4.239817	2.316884
12036	-1256.028	-1469.861	213.8334	1.041504	4.427788	2.316884
12042	-1253.054	-1467.128	214.0736	0.9083355	3.691668	2.40457
12048	-1253.389	-1467.492	214.1033	1.079605	2.995267	2.44923
12054	-1246.28	-1460.999	214.7187	1.095728	3.075647	2.020254
12060	-1264.631	-1478.578	213.9478	1.181152	4.896441	2.061909
12066	-1255.93	-1470.178	214.2479	1.044557	3.324009	2.294893
12072	-1262.033	-1475.787	213.754	0.8831666	4.780818	2.400432
12078	-1264.104	-1478.273	214.1692	1.093961	4.188511	2.115055
12084	-1251.302	-1465.231	213.9293	0.8829486	2.877916	2.710594
12090	-1257.747	-1471.242	213.4948	0.9071691	2.53397	3.054993
12096	-1241.57	-1454.642	213.0724	0.8633352	3.649495	3.054993
12102	-1258.808	-1472.683	213.8749	0.8499379	3.722224	2.558721
12108	-1251.14	-1465.266	214.1257	0.9880576	3.722224	2.313996
12114	-1251.284	-1464.337	213.0534	0.7920797	4.191499	2.997852
12120	-1253.432	-1466.518	213.0867	0.7362037	3.750758	3.100697
12126	-1257.982	-1470.777	212.7948	0.7545449	3.148161	3.397772
12132	-1243.139	-1457.089	213.9498	0.9881458	3.519661	2.471899
12138	-1251.367	-1465.511	214.1443	1.030684	3.900543	2.234716
12144	-1259.114	-1473.405	214.2903	0.9892833	3.968043	2.152084
12150	-1247.639	-1461.26	213.6215	0.9547203	3.218588	2.767522
12156	-1255.858	-1469.812	213.9541	0.8944404	3.218588	2.600176
12162	-1250.231	-1463.978	213.7468	0.8165946	3.170011	2.787298
12168	-1251.233	-1465.186	213.9529	1.125876	3.198215	2.461816
12174	-1250.46	-1464.716	214.2563	0.9139108	3.198215	2.40428
12180	-1265.399	-1479.338	213.9396	1.087954	3.361881	2.453336
12186	-1264.373	-1478.196	213.8231	1.153403	3.568686	2.436259
12192	-1255.851	-1470.839	214.9878	1.184678	3.341399	1.702017
12198	-1259.313	-1474.224	214.9104	1.184678	2.916543	1.877037
12204	-1253.692	-1467.468	213.7757	0.8195244	3.135043	2.776613
12210	-1249.604	-1465.171	215.5668	1.631205	2.884557	1.034771
12216	-1250.353	-1465.737	215.3838	1.636884	3.887713	0.8012641
12222	-1242.963	-1458.304	215.3412	1.588204	3.371085	1.099182
12228	-1253	-1468.357	215.3565	1.699996	3.946922	0.7191685
12234	-1247.902	-1463.148	215.2461	1.726974	4.032373	0.7992587
12240	-1252.202	-1467.52	215.3174	1.726974	4.032373	0.6903734
12246	-1258.244	-1473.707	215.463	1.940849	3.145743	0.6223931
12252	-1257.188	-1472.612	215.4238	1.977803	3.189836	0.5743916
12258	-1252.626	-1467.748	215.1224	1.955041	4.10488	0.5221417
12264	-1254.036	-1469.017	214.9813	1.888531	4.655065	0.6473681
12270	-1247.117	-1461.38	214.2628	1.058102	3.150232	2.321017
12276	-1253.909	-1468.734	214.8244	1.22494	3.013813	1.879762
12282	-1260.505	-1475.523	215.0183	1.326361	3.602696	1.505145
12288	-1265.268	-1480.2	214.9324	1.34011	2.850806	1.774669
12294	-1250.542	-1465.739	215.1965	1.975758	3.768444	0.6093828
12300	-1254.493	-1469.613	215.1204	1.842683	4.285774	0.6878958
12306	-1264.24	-1479.611	215.3705	1.849746	3.537438	0.6878958
12312	-1248.258	-1461.982	213.7242	1.088262	4.169431	2.408456
12318	-1254.171	-1468.745	214.5743	1.096003	2.833033	2.183357
12324	-1255.52	-1469.35	213.8291	1.04407	5.147219	2.183357
12330	-1258.259	-1473.532	215.2733	1.688969	4.078343	0.7932534
12336	-1256.959	-1472.347	215.3882	1.822993	3.616757	0.6475537
12342	-1247.505	-1462.711	215.2059	1.489693	4.062148	1.086626
12348	-1252.192	-1467.635	215.4433	1.504345	3.359281	1.086626
12354	-1253.089	-1467.696	214.6077	1.200683	4.352044	1.710123
12360	-1250.372	-1464.659	214.2873	1.104706	3.645456	2.152555
12366	-1246.869	-1460.095	213.2267	0.9123197	3.259545	3.021924
12372	-1249.37	-1463.282	213.912	1.240498	2.749524	2.535898
12378	-1252.537	-1465.585	213.0487	0.8364432	4.40946	2.932354
12384	-1258.545	-1471.739	213.1944	0.93498	3.728517	2.921644
12390	-1265.571	-1480.58	215.0087	1.401846	4.085668	1.324055
12396	-1254.957	-1470.037	215.0804	1.431849	4.421808	1.147999
12402	-1251.422	-1466.637	215.2149	1.458318	3.433875	1.298608
12408	-1254.004	-1469.281	215.2769	1.677781	3.821141	0.9087523
12414	-1255.393	-1470.259	214.8662	1.626483	4.53745	1.133839
12420	-1255.444	-1470.635	215.1903	1.688044	4.11733	0.8815483
12426	-1257.269	-1472.881	215.6125	1.669753	3.138791	0.8262824
12432	-1251.584	-1467.119	215.5344	1.555904	3.138791	1.034734
12438	-1256.292	-1471.542	215.2497	1.31033	3.270258	1.437895
12444	-1254.801	-1469.349	214.5478	1.15403	4.513707	1.749829
12450	-1248.044	-1462.815	214.7706	1.208669	4.31234	1.59656
12456	-1248.65	-1462.306	213.6565	1.003076	3.703467	2.603342
12462	-1251.099	-1465.161	214.0617	0.9221181	3.001157	2.571987
12468	-1242.922	-1456.571	213.6486	0.931294	3.167239	2.777896
12474	-1241.012	-1455.653	214.6415	1.218817	3.739924	1.816553
12480	-1232.617	-1447.492	214.8752	1.242189	3.611292	1.668775
12486	-1251.398	-1466.084	214.6865	1.199965	3.415048	1.880716
12492	-1252.43	-1467.385	214.9549	1.06008	2.483719	2.064998
12498	-1251.52	-1465.474	213.954	1.041899	3.572601	2.423149
12504	-1252.505	-1465.632	213.1265	0.9313619	3.382867	3.041571
12510	-1232.452	-1445.035	212.5828	0.8653639	3.906795	3.290539
12516	-1233.683	-1446.775	213.0915	0.9767336	3.818362	2.939402
12522	-1242.999	-1456.295	213.2957	0.921404	3.41133	2.939402
12528	-1248.661	-1462.688	214.027	0.9054781	3.940314	2.380882
12534	-1250.713	-1465.025	214.3112	0.8841463	3.454766	2.324727
12540	-1260.663	-1475.282	214.6189	1.028345	3.45101	2.032234
12546	-1259.746	-1474.577	214.8308	1.265349	3.45101	1.726158
12552	-1242.583	-1455.804	213.2213	0.9262993	3.896029	2.875197
12558	-1243.602	-1458.07	214.4678	0.9248029	3.360731	2.221365
12564	-1268.084	-1482.28	214.1966	1.147849	3.483301	2.222217
12570	-1252.04	-1466.131	214.0915	1.004873	3.483301	2.380681
12576	-1244.039	-1457.503	213.4644	0.9861385	3.858754	2.698435
12582	-1257.72	-1471.169	213.4489	0.9280437	3.847069	2.746014
12588	-1268.145	-1481.652	213.5067	0.8153125	4.007837	2.746014
12594	-1262.418	-1477.56	215.1417	1.318917	4.423855	1.192536
12600	-1257.754	-1471.966	214.212	0.9571159	3.172599	2.411499
12606	-1261.043	-1474.792	213.7488	0.9163314	3.047277	2.756124
12612	-1253.165	-1465.618	212.4537	0.7759072	3.492595	3.505855
12618	-1244.55	-1458.377	213.8272	0.9873499	2.969491	2.684845
12624	-1251.441	-1466.556	215.1147	1.375338	3.249217	1.497333
12630	-1247.677	-1462.976	215.299	1.304815	3.237005	1.414405
12636	-1250.983	-1465.871	214.8885	1.483075	3.907556	1.402219
12642	-1244.426	-1458.574	214.1478	0.9649272	3.907553	2.273191
12648	-1252.727	-1467.123	214.3958	1.13084	3.262182	2.159599
12654	-1261.96	-1475.2	213.24	0.7946892	3.766497	2.970552
12660	-1257.043	-1470.989	213.9454	0.9638513	4.544297	2.272054
12666	-1258.245	-1472.998	214.7524	1.05318	4.441812	1.692276
12672	-1260.217	-1474.747	214.5298	1.225818	4.628237	1.687542
12678	-1259.098	-1473.573	214.4748	1.042189	4.373996	1.906784
12684	-1268.987	-1482.712	213.7255	0.979456	4.282858	2.453205
12690	-1271.854	-1486.19	214.336	0.8930454	4.543086	2.06444
12696	-1263.166	-1476.326	213.16	0.7447767	4.311861	2.939028
12702	-1259.905	-1473.081	213.1763	0.9606823	4.311861	2.798389
12708	-1254.992	-1468.496	213.5042	0.7510098	3.951484	2.798389
12714	-1254.738	-1468.706	213.9678	1.144217	4.695902	2.111299
12720	-1250.052	-1464.301	214.2492	1.141805	3.572046	2.170672
12726	-1258.057	-1472.942	214.8855	0.9957457	4.061465	1.724934
12732	-1252.32	-1465.591	213.2706	1.005433	4.084001	2.758578
12738	-1251.902	-1465.965	214.063	0.988667	3.779288	2.340654
12744	-1253.693	-1468.07	214.3771	0.8385344	4.318323	2.118966
12750	-1253.244	-1466.686	213.4421	0.7282331	4.058463	2.828097
12756	-1239.626	-1453.474	213.8484	0.8560454	3.693096	2.577858
12762	-1245.201	-1459.492	214.2905	1.04132	4.490881	2.006879
12768	-1243.185	-1457.571	214.3859	1.131533	3.895848	2.011755
12774	-1252.11	-1465.327	213.2169	0.7603797	4.383265	2.88166
12780	-1263.87	-1477.964	214.0932	1.159977	4.148281	2.1302
12786	-1253.478	-1468.218	214.7403	1.191596	4.620142	1.56194
12792	-1260.129	-1473.765	213.6354	1.060873	3.383705	2.654062
12798	-1244.289	-1457.697	213.4079	0.9999204	5.026465	2.500574
12804	-1250.441	-1464.423	213.9822	0.7216197	3.901571	2.532713
12810	-1246.058	-1460.283	214.2253	0.8397816	3.521603	2.391434
12816	-1256.298	-1470.872	214.5741	1.200268	3.17942	2.018569
12822	-1259.081	-1473.021	213.9399	1.185413	4.227542	2.196644
12828	-1253.381	-1467.846	214.4643	1.07723	3.084781	2.196644
12834	-1249.552	-1463.98	214.4282	1.106234	3.101898	2.196644
12840	-1254.982	-1469.106	214.124	0.9703827	4.372556	2.186844
12846	-1249.062	-1463.87	214.8085	1.086503	3.610276	1.824867
12852	-1256.626	-1470.445	213.819	0.9724846	4.048016	2.446885
12858	-1249.447	-1463.619	214.1719	1.025862	4.244607	2.145991
12864	-1250.164	-1463.073	212.9086	0.9806086	4.244607	2.961265
12870	-1262.114	-1475.256	213.1414	0.7739664	3.783567	3.038498
12876	-1262.411	-1475.835	213.4239	0.9724066	4.269491	2.647784
12882	-1251.221	-1465.577	214.3565	1.08892	4.378449	1.954177
12888	-1247.083	-1461.367	214.2843	1.104576	5.648727	1.748356
12894	-1243.096	-1457.01	213.9141	1.007003	4.337296	2.305429
12900	-1237.772	-1451.405	213.6339	0.8413764	3.494701	2.763676
12906	-1240.462	-1453.872	213.4094	0.7409908	3.01164	3.075902
12912	-1235.311	-1448.346	213.035	0.8127945	3.986803	3.037045
12918	-1246.724	-1460.831	214.1071	0.9993057	3.758132	2.310573
12924	-1233.185	-1446.833	213.6477	0.9549814	4.258888	2.521967
12930	-1234.975	-1448.966	213.9914	1.106873	2.921663	2.521967
12936	-1234.582	-1448.874	214.2924	1.190358	3.569089	2.111508
12942	-1241.156	-1455.448	214.2913	1.056851	3.443685	2.229469
12948	-1243.146	-1457.307	214.1614	1.017587	3.551575	2.311996
12954	-1249.298	-1464.143	214.8453	1.266204	3.379932	1.73453
12960	-1246.539	-1461.386	214.847	1.329615	3.658957	1.613728
12966	-1258.53	-1473.555	215.025	1.147345	3.637095	1.622554
12972	-1258.276	-1471.381	213.1055	0.9651368	2.801534	3.177878
12978	-1261.225	-1475.886	214.6606	1.274035	3.914841	1.722184
12984	-1264.288	-1477.487	213.1994	0.8055634	2.729738	3.236116
12990	-1259.688	-1472.31	212.6215	0.8235457	3.570551	3.362789
12996	-1265.587	-1479.199	213.6126	0.9099141	3.111316	2.826774
13002	-1244.334	-1458.4	214.0658	0.8050775	3.809075	2.448266
13008	-1242.896	-1456.822	213.9252	0.9463372	3.809075	2.447883
13014	-1243.406	-1457.149	213.7422	0.910606	3.991928	2.54537
13020	-1255.734	-1468.889	213.1555	0.7694201	4.139549	2.960285
13026	-1270.2	-1482.453	212.2525	0.7571186	3.160635	3.70893
13032	-1261.216	-1473.762	212.5462	0.7696283	3.376472	3.481331
13038	-1252.462	-1466.319	213.8571	0.9287941	3.696035	2.526537
13044	-1262.93	-1474.71	211.7801	0.5876	4.034505	3.893249
13050	-1248.124	-1461.252	213.1277	0.9920068	3.921593	2.886775
13056	-1241.029	-1454.301	213.2716	0.9450589	3.875953	2.837566
13062	-1251.879	-1465.774	213.8943	0.8079604	3.875953	2.539191
13068	-1249.871	-1463.571	213.7001	1.008618	3.699108	2.57385
13074	-1257.304	-1471.038	213.7335	0.9679377	3.495937	2.624554
13080	-1250.751	-1464.541	213.7899	0.9059153	3.640369	2.595
13086	-1263.092	-1476.797	213.7051	0.8080628	4.172054	2.595
13092	-1264.739	-1477.664	212.9253	0.802649	4.208658	3.064909
13098	-1241.761	-1454.853	213.0923	0.8350515	3.627084	3.064909
13104	-1244.94	-1459.011	214.0711	0.9490141	4.280932	2.253424
13110	-1252.488	-1468.215	215.7271	1.395498	2.903334	1.098098
13116	-1245.844	-1461.34	215.4963	1.394267	3.990169	0.9155092
13122	-1256.625	-1470.118	213.4933	0.868699	3.490417	2.833611
13128	-1247.787	-1462.404	214.6173	1.075678	3.125482	2.086902
13134	-1254.86	-1468.839	213.9791	1.093053	3.451456	2.403626
13140	-1247.976	-1461.7	213.7247	0.9244187	5.783949	2.220862
13146	-1250.696	-1464.311	213.6149	0.9772478	4.495371	2.48232
13152	-1259.93	-1473.761	213.8316	0.8675979	4.295991	2.45417
13158	-1249.974	-1464.061	214.0874	1.072776	3.39515	2.361507
13164	-1251.334	-1465.993	214.6591	1.029412	3.401506	2.01737
13170	-1272.836	-1487.329	214.4929	1.088391	3.478434	2.068962
13176	-1254.061	-1468.455	214.3946	0.9879631	2.811888	2.373737
13182	-1263.733	-1476.297	212.5644	0.6789219	3.54366	3.486693
13188	-1269.987	-1482.665	212.6773	0.6393007	3.350959	3.486693
13194	-1260.099	-1474.314	214.2148	0.7010592	3.500161	2.49026
13200	-1256.328	-1470.418	214.0897	0.8862834	3.343054	2.49026
13206	-1261.907	-1476.055	214.1475	0.9261489	3.099714	2.49026
13212	-1271.199	-1485.071	213.8724	0.7557321	4.095518	2.539213
13218	-1263.004	-1477.663	214.6586	1.041342	3.7941	1.913038
13224	-1267.006	-1480.758	213.7522	0.8823225	3.071182	2.768736
13230	-1257.944	-1472.298	214.3548	0.8512269	3.33442	2.347367
13236	-1244.346	-1457.872	213.5254	1.00714	3.879309	2.643633
13242	-1245.813	-1459.666	213.8529	1.047514	3.690591	2.456147
13248	-1237.718	-1451.555	213.8372	1.027862	3.607407	2.497221
13254	-1238.425	-1452.494	214.0688	0.8969042	3.72141	2.408101
13260	-1233.806	-1446.954	213.148	0.7864542	4.851173	2.822661
13266	-1244.894	-1458.948	214.0545	1.015745	4.560542	2.164958
13272	-1244.644	-1458.794	214.1503	0.9199775	4.560542	2.164958
13278	-1253.673	-1467.952	214.2785	1.124321	3.298074	2.230535
13284	-1247.417	-1462.072	214.6551	1.294143	4.38457	1.601928
13290	-1270.189	-1483.922	213.733	1.033913	3.822447	2.510457
13296	-1263.728	-1477.163	213.4353	0.8464622	2.834459	3.043348
13302	-1260.716	-1474.2	213.484	0.8422717	2.928658	2.991882
13308	-1260.96	-1474.432	213.4723	0.7286929	4.199209	2.781346
13314	-1251.218	-1465.3	214.0824	0.9978061	4.244268	2.222304
13320	-1249.116	-1463.894	214.7777	1.108905	4.244268	1.678868
13326	-1247.96	-1462.767	214.8063	1.231096	4.244268	1.569988
13332	-1248.82	-1463.522	214.7019	1.163453	3.314947	1.921395
13338	-1254.283	-1468.873	214.5899	1.277098	4.820235	1.566403
13344	-1245.877	-1460.428	214.5511	1.298666	5.30499	1.478935
13350	-1248.021	-1462.749	214.7275	1.312479	3.820943	1.670556
13356	-1259.516	-1474.878	215.3618	1.320023	3.56795	1.250097
13362	-1257.246	-1472.423	215.1768	1.554035	3.307386	1.29148
13368	-1241.934	-1457.087	215.1532	1.624056	4.011595	1.025074
13374	-1242.133	-1457.066	214.9332	1.369002	4.855134	1.217962
13380	-1259.253	-1472.754	213.5009	1.04851	4.308586	2.545267
13386	-1254.32	-1468.558	214.2377	0.9797445	4.268817	2.12806
13392	-1250.236	-1464.419	214.1831	0.8780484	4.78208	2.12806
13398	-1257.484	-1470.777	213.2931	0.7292773	5.335936	2.687077
13404	-1257.3	-1470.934	213.6337	0.9538136	4.487799	2.486693
13410	-1250.394	-1463.591	213.1971	0.8247431	3.414529	3.055842
13416	-1249.933	-1463.257	213.3238	0.8387833	3.332213	2.990608
13422	-1238.152	-1451.739	213.5864	0.7348304	3.208458	2.924664
13428	-1260.799	-1474.444	213.6448	0.7236001	3.864894	2.747466
13434	-1251.886	-1465.653	213.7671	0.9385509	4.318665	2.445632
13440	-1243.82	-1457.729	213.9096	0.9261931	3.922653	2.445632
13446	-1256.674	-1469.34	212.6663	0.8210779	3.185263	3.425287
13452	-1248.102	-1461.865	213.763	0.9335336	3.735993	2.573262
13458	-1260.448	-1474.292	213.8435	1.117072	3.286179	2.513794
13464	-1257.187	-1471.156	213.9683	0.8527157	3.992772	2.43996
13470	-1249.524	-1462.933	213.4096	0.7479912	3.591888	2.93446
13476	-1238.141	-1451.621	213.4799	0.7430727	3.723059	2.866234
13482	-1235.916	-1449.577	213.661	0.9757921	4.561729	2.44166
13488	-1237.982	-1451.824	213.8429	0.9021879	3.534879	2.588563
13494	-1247.212	-1459.525	212.3133	0.6231735	3.554278	3.662812
13500	-1256.631	-1469.048	212.4176	0.6697945	3.389474	3.611407
13506	-1258.189	-1471.035	212.8459	0.7344621	3.043765	3.404984
13512	-1257.641	-1471.681	214.0399	0.8684782	3.286489	2.546242
13518	-1262.307	-1474.854	212.5466	0.8805855	3.998275	3.284561
13524	-1262.799	-1476.621	213.8229	0.8788956	3.446576	2.635857
13530	-1250.369	-1464.451	214.0817	0.7846827	3.081779	2.623686
13536	-1254.849	-1469.242	214.3933	1.095419	3.270667	2.18202
13542	-1243.629	-1457.967	214.3381	1.070315	3.558161	2.162675
13548	-1248.737	-1462.377	213.6398	0.8908656	3.558161	2.715353
13554	-1247.383	-1461.256	213.8736	0.9230997	3.335858	2.603556
13560	-1261.125	-1475.225	214.1004	1.042674	3.483173	2.351094
13566	-1253.357	-1467.674	214.3169	0.9865298	3.943571	2.141935
13572	-1256.815	-1470.332	213.5162	0.7053869	3.875094	2.834754
13578	-1248.075	-1462.793	214.718	1.13205	3.875094	1.790913
13584	-1244.935	-1459.175	214.2398	1.129668	3.825674	2.125379
13590	-1262.561	-1475.324	212.7627	0.7806041	2.679412	3.520672
13596	-1260.123	-1473.065	212.9425	0.7900989	2.313354	3.51548
13602	-1279.327	-1492.608	213.2807	0.7126511	3.380824	3.080635
13608	-1262.943	-1476.219	213.2759	0.8390529	3.771947	2.92105
13614	-1252.002	-1465.272	213.2697	0.8486116	2.972269	3.105049
13620	-1255.338	-1469.281	213.9429	0.854183	3.873228	2.480613
13626	-1248.985	-1462.763	213.7776	0.8432212	2.818319	2.843454
13632	-1251.38	-1463.904	212.5232	0.7361357	4.082057	3.366874
13638	-1248.946	-1462.995	214.0498	1.02108	3.756454	2.333563
13644	-1249.664	-1464.48	214.8155	1.014445	2.863718	2.070093
13650	-1250.415	-1464.86	214.4446	1.160583	3.65678	2.009505
13656	-1257.685	-1472.8	215.1154	1.22638	3.664134	1.490487
13662	-1260.381	-1475.184	214.8033	1.122344	3.550709	1.818897
13668	-1263.048	-1475.398	212.3501	0.6582622	3.550709	3.621901
13674	-1267.042	-1480.926	213.8832	0.8432477	2.751867	2.797495
13680	-1261.997	-1475.55	213.5534	0.8852362	3.098176	2.880909
13686	-1250.872	-1464.514	213.6419	0.8854009	3.089666	2.829325
13692	-1260.916	-1474.845	213.9288	0.7323658	2.980267	2.775892
13698	-1261.113	-1475.009	213.8956	0.8718762	3.023318	2.699643
13704	-1258.556	-1472.325	213.7689	0.8497826	3.345971	2.710752
13710	-1251.44	-1465.354	213.9142	1.07747	2.955723	2.579155
13716	-1251.138	-1464.902	213.764	0.8821139	4.248219	2.496968
13722	-1266.575	-1479.778	213.2031	0.7409545	3.073122	3.183341
13728	-1247.302	-1460.391	213.089	0.816995	3.073122	3.205876
13734	-1255.784	-1468.808	213.0237	0.912914	3.474414	3.093129
13740	-1267.438	-1481.029	213.5917	0.8532951	3.319662	2.823016
13746	-1255.982	-1470.352	214.3699	1.083098	3.698821	2.100053
13752	-1256.937	-1471.018	214.0809	0.8811421	4.233959	2.300263
13758	-1253.513	-1467.763	214.2499	1.07272	3.316195	2.277517
13764	-1251.209	-1465.732	214.5222	1.093211	3.287369	2.095065
13770	-1250.415	-1465.364	214.9487	1.208061	3.287369	1.728098
13776	-1256.546	-1471.541	214.9949	1.209986	3.497505	1.636264
13782	-1250.184	-1463.877	213.6931	0.9280499	3.245072	2.733573
13788	-1261.356	-1475.455	214.0993	0.8544519	4.472303	2.257604
13794	-1241.582	-1456.203	214.6209	1.118593	3.524496	1.952213
13800	-1243.469	-1458.58	215.1107	1.288074	3.419603	1.515852
13806	-1250.928	-1465.821	214.8934	1.270404	3.111419	1.772842
13812	-1257.116	-1471.555	214.4383	0.9480388	2.800054	2.37472
13818	-1239.782	-1453.815	214.0332	1.002033	3.363571	2.448065
13824	-1245.596	-1459.643	214.0477	0.8825436	3.997515	2.370015
13830	-1244.088	-1457.731	213.6429	0.8750407	4.355618	2.555655
13836	-1239.928	-1453.511	213.5834	0.7971042	4.355618	2.64076
13842	-1251.395	-1465.399	214.0048	0.8310556	4.458584	2.335697
13848	-1249.101	-1461.549	212.4482	0.7440688	4.458584	3.335672
13854	-1244.412	-1458.276	213.8642	0.844105	4.150551	2.477821
13860	-1250.983	-1465.168	214.1846	0.8791083	4.150551	2.252464
13866	-1241.451	-1455.629	214.1781	0.833429	4.532821	2.208444
13872	-1236.823	-1451.471	214.6474	0.9957734	4.32502	1.831162
13878	-1248.159	-1463.137	214.9777	1.120553	4.32502	1.505796
13884	-1243.268	-1457.637	214.3687	1.092784	4.563186	1.904985
13890	-1237.245	-1451.964	214.7186	1.197639	4.317915	1.64092
13896	-1245.326	-1460.179	214.8529	1.10451	4.309858	1.613031
13902	-1251.018	-1465.871	214.8529	1.152091	4.161736	1.613031
13908	-1262.214	-1476.204	213.9899	0.9496356	4.655972	2.231045
13914	-1264.497	-1478.181	213.6841	0.7844202	3.760289	2.708593
13920	-1270.669	-1484.688	214.0192	0.7165885	5.040199	2.290885
13926	-1255.756	-1469.893	214.1373	1.023879	3.471678	2.342382
13932	-1256.544	-1469.101	212.5571	0.6805973	4.476651	3.305609
13938	-1260.264	-1473.582	213.3183	0.7835866	4.476651	2.78847
13944	-1263.187	-1475.968	212.7807	1.044578	4.605749	2.932333
13950	-1251.512	-1464.821	213.3085	0.7830696	3.598038	2.972848
13956	-1246.408	-1460.311	213.9038	0.9185561	3.636886	2.517135
13962	-1253.42	-1467.17	213.7503	0.9582653	3.67576	2.579189
13968	-1253.078	-1466.884	213.8055	0.8108651	3.938866	2.579189
13974	-1249.49	-1463.108	213.6178	0.9409067	2.810046	2.883307
13980	-1249.644	-1463.826	214.1816	0.8979106	4.55316	2.160376
13986	-1241.447	-1455.286	213.8391	0.8781506	3.849992	2.535472
13992	-1252.728	-1467.419	214.6911	1.186613	3.876738	1.771285
13998	-1256.918	-1471.061	214.1424	1.03551	4.156494	2.177444
14004	-1255.457	-1467.669	212.2119	0.5385538	3.779798	3.723274
14010	-1245.546	-1458.906	213.3604	0.8817083	3.430215	2.919993
14016	-1239.268	-1452.928	213.6594	0.7180637	3.729365	2.770971
14022	-1240.974	-1455.091	214.1169	0.9181321	4.897721	2.123374
14028	-1233.092	-1447.112	214.0199	0.9712826	3.897675	2.352879
14034	-1239.571	-1453.766	214.1949	1.060466	4.050642	2.149767
14040	-1229.322	-1443.364	214.0422	1.152433	4.997648	1.999343
14046	-1239.326	-1453.485	214.1592	1.148633	3.454942	2.252691
14052	-1236.036	-1450.262	214.2259	1.148633	4.432936	1.990284
14058	-1239.394	-1453.275	213.881	1.148633	4.028984	2.300063
14064	-1249.219	-1463.111	213.8914	1.004341	4.028984	2.385153
14070	-1239.934	-1453.799	213.8649	0.8111368	3.711292	2.591453
14076	-1244.6	-1458.183	213.5835	0.8697887	2.876817	2.929092
14082	-1244.114	-1455.698	211.5844	0.799996	3.972564	3.895605
14088	-1240.417	-1454.349	213.9318	0.9399253	4.600786	2.285172
14094	-1251.431	-1465.616	214.1846	0.9009531	3.932261	2.285172
14100	-1249.376	-1464.123	214.747	1.203187	3.513325	1.811524
14106	-1253.525	-1467.325	213.8	1.160491	4.513114	2.245258
14112	-1252.188	-1467.149	214.9615	1.245478	3.317315	1.68424
14118	-1246.222	-1461.25	215.0274	1.458461	3.875604	1.320527
14124	-1257.418	-1472.284	214.8662	1.299278	4.718872	1.362009
14130	-1251.006	-1466.194	215.1881	1.339995	3.651019	1.350324
14136	-1251.279	-1465.474	214.195	1.287138	4.268712	1.952785
14142	-1251.96	-1466.168	214.2086	1.054286	4.268712	2.098362
14148	-1247.746	-1461.967	214.2213	1.054286	3.931891	2.162695
14154	-1243.053	-1457.044	213.9911	0.9787881	3.931891	2.358997
14160	-1250.897	-1465.299	214.402	0.9611407	3.416131	2.2266
14166	-1254.718	-1469.1	214.3824	1.001611	3.362051	2.2266
14172	-1243.355	-1457.689	214.3344	0.8797135	4.437979	2.095481
14178	-1258.072	-1471.911	213.8388	0.7355441	3.997273	2.592954
14184	-1251.255	-1464.783	213.528	0.8532866	3.368607	2.850091
14190	-1237.669	-1451.717	214.0486	0.8556328	3.094824	2.596918
14196	-1244.736	-1459.729	214.9929	1.051132	3.644499	1.712307
14202	-1240.614	-1455.259	214.6456	1.134995	4.431069	1.712307
14208	-1237.277	-1451.567	214.2898	1.249414	4.040174	1.964571
14214	-1230.86	-1446.132	215.2714	1.425742	3.742385	1.183479
14220	-1229.911	-1445.356	215.4448	1.40587	3.426507	1.150882
14226	-1237.185	-1452.169	214.9839	1.493269	4.138959	1.255277
14232	-1246.921	-1462.333	215.4125	1.650819	3.335568	0.983513
14238	-1254.269	-1469.837	215.568	1.519051	3.658221	0.8203596
14244	-1277.733	-1493.258	215.5242	1.528116	2.654641	1.256969
14250	-1263.09	-1478.414	215.3241	1.724302	3.680676	0.8582133
14256	-1263.874	-1479.27	215.3968	1.73884	3.41909	0.8698194
14262	-1258.214	-1473.307	215.0927	1.220259	3.555701	1.541565
14268	-1261.306	-1476.602	215.2967	1.294395	3.555701	1.327924
14274	-1258.973	-1473.84	214.8662	1.361755	3.555701	1.603883
14280	-1252.133	-1466.098	213.9654	0.8540859	4.70605	2.298555
14286	-1247.188	-1461.447	214.259	1.030301	4.295165	2.075462
14292	-1246.15	-1460.88	214.7303	2.346828	3.291536	0.2076618
14298	-1255.808	-1470.276	214.4679	2.346828	4.346924	0.2537161
14304	-1249.397	-1464.177	214.7803	2.351288	3.434824	0.2546835
14310	-1253.15	-1467.906	214.7564	2.412361	3.41742	0.2716069
14316	-1245.659	-1460.745	215.0867	2.41122	2.72081	0.2963327
14322	-1247.705	-1462.142	214.4374	2.493402	4.007103	0.256645
14328	-1240.039	-1454.776	214.7375	2.420816	3.22011	0.228003
14334	-1245.316	-1459.915	214.5994	2.420816	3.573262	0.2270929
14340	-1275.568	-1489.31	213.7415	0.8690983	4.082197	2.552823
14346	-1269.867	-1483.941	214.0734	1.05885	3.160132	2.437925
14352	-1254.472	-1468.797	214.3243	2.420816	4.217301	0.2067369
14358	-1241.334	-1456.035	214.7006	2.383815	3.438553	0.2329295
14364	-1246.006	-1461.189	215.1836	2.259125	2.876931	0.3077333
14370	-1240.694	-1455.964	215.2704	2.253345	2.752556	0.3300582
14376	-1249.997	-1464.969	214.9723	2.218052	3.409347	0.2831545
14382	-1245.308	-1460.512	215.2037	2.254644	2.950221	0.3539229
14388	-1244.285	-1459.417	215.1323	2.151553	3.378433	0.3539229
14394	-1272.335	-1485.881	213.5461	0.8414766	3.794365	2.750795
14400	-1260.588	-1473.973	213.3849	0.8930899	3.119767	2.972428
14406	-1262.98	-1476.879	213.8992	0.795806	3.170109	2.706808
14412	-1260.968	-1475.471	214.5037	2.30108	4.601065	0.2950174
14418	-1283.271	-1497.836	214.5649	2.294423	4.208785	0.2540117
14424	-1263.426	-1477.234	213.8079	0.9878833	3.253822	2.62405
14430	-1258.286	-1472.308	214.0224	0.9878833	3.285142	2.483013
14436	-1257.629	-1472.317	214.6878	1.084321	2.846787	2.112989
14442	-1261.333	-1476.216	214.883	1.10407	2.910409	1.951907
14448	-1264.891	-1479.276	214.3843	1.293795	4.856067	1.695173
14454	-1264.14	-1479.124	214.9845	1.252055	4.182757	1.435555
14460	-1258.975	-1474.04	215.0652	2.034773	4.036727	0.4775835
14466	-1261.039	-1476.452	215.4132	1.915444	3.400569	0.5060228
14472	-1253.242	-1468.733	215.4909	1.896244	3.250996	0.4935932
14478	-1253.971	-1469.419	215.4483	2.087176	2.894062	0.4836224
14484	-1245.388	-1460.784	215.396	2.087176	2.980936	0.4173162
14490	-1252.321	-1467.674	215.3531	1.954759	3.447035	0.5401665
14496	-1246.775	-1462.486	215.7105	1.788673	2.841657	0.6937332
14502	-1248.35	-1463.749	215.3987	1.75416	3.407429	0.8546492
14508	-1252.556	-1467.897	215.3405	1.82493	3.450566	0.8186025
14514	-1244.946	-1460.343	215.3968	1.521644	4.153065	0.8186025
14520	-1238.358	-1453.699	215.3417	1.656305	4.185315	0.6829464
14526	-1244.706	-1460.415	215.7087	1.566799	2.813074	0.989464
14532	-1248.714	-1464.43	215.7161	1.566799	2.862646	0.9592386
14538	-1246.02	-1461.175	215.1554	1.256873	3.536868	1.472541
14544	-1248.645	-1464.112	215.4669	1.228868	3.446491	1.276176
14550	-1254.117	-1468.895	214.7778	1.28899	3.596891	1.708481
14556	-1251.802	-1466.514	214.7125	1.121328	3.928494	1.789415
14562	-1260.101	-1474.883	214.7822	1.121328	3.526207	1.840395
14568	-1259.824	-1474.532	214.7075	1.09865	3.826611	1.832846
14574	-1262.394	-1477.231	214.8373	1.433149	4.114934	1.426518
14580	-1242.68	-1457.67	214.9901	1.425922	4.062142	1.325859
14586	-1251.776	-1466.733	214.9571	1.139813	4.062142	1.569895
14592	-1258.37	-1472.529	214.1596	1.036056	4.062142	2.186101
14598	-1259.535	-1473.744	214.209	0.9866102	4.062142	2.186101
14604	-1251.638	-1466.228	214.5893	1.094241	3.620167	1.966077
14610	-1260.952	-1475.604	214.6515	1.318793	3.581249	1.780137
14616	-1263.524	-1478.028	214.5048	1.313459	4.013938	1.780137
14622	-1263.351	-1478.16	214.8092	1.170121	3.690075	1.746202
14628	-1254.199	-1468.349	214.1495	1.183642	4.213771	2.063702
14634	-1249.461	-1463.361	213.9002	0.8196309	4.133594	2.474092
14640	-1251.338	-1466.231	214.8933	1.27297	3.490947	1.665786
14646	-1247.827	-1462.213	214.3866	1.023847	3.319972	2.220094
14652	-1259.655	-1473.716	214.0607	1.004078	4.903873	2.102719
14658	-1248.785	-1462.291	213.5054	0.712916	4.120351	2.78649
14664	-1255.745	-1469.853	214.1087	0.96334	4.3508	2.205721
14670	-1256.87	-1471.656	214.7853	1.111089	3.242633	1.919699
14676	-1254.714	-1469.607	214.8931	1.260783	3.863183	1.57765
14682	-1249.635	-1463.946	214.3105	1.101046	5.236296	1.807643
14688	-1245.294	-1459.672	214.3776	1.015047	5.502867	1.771813
14694	-1247.533	-1462.386	214.8532	1.428191	3.47149	1.587902
14700	-1248.777	-1462.621	213.8435	0.8962566	4.822444	2.327745
14706	-1240.187	-1454.259	214.0722	1.062225	4.267944	2.182307
14712	-1248.146	-1462.17	214.024	0.8777887	4.547538	2.276223
14718	-1249.416	-1463.598	214.1822	0.8024991	3.940573	2.347717
14724	-1235.402	-1449.085	213.6835	1.018858	3.737046	2.569383
14730	-1252.561	-1467.047	214.4862	1.015607	3.587975	2.094476
14736	-1249.421	-1463.945	214.524	1.055401	3.873635	1.975508
14742	-1248.377	-1462.558	214.1806	0.9434048	3.382291	2.387556
14748	-1251.352	-1465.896	214.5446	1.049207	2.913788	2.209897
14754	-1250.907	-1465.53	214.6232	1.083399	4.325437	1.787242
14760	-1255.372	-1470.535	215.1636	1.119075	2.947542	1.738076
14766	-1246.18	-1460.229	214.0496	1.015937	3.260299	2.454532
14772	-1247.055	-1461.834	214.7791	1.07651	3.039908	2.002818
14778	-1243.46	-1457.108	213.6475	1.006097	3.740432	2.598914
14784	-1238.27	-1452.435	214.1651	0.7435833	2.895972	2.646443
14790	-1242.575	-1456.363	213.7875	0.9084608	3.416659	2.646443
14796	-1239.679	-1454.264	214.5856	0.883364	3.012576	2.262954
14802	-1241.603	-1456.236	214.6336	0.9833946	3.051466	2.156708
14808	-1244.776	-1459.251	214.4749	1.093855	4.178601	1.91393
14814	-1263.673	-1478.928	215.2553	1.509317	3.719211	1.131292
14820	-1263.821	-1479.044	215.2234	1.169928	3.231278	1.574368
14826	-1253.492	-1468.087	214.5949	1.021692	3.079118	2.149455
14832	-1243.716	-1457.647	213.9314	0.8734664	3.712476	2.511054
14838	-1248.098	-1462.042	213.9434	0.969795	3.712476	2.443198
14844	-1260.491	-1474.993	214.5019	1.047768	3.915238	1.98582
14850	-1250.707	-1464.243	213.5361	0.8018622	3.840205	2.771261
14856	-1250.915	-1463.064	212.1485	0.651117	2.925682	3.886706
14862	-1258.455	-1473.381	214.9262	1.288035	4.573981	1.357632
14868	-1243.674	-1458.574	214.8998	1.377161	5.020487	1.19952
14874	-1242.118	-1457.158	215.0406	1.236373	5.020487	1.19952
14880	-1233.767	-1449.008	215.2407	1.528915	3.84474	1.086466
14886	-1246.799	-1461.908	215.1094	1.573979	4.2484	1.040703
14892	-1258.601	-1473.457	214.8565	1.390651	3.994962	1.474757
14898	-1255.008	-1470.211	215.2021	1.44155	4.382619	1.038078
14904	-1255.985	-1471.163	215.1781	1.474494	4.183058	1.089612
14910	-1244.356	-1459.164	214.8076	1.435707	4.533776	1.344206
14916	-1249.682	-1464.514	214.8314	1.289163	3.674264	1.650113
14922	-1271.299	-1484.854	213.5556	0.823367	3.720761	2.771947
14928	-1268.533	-1482.892	214.3595	0.9843786	3.001852	2.345749
14934	-1277.091	-1490.998	213.9069	0.7698024	4.780486	2.375494
14940	-1269.005	-1482.7	213.6948	0.8603193	3.804921	2.64567
14946	-1275.983	-1489.871	213.8875	0.9459736	3.075377	2.64567
14952	-1272.496	-1486.551	214.0549	0.9157541	3.960103	2.352375
14958	-1261.176	-1475.471	214.2951	1.144346	3.129848	2.250527
14964	-1270.347	-1484.939	214.5921	0.8879622	4.333842	1.940266
14970	-1250.491	-1464.804	214.3132	1.066225	4.546615	1.963675
14976	-1257.742	-1473.187	215.445	1.279068	3.591509	1.207131
14982	-1246.635	-1461.452	214.8166	1.195343	3.670689	1.728223
14988	-1256.385	-1471.249	214.8637	1.28136	3.634369	1.642932
14994	-1251.946	-1466.409	214.4626	1.066823	2.754195	2.296847
15000	-1247.68	-1461.979	214.2991	1.062378	4.004307	2.090471
15006	-1246.346	-1460.28	213.9339	1.062378	3.54823	2.428547
15012	-1252.717	-1465.443	212.7258	0.9044643	4.865375	3.003777
15018	-1247.362	-1460.989	213.6266	0.7822749	4.911246	2.520145
15024	-1249.982	-1463.798	213.8161	0.7918702	3.633284	2.650878
15030	-1253.388	-1467.4	214.0121	0.8274587	3.877754	2.452941
15036	-1256.63	-1471.24	214.6099	1.02513	3.877754	1.93722
15042	-1272.636	-1486.909	214.273	0.9024474	3.307556	2.373399
15048	-1269.793	-1484.547	214.7544	1.332221	3.601216	1.693317
15054	-1255.793	-1470.418	214.6258	1.183318	4.196856	1.744432
15060	-1246.882	-1460.475	213.5935	0.8752035	4.196856	2.617546
15066	-1238.9	-1452.531	213.6311	0.8051998	4.297821	2.617546
15072	-1241.91	-1455.471	213.5612	0.7547238	5.040801	2.555334
15078	-1248.548	-1463.023	214.4748	1.220536	3.568715	1.970847
15084	-1241.892	-1456.552	214.6598	1.090163	4.092081	1.809443
15090	-1254.338	-1468.155	213.8169	1.025803	2.955364	2.671252
15096	-1249.031	-1461.722	212.6908	0.8086937	3.366851	3.376019
15102	-1246.384	-1460.745	214.3604	1.08922	3.301224	2.199566
15108	-1253.707	-1467.632	213.9248	1.128483	3.274174	2.458746
15114	-1247.692	-1461.395	213.703	0.8694563	3.5498	2.691575
15120	-1245.598	-1459.642	214.0439	0.9445378	3.53975	2.435467
15126	-1252.088	-1465.935	213.8466	0.9992734	3.144633	2.620353
15132	-1246.301	-1459.876	213.5744	1.060243	2.787328	2.843468
15138	-1256.61	-1470.373	213.7628	0.851142	3.875883	2.594042
15144	-1248.808	-1462.699	213.8912	0.9430141	3.165058	2.622402
15150	-1250.607	-1463.235	212.6281	0.6621515	3.318444	3.509463
15156	-1262.095	-1476.3	214.2047	1.201457	3.318444	2.223236
15162	-1246.721	-1460.67	213.9482	1.002618	4.098127	2.335634
15168	-1249.237	-1463.199	213.9623	0.9471016	3.795514	2.427056
15174	-1248.778	-1462.826	214.0478	1.149758	4.354413	2.123387
15180	-1239.141	-1452.715	213.5741	0.8864768	3.593866	2.750196
15186	-1245.953	-1459.57	213.6165	0.9380328	3.879791	2.629931
15192	-1243.291	-1456.953	213.6616	0.8661094	3.958168	2.629931
15198	-1247.831	-1461.543	213.7125	0.8723215	2.68466	2.902111
15204	-1239.267	-1453.558	214.2918	0.9688105	2.645346	2.49851
15210	-1245.368	-1459.406	214.0381	1.140868	2.823599	2.49851
15216	-1243.898	-1457.569	213.6713	0.9940151	3.133499	2.734138
15222	-1251.896	-1465.176	213.2797	0.7893571	2.993804	3.128908
15228	-1247.427	-1460.001	212.5743	0.8698644	3.059531	3.480793
15234	-1260.493	-1474.239	213.7467	0.9864078	2.966405	2.735563
15240	-1258.404	-1472.911	214.5062	1.056062	3.629208	2.044644
15246	-1255.581	-1470.343	214.762	1.309397	3.475648	1.736992
15252	-1260.399	-1474.685	214.2855	0.9879349	3.838051	2.185115
15258	-1264.131	-1477.779	213.6486	0.8888832	4.033326	2.608275
15264	-1243.998	-1458.01	214.0117	0.978318	3.660832	2.406505
15270	-1241.921	-1455.768	213.8467	0.8423628	4.255217	2.468718
15276	-1240.773	-1454.282	213.5085	0.978888	3.331366	2.794441
15282	-1250.29	-1464.308	214.0175	1.024113	3.604729	2.386782
15288	-1250.383	-1464.459	214.0762	1.124235	3.604729	2.285749
15294	-1256.021	-1469.776	213.755	1.124122	4.579972	2.284427
15300	-1254.093	-1468.883	214.7896	1.352078	3.373897	1.714873
15306	-1249.064	-1464.094	215.0294	1.445652	3.480019	1.440911
15312	-1247.485	-1462.381	214.8964	1.460464	3.684758	1.473508
15318	-1242.449	-1457.062	214.613	1.123258	3.910922	1.860751
15324	-1237.942	-1452.182	214.24	0.9503369	3.378173	2.346555
15330	-1234.847	-1449.065	214.2184	1.093285	4.081132	2.106376
15336	-1246.198	-1460.362	214.1639	1.109794	4.07951	2.131564
15342	-1252.16	-1465.55	213.3894	1.005462	3.45182	2.822545
15348	-1243.745	-1457.516	213.7706	0.87463	3.84873	2.580512
15354	-1253.671	-1466.2	212.5295	0.6408933	3.491342	3.540612
15360	-1249.896	-1462.808	212.9124	0.8446314	3.287194	3.242656
15366	-1251.566	-1465.103	213.5367	0.9694683	3.956748	2.643532
15372	-1244.61	-1458.606	213.9953	0.9869986	3.289854	2.499316
15378	-1250.137	-1464.487	214.35	0.9877998	2.83537	2.395451
15384	-1247.638	-1461.55	213.9126	1.018635	3.875196	2.395784
15390	-1247.093	-1461.452	214.3581	0.9260795	4.088257	2.122842
15396	-1252.757	-1466.45	213.6922	0.9291568	3.806539	2.604409
15402	-1236.295	-1450.373	214.0779	0.7930397	4.424707	2.320015
15408	-1235.692	-1449.324	213.6327	0.8367419	4.034613	2.650032
15414	-1241.152	-1454.754	213.6013	1.061287	3.712364	2.599519
15420	-1274.593	-1488.812	214.2197	0.875392	2.662041	2.596645
15426	-1260.52	-1474.536	214.0158	0.9947034	2.662041	2.648876
15432	-1255.901	-1469.724	213.8238	0.9050683	3.161251	2.688248
15438	-1255.734	-1469.821	214.0863	0.83417	3.877991	2.401949
15444	-1251.463	-1465.794	214.3305	0.9734973	4.327004	2.059079
15450	-1253.649	-1467.692	214.0432	1.107413	3.795171	2.273904
15456	-1249.342	-1463.678	214.3365	1.07444	4.6902	1.913478
15462	-1249.154	-1463.682	214.5286	1.114738	3.955942	1.913478
15468	-1251.752	-1465.942	214.1897	0.9381932	4.36224	2.167168
15474	-1249.67	-1463.78	214.1104	1.015631	4.881816	2.066577
15480	-1247.203	-1461.345	214.141	1.049736	4.659703	2.066577
15486	-1255.628	-1469.804	214.1761	1.2174	3.872419	2.099011
15492	-1243.002	-1457.688	214.6862	1.2174	3.564725	1.830494
15498	-1252.832	-1467.236	214.4046	1.156728	4.047096	1.948129
15504	-1242.163	-1456.216	214.053	1.098785	4.047096	2.217721
15510	-1248.112	-1462.352	214.2399	1.03847	3.872041	2.174214
15516	-1248.59	-1462.661	214.0708	1.149491	3.872041	2.211837
15522	-1247.716	-1461.039	213.3233	0.9413456	2.722179	3.083884
15528	-1232.527	-1446.365	213.8377	0.8221424	3.858984	2.569243
15534	-1243.016	-1457.783	214.7673	1.05615	3.858984	1.813118
15540	-1251.351	-1466.235	214.8835	1.314664	3.607275	1.611752
15546	-1249.549	-1463.424	213.8753	0.7933893	4.196368	2.493333
15552	-1244.27	-1459.298	215.028	1.398619	4.683024	1.153804
15558	-1246.765	-1461.754	214.9891	1.31533	3.965731	1.438727
15564	-1242.022	-1455.824	213.8012	0.8295356	4.094124	2.537867
15570	-1246.998	-1461.997	214.9987	1.169437	3.972624	1.539566
15576	-1232.845	-1447.814	214.9682	0.9758611	4.625535	1.551791
15582	-1236.468	-1449.313	212.8447	0.7323725	3.968086	3.201977
15588	-1235.545	-1448.522	212.9773	0.599776	3.968086	3.201977
15594	-1254.147	-1469.038	214.8912	1.024863	3.535018	1.829466
15600	-1253.236	-1466.126	212.8898	0.7252739	3.703213	3.234121
15606	-1254.033	-1467.783	213.7495	0.9148941	3.272046	2.700535
15612	-1243.1	-1456.129	213.0283	0.7521031	4.299192	3.016181
15618	-1249.464	-1463.688	214.2243	1.120144	3.281803	2.272214
15624	-1240.239	-1454.893	214.6539	1.125156	3.422653	1.951421
15630	-1241.34	-1455.363	214.0222	1.059044	3.753768	2.327542
15636	-1249.719	-1464.299	214.5803	1.21241	4.131787	1.770699
15642	-1254.492	-1468.561	214.0685	1.055717	3.900112	2.267437
15648	-1244.914	-1459.129	214.2152	0.8526132	3.405575	2.41738
15654	-1252.897	-1467.602	214.7044	1.245004	3.759089	1.749942
15660	-1245.761	-1459.626	213.8647	0.9056634	3.762842	2.521405
15666	-1253.393	-1467.583	214.1901	0.9056634	2.798663	2.557359
15672	-1253.604	-1468.692	215.0881	1.378194	3.572976	1.421007
15678	-1256.26	-1471.133	214.8728	1.279307	4.373718	1.453579
15684	-1260.287	-1475.205	214.9183	1.36569	4.495078	1.321032
15690	-1246.322	-1460.941	214.6182	1.179186	3.374094	1.95166
15696	-1262.087	-1476.561	214.4735	1.272648	3.407176	1.977517
15702	-1253.847	-1469.137	215.2905	1.272648	3.221627	1.450391
15708	-1261.278	-1476.099	214.8213	1.242917	3.646335	1.697509
15714	-1270.1	-1484.225	214.1244	1.120894	4.584845	2.045363
15720	-1265.084	-1479.977	214.8932	1.062053	4.151469	1.651297
15726	-1266.479	-1480.672	214.1922	1.140043	4.057401	2.098013
15732	-1267.885	-1482.029	214.1441	1.107794	3.603466	2.253068
15738	-1261.351	-1475.889	214.5375	0.9514384	3.324926	2.168003
15744	-1267.548	-1482.719	215.171	1.192728	3.149562	1.619978
15750	-1254.222	-1469.008	214.7859	1.097391	3.489661	1.863629
15756	-1249.066	-1463.462	214.3958	1.037047	3.512423	2.157876
15762	-1273.5	-1487.144	213.6435	0.6992201	4.460144	2.643982
15768	-1250.389	-1464.834	214.4446	0.9965116	3.770824	2.091048
15774	-1250.641	-1465.45	214.8087	1.144996	3.770824	1.743997
15780	-1249.112	-1462.201	213.0885	0.7735655	2.892842	3.277392
15786	-1258.136	-1471.67	213.534	0.5741068	3.233463	3.04664
15792	-1255.559	-1469.662	214.1039	0.7686848	3.483142	2.521333
15798	-1258.301	-1471.444	213.1436	0.6200498	3.073265	3.289973
15804	-1268.624	-1482.174	213.5496	0.7937794	3.165189	2.921868
15810	-1252.591	-1466.569	213.9776	0.9771912	3.193798	2.540411
15816	-1239.708	-1453.548	213.8401	0.8713364	3.193798	2.690816
15822	-1252.712	-1466.142	213.4301	0.8670504	3.209077	2.93903
15828	-1251.004	-1464.605	213.6018	0.8622667	3.209077	2.838106
15834	-1258.128	-1471.398	213.27	0.9246409	3.791533	2.868735
15840	-1257.873	-1471.218	213.3448	0.8518742	4.643217	2.699702
15846	-1254.426	-1468.01	213.5846	0.7764341	3.462818	2.840505
15852	-1243.999	-1457.941	213.9419	0.8336155	3.512732	2.574789
15858	-1250.475	-1465.196	214.7213	0.9772501	2.918957	2.140427
15864	-1248.184	-1462.987	214.8033	1.020735	3.036906	2.024637
15870	-1257.251	-1471.913	214.6621	1.103027	3.12745	2.038771
15876	-1254.239	-1468.824	214.5854	1.10735	2.891054	2.152135
15882	-1260.889	-1475.538	214.649	1.187552	3.978426	1.775732
15888	-1257.313	-1471.841	214.5282	1.276528	4.715192	1.633935
15894	-1253.535	-1466.977	213.4425	0.7484111	3.919233	2.844143
15900	-1245.205	-1458.782	213.5769	0.7936198	3.422239	2.844143
15906	-1250.862	-1463.757	212.8947	0.7542173	3.324	3.297972
15912	-1246.946	-1459.633	212.6869	0.7755006	4.126952	3.238514
15918	-1245.487	-1459.269	213.7824	0.8031564	4.104357	2.56388
15924	-1255.494	-1468.569	213.0748	0.8552102	3.981261	2.988842
15930	-1256.08	-1469.188	213.108	0.6473143	4.526425	2.988842
15936	-1251.829	-1465.117	213.2887	0.7777165	3.594017	2.988842
15942	-1266.868	-1479.8	212.9314	0.890138	2.590005	3.382623
15948	-1256.504	-1470.393	213.8884	0.9868318	3.498357	2.516089
15954	-1252.537	-1466.962	214.4242	1.047285	2.709831	2.346741
15960	-1250.038	-1464.439	214.4002	1.130118	4.634658	1.843362
15966	-1252.367	-1466.832	214.4659	1.070254	5.384467	1.692674
15972	-1265.102	-1479.142	214.0402	0.8097739	2.692099	2.738865
15978	-1262.75	-1476.642	213.8921	0.7372641	3.705093	2.621683
15984	-1253.81	-1468.521	214.7111	1.138712	3.205725	1.961095
15990	-1249.327	-1462.87	213.543	0.9537903	3.691929	2.706185
15996	-1252.532	-1466.186	213.6538	0.9928169	4.002315	2.54704
16002	-1266.81	-1480.03	213.2202	0.742612	4.08039	2.949221
16008	-1263.983	-1478.373	214.3901	1.006612	4.08039	2.050532
16014	-1249.474	-1464.756	215.2817	1.400137	4.12004	1.081633
16020	-1252.437	-1467.503	215.0658	1.657908	4.12004	1.042035
16026	-1233.669	-1448.914	215.2452	1.618152	4.262114	0.8434676
16032	-1245.75	-1460.822	215.0718	1.567611	4.262114	1.078205
16038	-1232.566	-1447.823	215.2571	1.567611	4.262114	0.8891508
16044	-1257.844	-1472.629	214.7858	1.103475	3.14462	1.951214
16050	-1234.834	-1449.925	215.0912	1.463742	4.475583	1.094481
16056	-1243.968	-1459.069	215.1003	1.435837	4.562422	1.087414
16062	-1240.898	-1455.963	215.0645	1.491254	5.070766	0.921082
16068	-1249.465	-1464.622	215.1566	1.491254	4.381189	1.03443
16074	-1264.931	-1479.976	215.0447	1.57252	4.38496	1.062639
16080	-1246.68	-1461.909	215.2297	1.568924	4.180577	0.9467202
16086	-1253.84	-1469.071	215.2313	1.496799	3.850444	1.122579
16092	-1264.928	-1479.91	214.9827	1.513122	3.49635	1.420228
16098	-1249.013	-1463.829	214.8159	1.191944	3.493486	1.776708
16104	-1266.284	-1480.175	213.891	1.063068	3.040808	2.580006
16110	-1254.307	-1469.084	214.777	1.139133	3.553338	1.824784
16116	-1252.533	-1466.576	214.0424	1.039263	3.883596	2.29838
16122	-1250.016	-1464.28	214.2641	1.211946	3.869721	2.045231
16128	-1235.116	-1449.003	213.888	0.989604	3.657146	2.478042
16134	-1236.33	-1449.875	213.5452	0.93023	4.113937	2.630105
16140	-1241.976	-1454.876	212.8994	0.9506653	3.404582	3.160476
16146	-1240.252	-1452.735	212.4824	0.8508203	3.670506	3.406958
16152	-1258.28	-1471.688	213.4084	1.119698	4.163682	2.587442
16158	-1254.945	-1468.732	213.7863	0.9183798	4.290192	2.451878
16164	-1239.748	-1453.144	213.3956	0.8863362	3.572879	2.863531
16170	-1255.717	-1468.262	212.545	0.8863362	3.917812	3.298206
16176	-1245.76	-1460.031	214.2712	0.984412	3.191606	2.351873
16182	-1247.058	-1460.658	213.6006	0.8714557	4.353817	2.584484
16188	-1244.157	-1458.754	214.5968	1.115405	3.607857	1.949809
16194	-1252.193	-1466.723	214.5302	1.097714	3.844383	1.949809
16200	-1262.506	-1476.598	214.0926	1.05537	4.173985	2.193157
16206	-1247.81	-1462.529	214.7196	1.202106	4.23988	1.65486
16212	-1241.276	-1456.45	215.1738	1.341907	3.271595	1.471314
16218	-1242.067	-1457.118	215.0516	1.441631	3.318079	1.474445
16224	-1251.672	-1466.831	215.1591	1.497056	3.388291	1.32646
16230	-1252.059	-1466.798	214.739	1.281933	2.927502	1.924072
16236	-1253.142	-1467.806	214.6637	1.423436	4.268502	1.527502
16242	-1252.018	-1466.836	214.8177	1.386867	3.566936	1.617868
16248	-1260.081	-1475.078	214.9977	1.218404	3.993544	1.498531
16254	-1248.474	-1462.832	214.3588	1.077473	3.993544	2.043551
16260	-1249.753	-1464.626	214.8728	1.180775	5.271006	1.327617
16266	-1235.975	-1450.211	214.2366	1.102758	3.407626	2.244048
16272	-1239.089	-1453.77	214.6808	1.271717	3.659894	1.772554
16278	-1249.973	-1464.796	214.8235	1.251507	4.401243	1.505352
16284	-1238.922	-1453.932	215.0096	1.275009	3.541128	1.566509
16290	-1256.13	-1470.277	214.1463	1.159477	3.781585	2.176944
16296	-1249.821	-1464.72	214.8992	1.184602	2.625386	1.973759
16302	-1254.299	-1469.6	215.301	1.327834	3.104293	1.436669
16308	-1246.293	-1461.515	215.2218	1.316145	3.11117	1.503387
16314	-1249.441	-1464.372	214.9309	1.343177	4.657281	1.289409
16320	-1246.416	-1461.189	214.7729	1.33602	4.300685	1.503587
16326	-1252.715	-1467.368	214.6525	1.233085	3.949717	1.748271
16332	-1243.815	-1458.774	214.9589	1.249618	3.587322	1.60954
16338	-1244.192	-1458.909	214.7168	1.268933	4.54134	1.539726
16344	-1246.474	-1461.378	214.9036	1.318093	3.99096	1.494974
16350	-1253.527	-1468.892	215.3654	1.318093	4.027032	1.108475
16356	-1244.049	-1459.097	215.0485	1.456667	4.589161	1.108475
16362	-1229.08	-1444.376	215.2958	1.456667	3.68425	1.153271
16368	-1240.126	-1455.026	214.9004	1.325985	4.582627	1.345862
16374	-1250.779	-1465.986	215.2065	1.160003	3.637356	1.47915
16380	-1238.091	-1452.86	214.7689	1.206154	4.324724	1.596825
16386	-1240.758	-1455.034	214.2766	0.8691712	3.8763	2.258876
16392	-1238.811	-1452.873	214.0614	0.9117007	3.68516	2.411609
16398	-1249.187	-1462.4	213.2128	0.9254658	4.13725	2.831805
16404	-1242.509	-1455.634	213.1249	0.8064897	4.833188	2.827664
16410	-1246.25	-1458.564	212.3136	0.6727774	3.453301	3.655837
16416	-1248.415	-1461.44	213.0246	0.6062294	4.282652	3.108655
16422	-1252.389	-1465.782	213.3932	0.7209166	4.282652	2.817958
16428	-1252.186	-1464.803	212.6172	0.7797103	3.782001	3.346264
16434	-1242.495	-1456.17	213.6745	0.8811129	4.329589	2.53729
16440	-1261.657	-1475.818	214.1613	0.9955062	3.782001	2.272928
16446	-1268.494	-1481.951	213.457	0.8051767	3.285728	2.941707
16452	-1268.976	-1482.776	213.7998	0.9611067	3.285728	2.637789
16458	-1265.55	-1478.896	213.3463	0.6770137	4.544508	2.82365
16464	-1247.121	-1460.194	213.0733	0.805309	4.472036	2.924637
16470	-1257.221	-1470.77	213.5497	0.8436201	3.143615	2.897001
16476	-1261.776	-1475.141	213.365	0.9617453	4.223658	2.699606
16482	-1250.285	-1464.988	214.7028	0.9815872	4.223658	1.825067
16488	-1253.779	-1468.314	214.5353	0.9611535	3.191525	2.19755
16494	-1240.451	-1454.402	213.9506	0.9883143	4.230275	2.315827
16500	-1257.922	-1472.376	214.4539	1.071311	3.010796	2.227268
16506	-1257.705	-1472.505	214.8004	1.109908	3.702301	1.79129
16512	-1254.297	-1468.532	214.2349	1.198083	4.388751	1.960343
16518	-1247.073	-1461.527	214.4534	1.183131	3.774749	1.960343
16524	-1238.553	-1452.699	214.1464	1.082045	3.836518	2.214563
16530	-1233.094	-1447.621	214.5269	1.038863	3.551955	2.061071
16536	-1233.699	-1446.795	213.0967	0.8721997	3.593376	3.047433
16542	-1256.321	-1470.736	214.4155	1.054455	3.828746	2.058641
16548	-1255.66	-1469.926	214.2653	0.9272286	3.828746	2.23947
16554	-1259.05	-1472.511	213.4608	0.8114025	3.229247	2.949169
16560	-1257.709	-1471.429	213.7197	0.9489147	4.186286	2.495391
16566	-1251.487	-1465.402	213.9151	0.8661272	4.37876	2.386063
16572	-1264.244	-1477.094	212.8496	0.7649916	3.996803	3.173995
16578	-1252.994	-1465.496	212.5021	0.8769215	3.424479	3.433636
16584	-1249.413	-1463.525	214.1118	0.816649	3.447583	2.49481
16590	-1251.682	-1465.503	213.821	0.7493901	3.602745	2.6809
16596	-1251.552	-1464.827	213.2749	0.9544835	3.14763	2.994781
16602	-1261.989	-1475.962	213.9726	1.140619	4.685389	2.112564
16608	-1257.799	-1472.588	214.789	1.380636	3.855277	1.568064
16614	-1265.312	-1479.388	214.0759	1.069716	3.93456	2.246161
16620	-1252.458	-1465.228	212.7695	0.8255234	2.9383	3.422673
16626	-1244.564	-1457.543	212.9795	0.8791567	2.9383	3.267697
16632	-1250.859	-1463.794	212.9356	0.8904246	3.265178	3.207003
16638	-1252.139	-1464.799	212.6595	0.591189	3.0732	3.590125
16644	-1260.803	-1472.212	211.4088	0.5615587	2.73579	4.406334
16650	-1246.934	-1460.241	213.3069	0.9969807	3.313642	2.909903
16656	-1247.443	-1460.817	213.3747	1.014972	3.958375	2.714834
16662	-1247.089	-1460.301	213.2128	0.6264417	4.10845	3.017875
16668	-1253.74	-1467.135	213.3956	0.8526724	3.324107	2.940943
16674	-1261.295	-1474.765	213.4703	0.735913	3.171287	3.002899
16680	-1252.142	-1466.092	213.9506	1.076106	3.56345	2.405846
16686	-1244.343	-1458.753	214.4099	1.076106	3.516877	2.122101
16692	-1253.605	-1468.249	214.6439	1.074776	3.823215	1.893425
16698	-1250.087	-1464.892	214.8047	1.137537	3.677758	1.775218
16704	-1252.907	-1467.314	214.4071	1.072489	4.424201	1.921525
16710	-1247.859	-1461.923	214.0646	1.034756	3.32026	2.418347
16716	-1259.616	-1473.441	213.825	0.889506	2.551342	2.86187
16722	-1241.716	-1455.297	213.5801	0.7964204	3.278108	2.874454
16728	-1244.012	-1458.644	214.6318	0.8769602	4.106098	1.970316
16734	-1253.971	-1467.562	213.5912	0.8400525	3.558161	2.776126
16740	-1256.306	-1470.977	214.6711	0.98358	4.062181	1.881597
16746	-1258.197	-1472.622	214.4255	1.040802	2.91437	2.291646
16752	-1271.428	-1485.722	214.2943	0.7525855	3.741582	2.352152
16758	-1258.665	-1473.181	214.5162	0.9467701	4.958043	1.825172
16764	-1256.033	-1468.762	212.7286	0.7531546	3.911412	3.269818
16770	-1254.764	-1468.125	213.3608	0.6781265	2.915902	3.166763
16776	-1241.289	-1453.63	212.3409	0.6681112	3.100406	3.723536
16782	-1264.824	-1478.845	214.0207	1.068083	3.99648	2.269135
16788	-1238.654	-1452.851	214.1973	1.029382	3.603942	2.269135
16794	-1244.117	-1457.144	213.0267	0.911271	4.250233	2.930857
16800	-1238.787	-1452.109	213.3219	0.7192846	4.316731	2.855614
16806	-1241.772	-1455.064	213.2925	0.8349045	2.56614	3.209126
16812	-1238.56	-1452.213	213.6524	0.9317234	3.508917	2.693804
16818	-1235.207	-1448.96	213.7529	0.8632178	3.630648	2.646459
16824	-1251.034	-1465.519	214.4845	1.131781	3.258657	2.101916
16830	-1252.685	-1467.629	214.9442	1.309918	4.460054	1.353503
16836	-1248.307	-1463.278	214.9719	1.171913	3.124777	1.782904
16842	-1251.168	-1466.201	215.0337	1.281483	3.031844	1.689768
16848	-1265.06	-1480.187	215.1266	1.178517	3.60469	1.53401
16854	-1253.201	-1467.886	214.6843	1.027757	3.385348	2.005824
16860	-1254.543	-1469.158	214.615	0.9981402	2.961758	2.183928
16866	-1249.427	-1463.829	214.4023	0.9430928	3.640643	2.183928
16872	-1254.016	-1468.861	214.8455	1.068495	3.408579	1.863644
16878	-1254.868	-1469.241	214.3722	1.037561	4.332979	1.987588
16884	-1250.77	-1465.52	214.7495	1.120757	3.537645	1.86022
16890	-1274.915	-1489.925	215.0099	1.369111	4.038355	1.36166
16896	-1267.044	-1482.11	215.0659	1.25244	3.731369	1.489934
16902	-1243.216	-1456.976	213.7605	0.9232885	3.461964	2.643347
16908	-1243.527	-1457.007	213.4806	0.8738458	3.981635	2.731601
16914	-1237.811	-1452.472	214.6605	1.008177	3.023765	2.130637
16920	-1250.626	-1464.354	213.7274	1.002988	3.852668	2.526686
16926	-1244.239	-1458.092	213.8529	0.8642269	3.891176	2.526686
16932	-1236.52	-1450.242	213.722	0.8642269	3.737959	2.64106
16938	-1229.477	-1444.047	214.5702	1.037507	3.639883	2.011884
16944	-1243.296	-1457.446	214.1499	1.09555	3.370938	2.31322
16950	-1238.487	-1452.674	214.1864	1.012122	4.340139	2.12568
16956	-1240.786	-1455.731	214.9456	1.097087	4.340139	1.543631
16962	-1248.847	-1463.155	214.3082	1.213187	3.493972	2.104536
16968	-1247.676	-1461.715	214.0388	1.027965	3.9451	2.294384
16974	-1239.394	-1453.703	214.309	1.021631	4.303849	2.04635
16980	-1253.465	-1468.175	214.7092	1.270133	3.810049	1.716291
16986	-1251.264	-1466.537	215.2727	1.289495	3.926198	1.243723
16992	-1234.83	-1449.594	214.764	1.160614	3.872717	1.739463
16998	-1250.835	-1464.45	213.6148	0.9243324	3.495446	2.724502
17004	-1262.978	-1477.526	214.5488	1.210541	3.216063	2.018711
17010	-1243.362	-1457.451	214.0886	1.025913	3.002916	2.490071
17016	-1240.956	-1455.123	214.167	0.7968026	3.301466	2.508029
17022	-1244.598	-1458.557	213.9594	0.8655364	2.978014	2.676208
17028	-1241.859	-1456.299	214.4395	1.020847	4.554351	1.907531
17034	-1249.942	-1464.241	214.2994	0.9126571	4.011798	2.186378
17040	-1261.145	-1475.357	214.2126	1.193279	3.482009	2.18281
17046	-1270.099	-1484.397	214.2983	1.142195	4.691934	1.893133
17052	-1253.723	-1466.893	213.17	0.7637374	3.053782	3.194223
17058	-1253.939	-1467.659	213.7207	0.9068511	3.053782	2.77743
17064	-1253.611	-1467.528	213.917	1.058688	3.463311	2.461513
17070	-1271.222	-1485.439	214.2169	0.9868227	3.820897	2.234004
17076	-1259.376	-1474.102	214.7256	1.117905	3.241711	1.955649
17082	-1276.382	-1490.565	214.1828	1.013627	3.442736	2.326944
17088	-1267.773	-1481.761	213.9879	0.9504122	3.563644	2.461399
17094	-1272.899	-1488.029	215.1303	1.092841	2.802314	1.823854
17100	-1266.471	-1480.783	214.3118	1.044736	3.842027	2.130071
17106	-1251.339	-1466.132	214.7929	1.138137	3.842731	1.742246
17112	-1249.294	-1464.129	214.8357	1.165571	4.101068	1.630091
17118	-1243.402	-1458.827	215.425	1.262425	3.786776	1.178244
17124	-1254.912	-1470.433	215.5219	1.324337	3.682206	1.068687
17130	-1253.695	-1469.022	215.327	1.26344	4.630271	1.01624
17136	-1262.25	-1477.423	215.1727	1.628537	4.561489	0.8041119
17142	-1259.674	-1474.924	215.2501	1.515751	4.258536	0.9548216
17148	-1264.944	-1480.361	215.4173	1.481013	3.488895	1.086426
17154	-1264.094	-1479.174	215.0806	1.383034	3.488895	1.447082
17160	-1253.731	-1469.016	215.2853	1.383034	3.488895	1.285587
17166	-1256.929	-1472.11	215.1805	1.386633	4.452777	1.089712
17172	-1249.585	-1464.722	215.1373	1.45315	4.411658	1.079899
17178	-1252.665	-1468.011	215.3459	1.400636	4.411658	0.9238015
17184	-1244.881	-1460.178	215.297	1.479492	3.83954	1.081778
17190	-1247.844	-1463.071	215.2265	1.420012	3.794225	1.211223
17196	-1248.296	-1463.199	214.9028	1.410336	4.1434	1.386172
17202	-1237.713	-1452.488	214.7745	1.213568	4.887587	1.461492
17208	-1244.943	-1459.866	214.9231	1.361096	4.382495	1.348708
17214	-1246.587	-1461.402	214.8142	1.206657	3.876373	1.670472
17220	-1243.683	-1458.118	214.4357	1.006617	4.505791	1.929705
17226	-1248.667	-1461.804	213.1367	0.9474536	3.349292	3.033646
17232	-1247.728	-1461.731	214.0032	0.9357286	4.128174	2.336924
17238	-1248.254	-1462.085	213.8315	0.7851469	3.089785	2.774898
17244	-1259.432	-1473.211	213.7794	0.9466839	2.904099	2.756332
17250	-1247.912	-1462.907	214.9954	1.024737	2.904099	1.931493
17256	-1230.114	-1444.91	214.7965	1.082656	2.917697	2.021905
17262	-1249.057	-1464.343	215.2855	1.28468	2.647013	1.629689
17268	-1243.381	-1458.349	214.9678	1.257739	3.972306	1.496835
17274	-1258.114	-1472.712	214.5973	1.252655	3.807899	1.807165
17280	-1247.434	-1462.592	215.1583	1.236937	3.811345	1.409735
17286	-1247.488	-1462.584	215.0968	1.289897	3.835736	1.409735
17292	-1251.252	-1465.91	214.6587	1.066034	3.479777	1.97334
17298	-1250.141	-1464.805	214.6643	1.081329	3.424637	1.97334
17304	-1264.067	-1477.372	213.3046	0.9292481	3.500464	2.908935
17310	-1259.563	-1474.107	214.5442	1.154974	4.116716	1.838846
17316	-1248.578	-1463.303	214.7246	1.100573	5.179736	1.522712
17322	-1256.457	-1469.379	212.9219	0.7385727	3.87591	3.17125
17328	-1252.325	-1465.258	212.9332	0.8804333	3.350317	3.194513
17334	-1256.112	-1470.631	214.5193	1.057254	4.304633	1.881174
17340	-1250.421	-1465.08	214.6597	1.042484	4.057808	1.850118
17346	-1251.244	-1465.776	214.5323	1.042484	4.455858	1.850118
17352	-1243.873	-1457.964	214.0913	0.8954202	2.958672	2.581424
17358	-1240.81	-1453.826	213.0164	0.8017912	3.739733	3.105818
17364	-1256.701	-1469.654	212.9531	0.8989237	3.712756	3.091402
17370	-1246.093	-1459.093	213.0004	0.690248	4.186659	3.091402
17376	-1255.82	-1469.947	214.1263	0.9456914	3.720103	2.341087
17382	-1259.56	-1473.859	214.2987	1.078977	4.319415	2.011883
17388	-1266.399	-1480.795	214.3964	1.091143	3.762243	2.062464
17394	-1261.875	-1477.007	215.1326	1.21452	3.055494	1.659913
17400	-1261.006	-1475.042	214.0367	1.01072	4.969669	2.101861
17406	-1254.46	-1469.097	214.6371	1.089941	4.21325	1.797909
17412	-1245.681	-1460.347	214.6658	1.155594	3.535208	1.894144
17418	-1247.462	-1462.694	215.2318	1.225682	2.860105	1.640957
17424	-1248.785	-1463.478	214.6934	1.14979	2.740579	2.097736
17430	-1255.099	-1469.64	214.5409	1.21788	3.162369	2.033526
17436	-1246.307	-1460.814	214.5078	1.301518	3.676169	1.867237
17442	-1235.807	-1449.775	213.9676	1.041845	3.991398	2.320983
17448	-1255.26	-1468.562	213.3016	0.9644488	4.395745	2.703442
17454	-1233.988	-1447.077	213.0889	0.9472621	3.715675	2.980509
17460	-1231.287	-1444.862	213.575	0.9536379	4.106659	2.598654
17466	-1236.706	-1450.329	213.6224	1.001987	4.106659	2.539222
17472	-1242.45	-1456.655	214.2045	1.119423	3.24285	2.295266
17478	-1249.296	-1463.007	213.7118	1.023907	5.25028	2.254039
17484	-1243.959	-1458.418	214.4582	1.128411	2.775495	2.254039
17490	-1233.145	-1447.929	214.7844	1.128411	3.473748	1.847526
17496	-1244.511	-1458.471	213.9601	0.9531031	3.356606	2.526175
17502	-1244.633	-1457.897	213.2637	0.8932704	3.548104	2.944544
17508	-1253.328	-1467.393	214.0645	1.047869	4.162848	2.218519
17514	-1253.464	-1467.725	214.2613	1.021898	3.664811	2.218519
17520	-1250.929	-1464.907	213.978	1.083825	3.899104	2.307615
17526	-1254.904	-1469.528	214.6246	1.195202	3.552225	1.890944
17532	-1262.798	-1477.824	215.0255	1.254611	3.866906	1.48293
17538	-1256.836	-1471.665	214.829	1.134817	5.395624	1.372606
17544	-1245.567	-1460.622	215.0555	1.44818	5.395624	0.8808701
17550	-1249.651	-1464.947	215.296	1.33942	4.232743	1.090672
17556	-1252.985	-1468.268	215.2825	1.23802	4.212712	1.198468
17562	-1251.994	-1467.171	215.1768	1.2795	4.429641	1.194706
17568	-1245.659	-1460.682	215.023	1.240734	3.717856	1.534368
17574	-1247.552	-1462.195	214.6427	1.049117	4.333695	1.795713
17580	-1255.739	-1470.104	214.3642	1.032771	3.717991	2.13227
17586	-1262.532	-1476.671	214.1384	1.083227	4.445408	2.089001
17592	-1252.78	-1467.693	214.9135	1.218522	3.525779	1.680887
17598	-1244.22	-1459.301	215.0806	1.360527	3.671665	1.412666
17604	-1256.574	-1470.316	213.7419	0.9650329	4.845367	2.344434
17610	-1251.195	-1466.072	214.8769	1.476783	4.164516	1.348769
17616	-1246.535	-1461.369	214.834	1.278513	4.540703	1.444491
17622	-1255.193	-1469.74	214.5463	1.205239	3.871661	1.859528
17628	-1264.844	-1479.295	214.4512	1.113414	3.866526	1.987079
17634	-1255.555	-1470.573	215.0176	1.29757	3.386421	1.586981
17640	-1267.651	-1482.141	214.4899	1.111662	4.465017	1.829797
17646	-1266.58	-1481.625	215.0451	1.302329	2.995202	1.677855
17652	-1248.035	-1462.865	214.8296	1.126532	3.396666	1.837936
17658	-1247.96	-1462.574	214.6136	1.044472	3.524009	2.006798
17664	-1257.038	-1472.189	215.1508	1.422844	3.524009	1.351212
17670	-1251.955	-1467.198	215.2432	1.326512	3.589854	1.334924
17676	-1247.6	-1462.66	215.0605	1.269362	4.454213	1.294085
17682	-1262.451	-1476.674	214.2228	1.171495	4.385959	1.986851
17688	-1252.739	-1467.431	214.692	1.123596	3.49024	1.909489
17694	-1255.652	-1470.191	214.5391	1.046822	4.067245	1.927066
17700	-1252.404	-1466.916	214.5123	0.8723818	3.732497	2.136914
17706	-1251.3	-1465.337	214.0367	0.9834144	4.877353	2.136914
17712	-1243.364	-1457.737	214.3729	1.106199	2.873462	2.294912
17718	-1242.361	-1457.796	215.4351	1.298107	3.111736	1.352883
17724	-1247.482	-1461.869	214.3867	1.291353	4.222432	1.829715
17730	-1241.194	-1456.178	214.9842	1.439615	4.869209	1.107674
17736	-1238.909	-1454.045	215.1366	1.674145	4.302944	0.8902613
17742	-1244.379	-1459.843	215.4637	1.606664	3.470652	0.921564
17748	-1248.894	-1463.753	214.8594	1.416666	3.938081	1.467453
17754	-1252.32	-1467.165	214.8445	1.252397	3.994042	1.586588
17760	-1252.56	-1467.551	214.991	1.227681	3.4719	1.633281
17766	-1251.425	-1466.202	214.7768	1.165032	4.270836	1.633281
17772	-1245.223	-1459.7	214.4769	1.10544	3.847156	1.979667
17778	-1249.668	-1464.167	214.4988	0.9948515	3.606502	2.095359
17784	-1268.215	-1482.888	214.6731	1.338865	4.427042	1.546261
17790	-1256.093	-1470.374	214.2807	0.9637773	3.875595	2.195395
17796	-1253.738	-1468.347	214.6094	1.28437	3.520617	1.848464
17802	-1260.812	-1475.689	214.8771	1.466766	4.012402	1.396084
17808	-1239.002	-1454.136	215.1345	1.539414	4.063553	1.106076
17814	-1238.504	-1453.717	215.2133	1.440445	3.82409	1.196035
17820	-1250.408	-1465.495	215.0871	1.362219	3.45256	1.468429
17826	-1244.161	-1459.483	215.3222	1.416481	3.927848	1.088616
17832	-1239.921	-1454.91	214.9892	1.516831	3.524772	1.404088
17838	-1251.41	-1466.264	214.8543	1.272218	4.336296	1.481918
17844	-1246.519	-1461.692	215.1724	1.27627	4.257406	1.247064
17850	-1240.309	-1455.396	215.0878	1.442991	4.630834	1.073333
17856	-1249.767	-1464.939	215.1712	1.236418	3.761985	1.413562
17862	-1249.097	-1463.801	214.7043	1.086866	3.060706	2.039827
17868	-1256.613	-1470.084	213.4717	0.9865388	3.941716	2.676204
17874	-1261.729	-1475.981	214.2516	0.8888464	4.007194	2.233641
17880	-1253.046	-1465.699	212.6536	0.7732412	4.200538	3.245391
17886	-1251.93	-1464.615	212.6853	1.006435	3.801015	3.168142
17892	-1239.873	-1453.444	213.5711	0.9704829	4.829008	2.451833
17898	-1241.87	-1455.914	214.0436	0.9870677	4.829008	2.139102
17904	-1244.662	-1459.413	214.7511	1.161641	3.52355	1.834708
17910	-1240.643	-1455.324	214.6811	1.190919	3.52355	1.86264
17916	-1236.399	-1451.117	214.718	1.217797	3.356032	1.86264
17922	-1247.901	-1462.409	214.508	1.156043	4.956018	1.684924
17928	-1247.789	-1461.393	213.6045	0.9723483	4.812464	2.432693
17934	-1249.293	-1463.382	214.0887	0.7499993	4.4891	2.327913
17940	-1255.552	-1469.633	214.0809	0.9025876	4.03631	2.327913
17946	-1248.898	-1463.745	214.8468	1.162832	3.349607	1.813632
17952	-1238.884	-1454.003	215.1186	1.282108	3.354175	1.533197
17958	-1245.122	-1460.481	215.3582	1.282108	3.354731	1.349455
17964	-1245.237	-1460.38	215.1434	1.282108	3.816977	1.384607
17970	-1260.826	-1475.887	215.0616	1.091933	2.568783	1.945031
17976	-1263.683	-1477.864	214.1809	1.100144	3.922931	2.161117
17982	-1254.859	-1470.127	215.268	1.370278	3.382177	1.342667
17988	-1246.262	-1461.053	214.7906	1.326337	4.238675	1.512412
17994	-1258.266	-1472.371	214.1051	1.027352	4.238675	2.189691
18000	-1251.214	-1465.183	213.9688	0.9694649	2.949342	2.613911
18006	-1254.012	-1468.276	214.2637	1.004154	3.592465	2.245371
18012	-1264.475	-1479.502	215.0277	1.135475	3.038463	1.794396
18018	-1256.658	-1470.649	213.9904	1.072488	3.535683	2.389494
18024	-1260.866	-1475.347	214.4817	1.216967	3.585326	1.964509
18030	-1254.348	-1466.546	212.1978	0.8683415	3.597773	3.578276
18036	-1242.067	-1455.624	213.557	0.9736037	3.597773	2.7064
18042	-1243.745	-1456.882	213.1368	0.8773403	3.146304	3.123741
18048	-1249.259	-1463.484	214.225	1.316307	3.246359	2.154129
18054	-1250.589	-1464.8	214.2117	1.102207	3.584431	2.217655
18060	-1254.965	-1467.477	212.5117	0.907345	3.104942	3.484408
18066	-1254.9	-1468.068	213.1677	0.8407033	3.104942	3.137268
18072	-1264.024	-1478.019	213.9949	0.97102	3.495428	2.460054
18078	-1255.431	-1468.515	213.084	0.9686407	3.668053	2.980889
18084	-1245.389	-1459.836	214.4472	1.133145	4.195063	1.902428
18090	-1243.419	-1458.567	215.1482	1.205058	3.793191	1.44691
18096	-1251.802	-1467.111	215.3081	1.192464	3.868539	1.310642
18102	-1242.593	-1457.068	214.4749	1.260238	4.066455	1.825494
18108	-1247.216	-1462.341	215.1247	1.142123	4.000436	1.458439
18114	-1251.307	-1466.011	214.7047	1.238626	4.322746	1.620276
18120	-1244.917	-1459.867	214.9497	1.364845	4.322746	1.339535
18126	-1250.974	-1466.607	215.6333	1.426824	3.264504	1.014727
18132	-1257.616	-1473.187	215.5713	1.590596	3.330478	0.8791018
18138	-1260.597	-1475.625	215.0282	1.590596	4.687952	0.970404
18144	-1258.254	-1471.904	213.6497	0.7115328	5.043915	2.526602
18150	-1243.853	-1458.147	214.2931	1.086827	3.616816	2.167148
18156	-1251.166	-1464.35	213.184	1.008053	4.011623	2.8244
18162	-1259.929	-1473.623	213.6935	0.9249914	4.271249	2.509652
18168	-1250.609	-1465.162	214.5529	1.161372	4.016839	1.851235
18174	-1257.465	-1472.238	214.7723	1.122454	5.020418	1.503634
18180	-1259.34	-1474.241	214.9012	1.266377	4.475094	1.417584
18186	-1272.018	-1486.002	213.9841	1.063992	3.666137	2.368549
18192	-1246.059	-1460.912	214.8528	1.284187	3.926308	1.574108
18198	-1252.373	-1467.734	215.3607	1.322723	3.150998	1.379476
18204	-1249.415	-1462.576	213.1611	0.9219573	3.45001	3.011098
18210	-1261.833	-1475.446	213.6127	1.007806	4.417377	2.479618
18216	-1260.827	-1475.315	214.4873	1.308469	3.505541	1.91902
18222	-1264.278	-1478.85	214.5722	1.005657	5.027323	1.731734
18228	-1254.088	-1467.082	212.9949	0.8239145	3.907649	3.070465
18234	-1246.561	-1460.565	214.0033	0.8457985	4.370118	2.344717
18240	-1250.679	-1464.395	213.716	0.9452555	5.004697	2.344717
18246	-1251.98	-1465.395	213.4152	1.039354	4.471291	2.572684
18252	-1248.103	-1462.082	213.9789	0.8932836	4.632334	2.278809
18258	-1249.476	-1462.977	213.5013	1.137081	3.525328	2.656628
18264	-1248.462	-1462.643	214.1814	1.257464	3.84022	2.076527
18270	-1243.828	-1458.507	214.6797	1.284769	5.282113	1.395707
18276	-1252.219	-1466.767	214.5483	1.275766	4.987152	1.562951
18282	-1254.881	-1469.831	214.9499	1.204919	3.938549	1.557934
18288	-1263.877	-1479.237	215.3603	1.388416	2.837096	1.432566
18294	-1253.38	-1468.029	214.6492	1.284078	5.051353	1.468105
18300	-1261.052	-1475.704	214.653	1.172022	5.110684	1.536929
18306	-1258.084	-1472.536	214.4521	1.141335	3.676486	2.012577
18312	-1256.186	-1471.177	214.9907	1.163745	3.372092	1.706369
18318	-1263.712	-1478.646	214.9339	1.310757	3.145172	1.706369
18324	-1254.875	-1469.809	214.934	1.12485	4.065863	1.596839
18330	-1250.109	-1464.982	214.8727	1.188481	3.271156	1.799246
18336	-1257.469	-1472.408	214.9385	1.409838	4.43157	1.284723
18342	-1260.532	-1475.104	214.5725	1.061991	4.969591	1.703182
18348	-1249.997	-1463.85	213.853	0.9995478	3.659268	2.493221
18354	-1241.858	-1456.213	214.3548	1.118065	3.686349	2.089969
18360	-1248.483	-1463.557	215.0745	1.360442	3.751409	1.395257
18366	-1244.518	-1459.554	215.0355	1.499121	3.94817	1.260431
18372	-1247.866	-1463.16	215.2945	1.576777	3.642988	1.0584
18378	-1244.739	-1459.707	214.9672	1.745176	4.639776	0.8842905
18384	-1251.435	-1466.844	215.4095	1.624365	3.474842	0.9588447
18390	-1253.632	-1468.791	215.1591	1.6264	4.395262	0.8860216
18396	-1258.396	-1473.553	215.1576	1.977979	3.920608	0.550059
18402	-1256.897	-1472.144	215.2477	1.98101	3.668722	0.4908099
18408	-1255.359	-1470.713	215.3542	2.116584	3.039871	0.5383453
18414	-1252.439	-1467.484	215.0455	2.145756	3.773696	0.4920618
18420	-1245.823	-1461.029	215.2063	2.008135	3.702313	0.4669311
18426	-1256.628	-1472.086	215.4583	1.941431	3.190898	0.5799957
18432	-1247.491	-1462.563	215.0716	1.703112	4.837164	0.7247131
18438	-1252.56	-1467.577	215.0166	1.931181	4.348731	0.6792657
18444	-1266.713	-1481.593	214.8799	1.483786	4.304121	1.304784
18450	-1274.272	-1489.277	215.0051	2.092812	4.014768	0.431081
18456	-1267.451	-1482.108	214.6573	2.10528	5.01446	0.3715434
18462	-1270.683	-1485.941	215.2578	1.535292	4.021725	1.006125
18468	-1257.047	-1472.283	215.2362	1.660235	3.670028	1.024797
18474	-1266	-1481.228	215.2273	1.262413	3.058292	1.555575
18480	-1265.709	-1480.807	215.0973	2.211624	3.325474	0.3595209
18486	-1256.392	-1471.864	215.4718	1.991858	3.02487	0.5953876
18492	-1260.575	-1476.059	215.4835	1.923021	3.195275	0.5395538
18498	-1250.11	-1465.243	215.1335	1.809414	4.34869	0.6883719
18504	-1252.394	-1467.559	215.1657	1.798594	4.160166	0.7522737
18510	-1260.133	-1474.936	214.8033	1.06858	3.567009	1.851661
18516	-1268.864	-1482.548	213.6836	1.039041	2.886778	2.763054
18522	-1265.92	-1479.907	213.9867	1.031633	3.107319	2.522837
18528	-1265.149	-1479.213	214.0636	1.003173	3.558176	2.381766
18534	-1260.956	-1476.642	215.6859	1.694752	2.978013	0.7852142
18540	-1260.989	-1475.477	214.4881	1.181004	3.836272	1.92394
18546	-1267.349	-1482.165	214.816	1.414014	3.714082	1.560293
18552	-1263.575	-1478.198	214.6228	1.223703	4.456561	1.659885
18558	-1252.553	-1466.899	214.3457	1.076787	4.672097	1.909277
18564	-1268.877	-1484.251	215.3736	1.525805	3.417008	1.110419
18570	-1241.36	-1456.446	215.0858	1.529354	4.083623	1.152837
18576	-1246.383	-1461.596	215.2133	1.49656	3.619104	1.210631
18582	-1246.538	-1461.656	215.1174	1.334041	3.619104	1.419389
18588	-1245.241	-1460.127	214.8857	1.334041	3.350086	1.665994
18594	-1248.773	-1463.754	214.9809	1.310972	3.485137	1.576483
18600	-1250.849	-1465.935	215.0859	1.257111	3.789283	1.455757
18606	-1248.612	-1463.501	214.8884	1.207152	3.554851	1.699062
18612	-1253.811	-1468.655	214.8443	1.301258	4.350523	1.464126
18618	-1257.107	-1471.872	214.7651	1.267193	5.238291	1.35165
18624	-1260.891	-1474.58	213.689	1.135243	5.238291	2.199036
18630	-1252.085	-1466.598	214.5135	1.069236	3.434097	2.07913
18636	-1245.663	-1460.584	214.9212	1.092925	3.430599	1.788912
18642	-1248.054	-1462.76	214.7051	1.105309	3.71224	1.85763
18648	-1240.981	-1456.07	215.0896	1.26919	3.711413	1.464788
18654	-1248.321	-1463.111	214.7896	1.2525	4.270608	1.56028
18660	-1250.315	-1465.396	215.0811	1.137597	3.745828	1.56028
18666	-1263.682	-1478.859	215.1776	1.534309	3.443076	1.263998
18672	-1260.112	-1475.462	215.3492	1.40566	3.552638	1.193092
18678	-1259.551	-1475.053	215.502	1.499991	3.313197	1.052382
18684	-1266.67	-1482.162	215.4912	1.480829	3.079014	1.16591
18690	-1268.24	-1482.396	214.1558	1.106238	4.365941	2.078697
18696	-1259.707	-1473.674	213.9663	0.9362283	4.238051	2.337396
18702	-1262.8	-1478.373	215.5729	1.514303	3.051882	1.071987
18708	-1264.45	-1479.512	215.0618	1.502792	4.292191	1.13771
18714	-1252.813	-1466.122	213.3089	0.8163111	2.546875	3.215882
18720	-1268.172	-1483.23	215.0584	1.61087	4.073603	1.107321
18726	-1255.365	-1470.657	215.2917	1.41891	3.182793	1.347778
18732	-1252.563	-1464.907	212.3443	0.7639505	2.625863	3.787265
18738	-1246.265	-1459.702	213.4374	0.8090421	3.03133	3.013483
18744	-1261.311	-1474.374	213.0631	0.6912959	3.464359	3.20371
18750	-1252.93	-1466.628	213.698	0.9062953	4.144682	2.543969
18756	-1250.002	-1464.285	214.2827	1.002095	5.290326	1.88462
18762	-1248.456	-1462.451	213.9946	1.003391	3.491953	2.440711
18768	-1242.826	-1456.656	213.8304	0.8629597	4.878828	2.346927
18774	-1250.177	-1463.019	212.8417	0.9425182	3.84539	3.103899
18780	-1249.849	-1462.789	212.9399	0.7366982	4.165532	3.103899
18786	-1262.483	-1476.023	213.5395	0.7857887	4.165532	2.712043
18792	-1249.883	-1463.43	213.5475	0.9175605	4.679321	2.527097
18798	-1258.167	-1471.006	212.8387	0.8499097	4.679032	3.001379
18804	-1247.969	-1461.672	213.7033	0.7806757	3.556339	2.744344
18810	-1253.31	-1466.409	213.099	0.8649758	3.861247	2.993132
18816	-1261.125	-1475.984	214.8597	1.088412	3.744281	1.754498
18822	-1264.697	-1479.072	214.3757	1.057111	4.22067	1.99615
18828	-1273.387	-1486.625	213.2378	0.8600787	4.070263	2.869683
18834	-1254.978	-1469.916	214.9384	1.181404	2.8672	1.874907
18840	-1253.358	-1468.26	214.902	1.12803	3.810904	1.680106
18846	-1252.799	-1467.241	214.4422	1.145899	3.810904	1.984308
18852	-1251.526	-1467.129	215.6038	1.438612	2.829543	1.197985
18858	-1240.745	-1455.403	214.6576	1.12509	3.899509	1.831589
18864	-1244.43	-1459.224	214.794	1.175713	3.772879	1.732278
18870	-1252.139	-1466.245	214.106	1.175713	3.516031	2.254698
18876	-1247.784	-1461.674	213.8905	1.209706	5.100209	2.043083
18882	-1255.168	-1469.471	214.3026	1.234554	4.455749	1.875828
18888	-1245.929	-1459.996	214.067	1.163501	4.567847	2.05853
18894	-1230.547	-1445.22	214.673	1.144985	3.666618	1.863626
18900	-1242.312	-1457.056	214.744	1.053515	3.327115	1.963864
18906	-1239.062	-1452.62	213.5585	1.064732	3.603094	2.64826
18912	-1244.449	-1458.715	214.266	1.043348	4.349749	2.050853
18918	-1238.812	-1453.338	214.526	1.140864	3.896215	1.911372
18924	-1255.535	-1469.424	213.8885	0.948002	3.369398	2.570804
18930	-1256.671	-1470.396	213.7248	0.9397678	3.445237	2.659123
18936	-1257.646	-1471.831	214.1851	0.8913063	3.517338	2.385253
18942	-1252.326	-1465.368	213.0422	0.8267324	2.671834	3.332081
18948	-1247.79	-1461.539	213.7491	0.7359906	3.596885	2.734512
18954	-1241.062	-1454.313	213.2513	0.8078055	3.198286	3.084369
18960	-1240.784	-1454.136	213.3525	0.7209086	3.198286	3.075828
18966	-1248.762	-1463.351	214.5892	0.8970212	3.198286	2.202414
18972	-1243.672	-1458.282	214.6099	1.001045	4.178945	1.885254
18978	-1248.962	-1462.54	213.5772	1.079278	3.84255	2.574827
18984	-1253.294	-1467.101	213.8068	0.8717868	3.779542	2.574827
18990	-1247.3	-1462.456	215.1562	1.100812	3.333061	1.644098
18996	-1247.718	-1462.363	214.6459	1.150004	4.16279	1.761409
19002	-1252.777	-1467.319	214.5419	1.004613	3.611296	2.059407
19008	-1276.663	-1489.333	212.6698	0.8722753	3.611296	3.296909
19014	-1258.7	-1471.861	213.1612	0.8726229	2.817055	3.195596
19020	-1258.783	-1472.613	213.8304	1.030086	4.086016	2.395453
19026	-1262.608	-1476.974	214.366	1.075049	4.053215	2.027116
19032	-1253.634	-1466.788	213.1542	0.8687591	3.174911	3.111541
19038	-1252.325	-1466.458	214.1332	0.9885774	2.953788	2.498615
19044	-1241.011	-1456.009	214.9974	1.259392	3.223412	1.675301
19050	-1256.94	-1472.372	215.4323	1.504482	3.353008	1.098863
19056	-1244.515	-1459.828	215.3134	1.546745	4.001794	0.9441553
19062	-1244.57	-1459.791	215.2212	1.49042	4.001794	1.090398
19068	-1262.995	-1478.345	215.3497	1.388783	4.001794	1.065363
19074	-1258.999	-1473.997	214.9972	1.570208	4.061814	1.20063
19080	-1258.214	-1472.734	214.52	1.416833	2.920211	1.98272
19086	-1253.315	-1468.69	215.3749	1.482111	3.229486	1.212129
19092	-1259.545	-1473.752	214.2075	0.8853553	3.758252	2.319158
19098	-1255.996	-1469.354	213.3584	0.815062	4.046737	2.828602
19104	-1259.417	-1472.949	213.5321	0.7315561	4.031206	2.776832
19110	-1270.106	-1482.728	212.6222	0.7716855	4.443215	3.219484
19116	-1263.432	-1476.324	212.8915	0.812826	3.526683	3.219484
19122	-1259.946	-1473.001	213.0552	0.7939287	3.28058	3.189703
19128	-1265.176	-1478.092	212.916	0.9090809	3.769021	3.095498
19134	-1260.754	-1475.707	214.9533	1.135277	3.039434	1.845532
19140	-1258.257	-1471.693	213.4358	0.8378201	3.901799	2.797506
19146	-1255.28	-1468.576	213.2958	0.8606527	4.255317	2.797506
19152	-1238.322	-1452.232	213.9102	0.9306718	3.060976	2.644784
19158	-1256.302	-1471.011	214.7093	1.289923	2.747636	1.99231
19164	-1241.776	-1456.932	215.1559	1.448443	3.950594	1.201026
19170	-1242.433	-1457.612	215.1791	1.40449	4.260913	1.129585
19176	-1244.406	-1459.524	215.1181	1.40449	4.692483	1.063739
19182	-1256.486	-1471.415	214.9288	1.549268	3.640355	1.39273
19188	-1251.009	-1465.992	214.9827	1.158614	3.640355	1.644091
19194	-1240.677	-1455.808	215.1312	1.25785	4.31432	1.281402
19200	-1249.483	-1464.689	215.2057	1.303022	3.598889	1.380587
19206	-1248.388	-1463.671	215.2837	1.473053	3.598889	1.176679
19212	-1252.042	-1467.613	215.5709	1.473053	3.512197	0.9332939
19218	-1257.695	-1472.868	215.1731	1.332945	4.789137	1.052619
19224	-1269.796	-1485.174	215.3776	1.572944	3.487671	1.037514
19230	-1260.153	-1473.277	213.1244	0.8350219	3.277422	3.124904
19236	-1260.521	-1474.69	214.1686	0.9543741	2.687845	2.571879
19242	-1270.576	-1484.004	213.428	0.9975279	3.380298	2.820543
19248	-1270.085	-1483.913	213.8272	0.9361819	2.787286	2.765145
19254	-1242.852	-1457.18	214.3281	1.015038	3.565341	2.203284
19260	-1249.791	-1463.625	213.8333	0.7564927	4.163052	2.54928
19266	-1246.373	-1460.634	214.2609	0.930349	3.882867	2.228153
19272	-1243.996	-1458.351	214.3552	1.148803	3.274397	2.171157
19278	-1245.149	-1459.614	214.4657	1.127816	3.274397	2.112755
19284	-1249.318	-1463.415	214.0962	0.8832319	3.916557	2.356225
19290	-1244.392	-1458.106	213.714	0.8913013	4.462675	2.480357
19296	-1239.616	-1453.829	214.2135	0.9070006	3.898053	2.270312
19302	-1254.358	-1468.189	213.8319	1.111651	4.441179	2.270312
19308	-1251.439	-1465.83	214.3908	1.055245	3.837255	2.072464
19314	-1246.151	-1460.553	214.402	0.9337639	4.16472	2.072464
19320	-1246.465	-1461.767	215.3014	1.24453	3.652417	1.335743
19326	-1238.38	-1451.982	213.6016	0.8329611	3.701848	2.742122
19332	-1240.734	-1454.63	213.8953	0.9502589	4.282116	2.364613
19338	-1253.776	-1467.608	213.8326	0.9922002	4.912263	2.256926
19344	-1254.236	-1468.625	214.3892	1.111293	4.461481	1.899532
19350	-1241.17	-1455.479	214.309	1.138807	4.539977	1.919016
19356	-1245.267	-1459.901	214.6341	1.138807	4.281087	1.750851
19362	-1257.275	-1472.105	214.8303	1.138807	3.7037	1.74993
19368	-1259.837	-1474.626	214.7885	1.238835	4.354053	1.551739
19374	-1259.494	-1474.141	214.6474	1.012593	3.681882	1.966832
19380	-1261.438	-1476.109	214.6712	1.175492	3.590275	1.863029
19386	-1257.68	-1472.373	214.6929	1.153855	3.590275	1.863029
19392	-1254.099	-1469.247	215.1487	1.336667	3.590275	1.401295
19398	-1256.445	-1471.352	214.9062	0.9735759	4.351228	1.659561
19404	-1257.962	-1472.469	214.5069	1.173586	3.732811	1.9408
19410	-1248.169	-1462.578	214.4095	0.9854752	3.920183	2.08723
19416	-1246.226	-1460.845	214.6182	1.079241	3.920183	1.885079
19422	-1260.881	-1475.265	214.3839	1.027855	4.487889	1.953977
19428	-1259.222	-1473.791	214.569	1.076932	6.358542	1.435602
19434	-1257.753	-1471.88	214.1271	0.9318988	5.830379	1.943446
19440	-1262.48	-1476.272	213.7922	1.170359	4.178194	2.311423
19446	-1261.776	-1475.997	214.2203	1.024302	3.380341	2.311423
19452	-1249.98	-1464.172	214.1919	1.075656	3.558585	2.253633
19458	-1254.927	-1469.411	214.4838	0.9049781	3.750957	2.129941
19464	-1263.987	-1478.542	214.5549	1.220235	5.765608	1.445323
19470	-1255.261	-1469.77	214.5087	1.199837	5.765608	1.495788
19476	-1245.073	-1460.031	214.9577	1.194504	3.787417	1.5982
19482	-1256.38	-1470.896	214.5159	1.205016	3.724057	1.915654
19488	-1251.029	-1465.529	214.5005	1.023415	5.154569	1.744872
19494	-1255.108	-1470.061	214.9521	1.083825	4.039198	1.619884
19500	-1258.404	-1472.208	213.8036	1.017426	5.185553	2.210342
19506	-1260.925	-1474.502	213.577	1.016288	4.720048	2.439293
19512	-1267.495	-1481.939	214.444	1.066311	3.809233	2.036486
19518	-1272.187	-1487.197	215.0102	1.281214	2.944146	1.732939
19524	-1276.69	-1491.584	214.8937	1.178847	3.487898	1.732939
19530	-1253.546	-1467.529	213.9838	0.8798009	3.732432	2.469864
19536	-1260.855	-1473.991	213.1365	0.789923	3.763062	3.036213
19542	-1246.165	-1459.682	213.5162	0.9283482	3.712154	2.733755
19548	-1239.347	-1453.072	213.7253	0.8680536	4.008215	2.578855
19554	-1237.28	-1450.982	213.7019	0.8359806	3.332258	2.763415
19560	-1243.638	-1456.621	212.983	0.8407813	4.23827	3.001792
19566	-1237.892	-1451.119	213.2271	0.8237694	3.57759	3.001792
19572	-1238.619	-1452.091	213.4723	0.9644083	3.156415	2.867636
19578	-1249.795	-1463.548	213.7529	0.8231013	3.270844	2.754925
19584	-1258.94	-1473.851	214.9107	1.209111	3.787993	1.621534
19590	-1259.809	-1472.402	212.5926	0.736831	3.846099	3.37271
19596	-1257.105	-1470.095	212.9904	0.8966226	3.653208	3.083276
19602	-1246.491	-1458.595	212.1047	0.814446	3.782629	3.625035
19608	-1265.511	-1477.55	212.0392	0.8535136	3.315021	3.740786
19614	-1261.581	-1474.367	212.7867	0.7095001	3.901376	3.263308
19620	-1255.094	-1468.729	213.6354	0.7849505	4.55197	2.578638
19626	-1251.24	-1465.599	214.3587	1.099642	2.754349	2.34212
19632	-1256.49	-1470.505	214.0159	1.033673	4.04797	2.283222
19638	-1257.004	-1470.872	213.8681	0.8341649	4.040234	2.504376
19644	-1264.082	-1477.884	213.8014	0.8061937	3.763561	2.622288
19650	-1268.541	-1482.747	214.2054	1.009612	3.82981	2.224749
19656	-1261.356	-1475.83	214.474	0.9905459	3.225458	2.209371
19662	-1256.366	-1470.658	214.2916	0.9132614	4.203608	2.149998
19668	-1262.831	-1475.457	212.6261	0.7759485	3.483402	3.40707
19674	-1259.76	-1473.868	214.108	0.8484626	3.876514	2.37951
19680	-1263.636	-1477.242	213.6053	0.7895298	3.936905	2.716128
19686	-1279.289	-1493.411	214.1219	1.129646	3.969859	2.169894
19692	-1258.852	-1473.815	214.9628	1.321988	4.257413	1.379499
19698	-1263.43	-1478.574	215.1431	1.362687	3.610855	1.379499
19704	-1262.777	-1476.307	213.5297	1.137526	3.927648	2.549971
19710	-1256.308	-1470.56	214.2516	1.110508	3.832914	2.128509
19716	-1252.116	-1466.887	214.7711	1.140978	4.128291	1.687555
19722	-1251.535	-1466.298	214.7622	1.053035	2.708554	2.125715
19728	-1257.249	-1470.829	213.5799	0.8898147	4.554947	2.547387
19734	-1253.393	-1467.124	213.731	1.040832	3.05328	2.689258
19740	-1265.851	-1480.617	214.766	1.296708	4.181977	1.566164
19746	-1265.66	-1480.874	215.2142	1.354355	3.462121	1.373617
19752	-1271.59	-1484.07	212.4799	0.5872057	2.853484	3.750984
19758	-1255.066	-1467.154	212.0882	0.5112686	3.37481	3.896121
19764	-1238.161	-1451.893	213.7323	0.8743843	3.37481	2.71126
19770	-1265.261	-1477.265	212.0036	0.7922183	3.496626	3.756526
19776	-1261.967	-1475.435	213.4678	0.8831087	3.499975	2.838187
19782	-1247.14	-1461.409	214.269	0.886393	3.574432	2.321677
19788	-1253.491	-1466.397	212.906	0.8151349	2.501036	3.466661
19794	-1249.397	-1463.004	213.6072	1.039757	2.501036	2.917512
19800	-1242.408	-1455.538	213.13	0.9500338	3.888832	2.917512
19806	-1250.851	-1464.568	213.7167	0.9446028	3.134561	2.736367
19812	-1243.413	-1456.961	213.5483	0.9476672	3.514106	2.746582
19818	-1249.491	-1463.34	213.8492	0.9205426	2.84115	2.746582
19824	-1239.477	-1453.094	213.6172	0.920479	4.267637	2.56067
19830	-1230.735	-1443.404	212.6685	0.7106814	3.402707	3.438422
19836	-1245.661	-1458.75	213.0894	0.5460721	3.402707	3.2879
19842	-1248.513	-1462.195	213.6819	0.7433508	3.065482	2.897218
19848	-1247.185	-1460.883	213.6979	0.8074034	3.499672	2.744233
19854	-1249.307	-1462.814	213.5074	0.895741	4.559051	2.588006
19860	-1250.383	-1464.216	213.8326	0.9316229	4.624882	2.349089
19866	-1247.771	-1461.553	213.7812	0.8813416	4.055845	2.525923
19872	-1255.164	-1469.182	214.0173	1.007183	4.541264	2.198447
19878	-1245.892	-1460.154	214.262	0.8645305	3.644465	2.323706
19884	-1253.194	-1466.649	213.4556	0.6097016	3.618293	2.984149
19890	-1246.962	-1458.945	211.9835	0.7249276	4.178637	3.669531
19896	-1256.277	-1469.967	213.6901	0.7164031	3.918559	2.712811
19902	-1243.077	-1456.933	213.8559	1.085335	3.168764	2.55513
19908	-1250.583	-1464.33	213.7468	0.8638707	3.168764	2.758772
19914	-1255.548	-1469.085	213.5372	0.7903891	4.024038	2.739291
19920	-1258.012	-1471.456	213.4445	0.8615156	4.088882	2.739291
19926	-1257.901	-1470.271	212.3695	0.8213838	3.639018	3.496864
19932	-1263.281	-1477.16	213.879	0.8450512	3.386946	2.636169
19938	-1250.548	-1464.233	213.6849	0.8146821	3.85154	2.669845
19944	-1258.904	-1472.158	213.2543	0.9240392	4.258081	2.783605
19950	-1247.193	-1462.124	214.9307	1.368526	3.811764	1.482983
19956	-1245.785	-1460.789	215.0042	1.139368	3.66946	1.634861
19962	-1234.37	-1449.277	214.9073	1.252737	3.077154	1.785334
19968	-1232.984	-1448.028	215.0439	1.137765	3.077154	1.770265
19974	-1239.539	-1453.358	213.8191	1.063741	3.550106	2.499293
19980	-1242.065	-1456.19	214.125	1.096388	3.387443	2.324522
19986	-1243.022	-1456.676	213.6533	0.9461419	3.539127	2.677483
19992	-1246.254	-1459.803	213.5487	0.9286148	3.317878	2.803758
19998	-1249.881	-1463.503	213.6222	0.8495435	3.332235	2.803758
20004	-1246.373	-1459.51	213.1373	0.9523526	4.434978	2.803758
20010	-1253.511	-1466.323	212.8128	0.7954331	3.4506	3.293201
20016	-1247.264	-1459.627	212.3636	0.8644393	3.249125	3.56163
20022	-1254.67	-1466.457	211.7874	0.6822514	3.006626	4.055605
20028	-1254.924	-1468.562	213.6387	0.8433458	3.006626	2.877868
20034	-1260.066	-1473.98	213.9135	0.8348499	3.911448	2.502849
20040	-1252.931	-1466.627	213.6959	0.9783981	3.738478	2.586516
20046	-1251.588	-1465.753	214.165	0.9900143	4.038833	2.217407
20052	-1256.849	-1469.728	212.8792	0.7605339	3.225959	3.326198
20058	-1246.856	-1460.292	213.4356	0.8039624	3.236977	2.966975
20064	-1255.757	-1470.478	214.7207	1.15788	3.689443	1.816413
20070	-1257.846	-1472.094	214.2485	1.168239	2.978681	2.305651
20076	-1271.941	-1485.041	213.0995	1.068235	3.235203	3.010511
20082	-1263.356	-1476.993	213.6373	0.9426063	3.16126	2.779391
20088	-1260.051	-1472.769	212.718	0.8003469	3.251194	3.391601
20094	-1264.235	-1477.311	213.0769	1.040982	3.541904	2.969488
20100	-1248.979	-1463.352	214.3727	0.8067453	4.208699	2.165418
20106	-1245.815	-1460.354	214.5396	1.074004	3.324787	2.086588
20112	-1242.601	-1457.529	214.9282	1.073152	4.33895	1.574341
20118	-1257.231	-1472.07	214.8397	1.000598	4.476584	1.659896
20124	-1251.163	-1466.095	214.9313	1.196419	4.914536	1.34707
20130	-1261.542	-1476.306	214.7634	1.256118	4.557623	1.510962
20136	-1256.117	-1471.006	214.8887	1.174087	3.874843	1.640814
20142	-1253.005	-1466.451	213.4465	1.027099	3.686366	2.721621
20148	-1255.699	-1470.034	214.335	1.042501	3.335348	2.23746
20154	-1258.559	-1472.073	213.514	1.043447	3.586485	2.692484
20160	-1250.389	-1464.841	214.4521	0.9122549	4.124666	2.062244
20166	-1249.629	-1463.761	214.1317	0.9122549	3.613046	2.383381
20172	-1253.521	-1466.709	213.1883	0.7871014	3.659598	3.029048
20178	-1260.756	-1474.059	213.3022	0.8677028	2.912287	3.089722
20184	-1248.873	-1462.298	213.4249	0.8077284	2.951923	3.041981
20190	-1256.38	-1470.821	214.441	0.9267839	3.488424	2.205929
20196	-1253.908	-1467.141	213.2325	0.7639289	3.327275	3.091182
20202	-1249.146	-1462.432	213.2859	0.685471	3.816455	2.99803
20208	-1252.013	-1465.647	213.6341	0.659542	2.980859	2.99803
20214	-1271.543	-1484.488	212.9448	0.8504579	3.012523	3.286368
20220	-1266.394	-1480.935	214.5413	1.009268	3.184627	2.164275
20226	-1262.208	-1476.198	213.9901	1.049176	4.171892	2.26367
20232	-1277.102	-1491.564	214.4615	1.049795	3.684073	2.065217
20238	-1267.686	-1481.329	213.6429	0.7847028	3.931166	2.697262
20244	-1247.889	-1462.062	214.1721	0.9198152	3.930428	2.28151
20250	-1256.324	-1470.921	214.5971	1.091606	4.391176	1.785341
20256	-1256.888	-1471.657	214.7686	1.028601	4.793823	1.622794
20262	-1254.108	-1469.154	215.0458	1.343825	4.370476	1.266388
20268	-1261.374	-1476.697	215.323	1.472481	3.60116	1.141929
20274	-1259.571	-1474.894	215.3232	1.304103	3.60116	1.285032
20280	-1249.52	-1464.222	214.7021	1.132145	3.826795	1.813405
20286	-1253.924	-1466.422	212.4978	0.6248583	3.899101	3.483014
20292	-1254.596	-1467.278	212.6825	0.7790425	3.268683	3.42083
20298	-1251.828	-1464.721	212.8928	0.8051176	3.244607	3.287559
20304	-1245.717	-1458.45	212.7331	0.6906641	3.336979	3.427237
20310	-1247.613	-1461.074	213.4609	0.8443722	3.290672	2.914542
20316	-1254.742	-1469.02	214.2781	1.066266	3.327052	2.260838
20322	-1258.966	-1472.513	213.5468	0.7827827	3.362484	2.882893
20328	-1262.775	-1476.51	213.7347	0.926478	3.237478	2.710893
20334	-1256.693	-1470.113	213.4203	0.8278881	3.745304	2.846191
20340	-1261.413	-1474.936	213.5229	0.7241761	3.626149	2.872812
20346	-1250.339	-1464.213	213.8742	0.8491866	3.997237	2.500249
20352	-1248.57	-1461.722	213.1522	0.7529877	4.395583	2.922905
20358	-1252.488	-1465.635	213.1467	0.7216189	3.939632	3.034345
20364	-1251.971	-1465.205	213.2342	0.7131243	3.939632	2.986917
20370	-1251.304	-1463.816	212.5113	0.671293	4.250102	3.379785
20376	-1252.442	-1466.293	213.8516	0.812049	4.109027	2.514265
20382	-1257.683	-1471.69	214.0071	1.00916	3.863764	2.344376
20388	-1267.609	-1482.142	214.5328	1.11129	3.846479	1.938376
20394	-1269.52	-1483.843	214.3232	1.221445	4.141569	1.938376
20400	-1256.654	-1471.578	214.9235	1.196617	3.272248	1.75799
20406	-1258.426	-1473.451	215.0256	1.330247	3.420238	1.54757
20412	-1257.365	-1471.945	214.5793	1.224388	3.726228	1.85877
20418	-1240.223	-1454.832	214.609	1.113756	3.296939	2.021641
20424	-1241.379	-1456.274	214.895	1.3113	3.783917	1.55951
20430	-1245.874	-1460.604	214.7297	1.240778	3.783917	1.729012
20436	-1250.165	-1464.668	214.5026	1.095868	3.57856	2.032942
20442	-1249.637	-1464.106	214.4694	1.073152	3.912172	1.991271
20448	-1245.117	-1459.589	214.4719	1.122364	3.286374	2.109142
20454	-1245.529	-1460.362	214.8329	1.069256	3.182588	1.932162
20460	-1243.048	-1457.029	213.981	0.889272	3.579987	2.500234
20466	-1240.707	-1454.351	213.6435	0.7846739	4.447173	2.593625
20472	-1243.652	-1456.935	213.2827	0.8295984	3.252364	3.03959
20478	-1249.772	-1464.252	214.4795	0.9106973	3.615913	2.160701
20484	-1259.689	-1474.506	214.8173	1.156894	3.942472	1.687556
20490	-1274.563	-1489.574	215.0111	1.128469	3.90584	1.577321
20496	-1256.893	-1471.486	214.5924	1.098316	3.297926	2.042636
20502	-1262.058	-1475.164	213.1059	0.9621954	3.537839	3.000264
20508	-1257.502	-1469.552	212.0501	0.7518012	4.278589	3.596707
20514	-1247.764	-1461.266	213.5017	0.8485032	4.050796	2.719946
20520	-1247.481	-1460.904	213.4234	0.9316785	2.898966	2.982349
20526	-1244.994	-1458.321	213.3272	0.8948759	4.807159	2.654465
20532	-1249.916	-1463.175	213.259	0.8960756	5.015402	2.659228
20538	-1240.44	-1454.023	213.5833	0.8611289	4.064813	2.659228
20544	-1256.693	-1470.974	214.2811	1.275238	4.222001	1.912828
20550	-1243.588	-1457.776	214.1885	0.9387703	3.311049	2.403009
20556	-1248.371	-1462.539	214.168	0.9639829	3.405332	2.376935
20562	-1236.226	-1450.012	213.7865	0.9067984	3.863388	2.547501
20568	-1245.827	-1458.915	213.088	0.8670665	4.785834	2.821595
20574	-1256.836	-1470.313	213.4771	0.75022	3.412401	2.933013
20580	-1259.811	-1473.095	213.2841	0.7816731	2.779803	3.186608
20586	-1253.011	-1466.453	213.4426	0.6722058	3.983066	2.877123
20592	-1270.571	-1483.968	213.3967	0.8652072	5.013608	2.593566
20598	-1280.434	-1493.878	213.4443	1.104401	4.071067	2.593566
20604	-1258.855	-1472.483	213.6283	0.9204075	4.071067	2.593566
20610	-1251.285	-1465.721	214.4363	0.9836181	4.071067	2.037235
20616	-1244.795	-1459.634	214.8384	1.174632	4.071067	1.628788
20622	-1257.737	-1470.846	213.1093	0.811192	3.522606	3.092
20628	-1259	-1473.699	214.6993	1.095205	2.907131	2.080926
20634	-1254.238	-1466.956	212.7181	0.8697382	2.72387	3.482718
20640	-1267.093	-1481.37	214.2778	0.9623752	3.310295	2.331616
20646	-1261.173	-1475.424	214.2515	0.9501947	3.313286	2.355348
20652	-1260.402	-1474.419	214.0171	0.8823195	3.850753	2.421207
20658	-1258.644	-1472.959	214.3153	0.8171429	3.112162	2.450129
20664	-1248.356	-1461.738	213.3823	0.7286952	3.984688	2.879069
20670	-1240.544	-1454.311	213.7665	0.9283795	4.378078	2.440643
20676	-1246.799	-1461.349	214.5497	1.016854	3.190527	2.152258
20682	-1258.299	-1472.803	214.5041	1.272211	4.197016	1.767331
20688	-1260.268	-1475.325	215.0569	1.095646	4.158808	1.505135
20694	-1259.411	-1473.695	214.2846	1.046654	4.012115	2.108632
20700	-1256.736	-1470.543	213.8063	0.8450049	3.433226	2.670086
20706	-1258.209	-1472.924	214.7147	1.262862	5.078695	1.42843
20712	-1243.819	-1457.871	214.0525	1.141224	4.059064	2.187979
20718	-1255.114	-1469.187	214.0732	1.093679	4.140713	2.187979
20724	-1255.338	-1469.216	213.8781	1.093679	3.877388	2.369617
20730	-1254.602	-1468.83	214.2279	0.9208422	3.782254	2.278035
20736	-1256.437	-1470.419	213.9824	1.015855	3.074066	2.543925
20742	-1260.535	-1475.338	214.8033	1.256854	3.597977	1.712884
20748	-1256.363	-1470.686	214.3228	1.155838	4.210629	1.967646
20754	-1257.453	-1471.608	214.1554	0.8357869	4.091681	2.311285
20760	-1258.047	-1471.595	213.5472	0.9054366	3.319991	2.818298
20766	-1265.036	-1478.6	213.564	0.9771607	4.496873	2.513892
20772	-1243.811	-1457.291	213.4807	0.8881381	4.291349	2.660413
20778	-1246.381	-1460.059	213.6779	0.9070426	3.65408	2.660413
20784	-1254.715	-1468.279	213.5637	0.8823019	3.726817	2.72967
20790	-1254.128	-1468.832	214.7045	1.101453	3.040936	2.03552
20796	-1257.029	-1471.58	214.5514	1.157269	3.199798	2.05665
20802	-1246.388	-1461.169	214.7807	1.169551	4.210634	1.641114
20808	-1255.956	-1470.755	214.7993	1.30457	3.481094	1.712733
20814	-1252.437	-1466.771	214.3338	0.990957	3.276942	2.28603
20820	-1255.934	-1469.192	213.2582	0.7404458	4.353614	2.874371
20826	-1262.141	-1476.278	214.1373	0.9207502	4.689216	2.147884
20832	-1260.065	-1474.198	214.1325	1.063086	4.425506	2.110122
20838	-1244.106	-1458.709	214.6028	1.059799	4.425506	1.796062
20844	-1249.314	-1463.934	214.6201	1.240311	3.72521	1.820118
20850	-1240.631	-1455.474	214.8425	1.115476	3.601543	1.783559
20856	-1250.63	-1465.595	214.9655	1.212338	3.040683	1.783559
20862	-1257.857	-1472.892	215.0345	1.212338	3.152591	1.702665
20868	-1249.408	-1462.914	213.5055	1.038284	4.189538	2.572521
20874	-1248.214	-1462.819	214.605	1.038576	2.663785	2.250452
20880	-1248.818	-1463.093	214.2751	0.9352878	3.208085	2.376332
20886	-1249.507	-1463.414	213.9069	0.7630381	3.42624	2.660259
20892	-1242.253	-1455.255	213.0014	0.8574529	3.884139	3.05139
20898	-1241.998	-1456.289	214.2907	0.8425032	3.090238	2.455346
20904	-1264.387	-1477.36	212.973	1.102626	4.05889	2.885401
20910	-1251.905	-1465.466	213.5604	1.168242	3.429216	2.623363
20916	-1239.551	-1453.275	213.7238	0.9252666	3.643055	2.623363
20922	-1251.793	-1466.205	214.412	1.015202	3.638351	2.131237
20928	-1248.791	-1462.399	213.6073	0.8165759	4.179341	2.648729
20934	-1241.612	-1454.398	212.786	0.7693299	3.799094	3.249334
20940	-1247.799	-1461.518	213.7187	0.9761765	4.404967	2.435342
20946	-1250.107	-1462.103	211.9954	0.6367366	4.404967	3.672067
20952	-1243.395	-1456.725	213.3297	0.8814413	3.414017	2.942393
20958	-1256.035	-1469.775	213.7398	0.8888984	3.414017	2.688492
20964	-1252.415	-1465.701	213.2861	0.7089742	3.394155	3.07651
20970	-1257.419	-1470.965	213.5455	0.8666375	3.274536	2.85374
20976	-1238.039	-1452.179	214.1404	1.160379	4.296371	2.067619
20982	-1243.307	-1457.411	214.1048	0.9116647	4.296371	2.252623
20988	-1256.107	-1471.152	215.0448	1.109157	3.450769	1.685376
20994	-1243.9	-1458.409	214.509	1.277646	3.644214	1.890567
21000	-1242.048	-1456.724	214.6761	1.415114	3.226837	1.790699
21006	-1236.388	-1451.203	214.8147	1.133136	3.473723	1.823454
21012	-1246.814	-1460.895	214.0815	0.870861	4.409661	2.270937
21018	-1248.565	-1462.356	213.7907	0.8812563	4.255187	2.479389
21024	-1248.915	-1462.666	213.7508	0.829029	4.192585	2.549475
21030	-1243.645	-1457.635	213.9906	0.8424133	3.468095	2.549475
21036	-1255.204	-1468.275	213.0708	0.8713128	4.552142	2.871503
21042	-1258.067	-1471.665	213.5981	0.7872029	3.088916	2.91548
21048	-1261.581	-1475.062	213.4811	0.9518579	3.775061	2.727174
21054	-1268.14	-1482.835	214.6946	1.168949	4.178083	1.710426
21060	-1251.06	-1465.235	214.1744	1.209853	4.216201	2.029363
21066	-1262.23	-1476.473	214.2434	1.084794	3.478613	2.233851
21072	-1262.79	-1476.911	214.1206	0.8524128	4.103903	2.3203
21078	-1258.43	-1472.909	214.4789	1.182201	3.419054	2.031104
21084	-1246.408	-1461.267	214.8593	1.155754	3.419054	1.79132
21090	-1245.861	-1460.415	214.5534	1.224724	2.703277	2.151466
21096	-1245.712	-1459.941	214.2291	0.8772929	4.632244	2.127334
21102	-1251.044	-1464.599	213.5546	1.036718	4.27965	2.524904
21108	-1255.112	-1469.116	214.0038	1.171973	3.845821	2.246411
21114	-1247.206	-1461.182	213.9759	0.8932113	4.627267	2.281768
21120	-1249.041	-1463.029	213.9877	0.9126608	4.341427	2.317846
21126	-1257	-1470.709	213.7091	0.8211798	4.736848	2.475796
21132	-1253.811	-1467.377	213.5669	0.9361067	3.644185	2.712981
21138	-1255.446	-1468.772	213.3261	0.8170492	4.437524	2.770636
21144	-1259.484	-1472.876	213.3922	0.965583	2.952635	2.966728
21150	-1252.367	-1465.823	213.456	0.8101672	3.786358	2.826438
21156	-1252.995	-1466.65	213.6547	0.9345524	3.827402	2.619739
21162	-1250.697	-1464.266	213.5694	0.9677351	3.673333	2.685516
21168	-1246.937	-1460.974	214.0367	0.9918818	3.667054	2.380691
21174	-1264.305	-1477.945	213.6403	0.9086952	3.684556	2.67574
21180	-1251.69	-1465.737	214.0478	0.9150618	2.996761	2.586142
21186	-1263.567	-1478.53	214.9631	1.26138	3.0641	1.744189
21192	-1251.312	-1465.799	214.4869	1.187741	4.528059	1.765807
21198	-1254.951	-1469.957	215.0063	1.411625	3.471796	1.486692
21204	-1257.841	-1472.61	214.7685	1.411625	3.471796	1.660975
21210	-1249.837	-1464.084	214.2473	1.196761	3.381943	2.182783
21216	-1241.403	-1454.285	212.882	0.941522	3.795901	3.090829
21222	-1245.083	-1458.754	213.6709	0.8356159	3.320714	2.785313
21228	-1247.868	-1461.804	213.936	0.9935857	4.071738	2.3547
21234	-1251.611	-1466.205	214.5937	1.26249	3.950779	1.768575
21240	-1246.164	-1460.911	214.747	1.26249	3.930919	1.665213
21246	-1250.465	-1465.547	215.0819	1.196714	4.681956	1.279739
21252	-1251.457	-1466.264	214.8075	1.182039	4.815155	1.476169
21258	-1252.016	-1466.917	214.9007	1.194992	4.459694	1.476169
21264	-1258.518	-1474.111	215.5926	1.284942	3.159451	1.218754
21270	-1245.403	-1460.806	215.4029	1.429128	3.509525	1.139574
21276	-1256.211	-1471.112	214.9008	1.617597	4.82687	1.030224
21282	-1248.14	-1463.239	215.098	1.733971	4.674247	0.7086739
21288	-1247.666	-1463.033	215.3664	1.553544	3.887264	0.9217035
21294	-1251.359	-1466.588	215.2292	1.617744	4.520238	0.7579379
21300	-1237.642	-1452.142	214.4999	1.420347	5.176722	1.451734
21306	-1246.285	-1460.155	213.8704	1.166251	3.931713	2.316537
21312	-1237.473	-1450.77	213.2969	1.100171	3.819452	2.739574
21318	-1238.286	-1452.16	213.8737	0.8912029	3.819452	2.51236
21324	-1237.168	-1451.003	213.8353	0.9901176	3.284685	2.598159
21330	-1236.789	-1450.28	213.4907	0.8437608	3.027001	2.96174
21336	-1245.701	-1459.727	214.026	0.7983042	3.830076	2.47293
21342	-1254.345	-1468.213	213.8686	0.8726644	2.526598	2.852929
21348	-1256.454	-1470.651	214.1974	0.8696332	2.682667	2.608059
21354	-1256.225	-1469.045	212.8204	0.8333218	3.637116	3.225392
21360	-1243.845	-1457.347	213.5022	0.7863802	3.640346	2.844574
21366	-1260.837	-1474.815	213.9775	0.8461759	3.640346	2.515519
21372	-1254.36	-1467.658	213.2974	0.7003118	3.280262	3.101431
21378	-1258.417	-1471.377	212.9599	0.8728712	4.75502	2.901153
21384	-1241.729	-1455.428	213.6993	0.9115449	3.784847	2.615617
21390	-1247.092	-1460.972	213.88	0.8015361	3.784847	2.571844
21396	-1240.126	-1453.915	213.7887	0.9357629	3.886654	2.523071
21402	-1248.105	-1462.389	214.2843	0.9843629	3.479541	2.271863
21408	-1255.584	-1469.692	214.1084	0.9507517	4.131949	2.259314
21414	-1263.421	-1477.505	214.0841	0.8373082	4.606591	2.252221
21420	-1267.394	-1482.154	214.7598	1.193359	4.331281	1.611185
21426	-1247.665	-1462.396	214.7314	1.048985	3.283782	1.986731
21432	-1244.761	-1458.332	213.5709	0.7822603	3.90411	2.748478
21438	-1253.574	-1467.235	213.661	0.9462444	3.898893	2.593279
21444	-1259.967	-1473.762	213.7948	0.9339579	3.306678	2.652537
21450	-1244.89	-1459.74	214.8498	1.40631	4.274917	1.397489
21456	-1245.138	-1459.364	214.2266	1.222564	4.274917	1.973574
21462	-1244.98	-1459.131	214.1517	1.022102	3.976477	2.218828
21468	-1241.453	-1455.088	213.6355	0.8265306	3.973422	2.667224
21474	-1238.951	-1451.294	212.3428	0.7832439	4.102171	3.441134
21480	-1233.61	-1447.592	213.9824	0.9648102	4.01729	2.355001
21486	-1247.979	-1462.632	214.653	1.149604	4.261553	1.734418
21492	-1246.843	-1461.319	214.476	1.273396	4.078791	1.81283
21498	-1243.616	-1457.909	214.2937	1.160508	4.462891	1.930621
21504	-1248.863	-1463.612	214.7492	1.37973	5.29776	1.260349
21510	-1245.12	-1460.564	215.4437	1.270602	3.540398	1.231461
21516	-1247.005	-1461.795	214.7899	1.130405	3.897787	1.736384
21522	-1252.026	-1466.234	214.2081	1.144134	3.616397	2.185244
21528	-1262.318	-1474.199	211.8813	0.8039603	2.94552	3.947317
21534	-1245.544	-1459.351	213.8074	1.066001	3.882874	2.430589
21540	-1257.833	-1471.394	213.5607	0.8119217	2.981284	2.950431
21546	-1248.599	-1461.981	213.3818	0.9137122	3.531178	2.864703
21552	-1261.958	-1475.898	213.9402	0.9040093	3.807502	2.465359
21558	-1255.543	-1469.762	214.2187	0.962997	3.820383	2.248268
21564	-1258.3	-1472.62	214.3196	1.107927	4.236229	1.996328
21570	-1263.092	-1476.898	213.8059	0.8057719	4.026549	2.563705
21576	-1264.345	-1477.371	213.0255	0.8545754	4.799754	2.864675
21582	-1250.42	-1463.954	213.5341	0.7926156	3.802059	2.78624
21588	-1260.44	-1474.127	213.6877	0.7130716	3.544869	2.797711
21594	-1246.723	-1460.632	213.9097	0.9055559	4.281035	2.384045
21600	-1248.997	-1462.826	213.8293	0.9228058	4.281035	2.42388
21606	-1260.628	-1474.397	213.7693	0.8229858	3.595208	2.669139
21612	-1262.019	-1475.53	213.5114	0.9064604	3.848964	2.720541
21618	-1259.457	-1473.005	213.5483	0.8446451	3.591893	2.791863
21624	-1257.437	-1470.978	213.5416	0.9846958	4.826921	2.461862
21630	-1252.803	-1468.001	215.1972	1.273309	4.187755	1.247606
21636	-1253.424	-1468.906	215.4824	1.286893	3.504345	1.196136
21642	-1262.009	-1476.115	214.1064	1.053745	3.505086	2.335063
21648	-1256.673	-1471.349	214.6769	1.124782	3.593625	1.892912
21654	-1248.291	-1463.844	215.5536	1.671671	3.423644	0.7500969
21660	-1259.519	-1473.503	213.9834	0.9273057	3.70226	2.447082
21666	-1253.701	-1467.602	213.9011	0.7099513	4.668733	2.437702
21672	-1249.367	-1463.761	214.3936	1.081793	5.056054	1.797606
21678	-1264.184	-1478.527	214.3434	1.039107	4.523718	1.966283
21684	-1262.084	-1476.51	214.4256	1.096128	3.939345	1.998968
21690	-1251.147	-1465.217	214.0705	1.08236	4.118861	2.201672
21696	-1252.962	-1467.095	214.1332	0.8900386	4.529024	2.201672
21702	-1251.366	-1465.537	214.1712	1.09386	3.969446	2.161192
21708	-1247.176	-1461.859	214.6832	1.130724	5.310403	1.50482
21714	-1247.201	-1461.986	214.785	1.206756	4.559265	1.531214
21720	-1257.685	-1472.638	214.9527	1.164811	4.704887	1.402789
21726	-1247.18	-1461.936	214.7564	1.164811	4.704887	1.551231
21732	-1235.118	-1449.88	214.7618	1.028586	4.642471	1.6597
21738	-1253.308	-1467.97	214.6625	1.167272	4.231873	1.72195
21744	-1258.057	-1472.292	214.2352	1.065482	6.60537	1.649794
21750	-1248.252	-1462.259	214.0074	1.089499	4.444571	2.170658
21756	-1252.388	-1466.523	214.1346	0.9289647	4.078825	2.267684
21762	-1252.849	-1466.51	213.6613	0.8897902	4.730825	2.463824
21768	-1247.781	-1461.742	213.9618	0.8565976	3.900037	2.46143
21774	-1239.793	-1453.3	213.5075	0.837193	4.156422	2.70197
21780	-1238.552	-1452.75	214.1974	1.134433	4.462829	2.012611
21786	-1238.415	-1452.623	214.2079	0.9017274	4.672464	2.11738
21792	-1254.968	-1469.194	214.2262	1.220175	3.876226	2.063322
21798	-1260.05	-1473.804	213.7542	1.099664	3.144105	2.615571
21804	-1269.148	-1482.717	213.5695	0.978532	4.211332	2.565482
21810	-1261.295	-1476.011	214.7155	1.281665	3.113445	1.886961
21816	-1250.224	-1464.728	214.5038	1.344473	3.914463	1.782698
21822	-1257.712	-1472.464	214.752	1.352454	3.319944	1.755759
21828	-1253.441	-1468.377	214.9353	1.34929	3.344585	1.620989
21834	-1254.777	-1469.998	215.2205	1.173284	3.344585	1.541116
21840	-1261.388	-1476.053	214.6659	1.438176	4.165348	1.539645
21846	-1247.394	-1462.253	214.8587	1.245327	4.165348	1.539645
21852	-1239.445	-1454.57	215.1244	1.382881	3.359814	1.451411
21858	-1252.169	-1466.611	214.4428	1.261194	3.955698	1.872317
21864	-1245.171	-1459.578	214.4071	1.240338	3.524695	2.013717
21870	-1244.662	-1459.16	214.4979	1.240338	3.524695	1.952992
21876	-1247.89	-1461.829	213.939	1.251085	3.638193	2.284607
21882	-1247.608	-1461.562	213.9538	1.212476	3.380846	2.361141
21888	-1248.893	-1462.778	213.8851	1.005665	3.745356	2.449934
21894	-1250.769	-1464.952	214.1838	0.8270163	4.401804	2.234968
21900	-1254.112	-1467.285	213.1732	1.051046	4.034036	2.800264
21906	-1257.866	-1472.149	214.2829	1.141432	4.510712	1.940837
21912	-1258.55	-1473.096	214.5459	1.249685	4.596069	1.665941
21918	-1255.447	-1469.665	214.2178	1.188542	4.312339	1.994238
21924	-1258.823	-1472.809	213.9857	1.109084	3.844135	2.29871
21930	-1255.347	-1469.922	214.5755	1.145482	3.442597	1.985308
21936	-1263.718	-1478.262	214.5438	1.130427	3.759434	1.938673
21942	-1265.412	-1479.061	213.6491	1.047235	4.116817	2.492226
21948	-1254.339	-1468.626	214.2874	1.129517	4.648449	1.917814
21954	-1253.677	-1467.997	214.3196	1.261437	4.123293	1.917814
21960	-1262.978	-1475.507	212.5292	0.4733385	3.071552	3.734224
21966	-1241.643	-1455.446	213.8029	0.7192269	3.096207	2.830824
21972	-1247.689	-1461.741	214.0512	0.8550797	3.997178	2.385235
21978	-1248.237	-1461.616	213.3794	0.9294535	3.360418	2.895889
21984	-1262.562	-1475.681	213.1186	0.9209276	3.285962	3.075166
21990	-1252.124	-1466.299	214.1752	0.9161583	4.197904	2.224746
21996	-1252.804	-1467.467	214.6626	1.026208	3.661125	1.952497
22002	-1252.542	-1466.82	214.2787	1.006983	3.033699	2.37414
22008	-1251.142	-1465.288	214.1463	0.8861301	3.746865	2.360155
22014	-1261.546	-1475.136	213.5894	0.8405863	3.765013	2.731179
22020	-1256.356	-1469.657	213.3011	0.7910579	4.480214	2.793719
22026	-1258.816	-1472.546	213.7295	0.9229306	3.365064	2.685455
22032	-1245.908	-1460.546	214.6377	1.182727	4.968653	1.56949
22038	-1252.063	-1466.321	214.2574	0.9508499	4.716028	2.044058
22044	-1245.364	-1458.578	213.2141	0.9188481	3.582795	2.951289
22050	-1237.259	-1450.34	213.0815	0.6650213	3.582795	3.182212
22056	-1250.174	-1464.028	213.854	0.8098231	3.524355	2.641224
22062	-1262.802	-1476.418	213.6166	0.8277462	3.191955	2.854265
22068	-1249.505	-1462.098	212.5929	0.7429831	3.329803	3.480246
22074	-1254.96	-1467.518	212.5578	0.7994613	3.275265	3.480246
22080	-1270.517	-1484.562	214.0454	0.9896152	4.038709	2.294521
22086	-1251.163	-1465.074	213.9112	0.9331467	3.831207	2.460067
22092	-1251.641	-1465.398	213.757	1.027642	4.005765	2.460067
22098	-1255.252	-1469.26	214.0077	0.8343715	4.439423	2.335484
22104	-1254.024	-1466.714	212.6902	0.7296549	3.554285	3.381087
22110	-1257.707	-1471.336	213.6294	0.758784	3.662554	2.779059
22116	-1251.574	-1464.294	212.7203	0.8343444	3.197225	3.383028
22122	-1272.021	-1484.729	212.7078	0.7532652	3.290172	3.416128
22128	-1274.997	-1488.505	213.5071	0.8480286	3.460667	2.8446
22134	-1243.848	-1458.53	214.6823	1.096524	3.289211	1.986331
22140	-1250.876	-1465.741	214.8647	1.243831	3.445622	1.718894
22146	-1235.977	-1451.112	215.1355	1.283468	3.177311	1.571516
22152	-1245.448	-1460.191	214.743	1.125012	3.303952	1.922498
22158	-1251.15	-1464.319	213.1687	1.032248	2.90855	3.072177
22164	-1238.783	-1452.56	213.7769	0.7723914	3.551594	2.705433
22170	-1261.88	-1476.961	215.0801	1.361198	3.720154	1.398977
22176	-1270.134	-1485.433	215.2987	1.317864	3.424775	1.34691
22182	-1248.564	-1462.9	214.3362	1.016875	2.704191	2.423315
22188	-1254.5	-1469.294	214.7938	1.021052	3.854355	1.820202
22194	-1248.042	-1462.742	214.7005	1.155756	3.854355	1.79157
22200	-1250.164	-1465.114	214.9502	1.263147	3.854355	1.536118
22206	-1257.886	-1472.696	214.8096	1.119883	3.094261	1.938128
22212	-1251.74	-1466.779	215.0396	1.254057	2.755819	1.789599
22218	-1252.325	-1467.254	214.9291	1.130814	3.055684	1.8605
22224	-1245.54	-1459.338	213.7972	1.105217	3.696225	2.45359
22230	-1251.91	-1465.397	213.4871	1.002035	3.116568	2.845753
22236	-1245.626	-1459.092	213.4659	0.8304457	4.203163	2.722347
22242	-1247.02	-1460.618	213.598	0.9692722	4.079901	2.580242
22248	-1249.612	-1463.83	214.2182	1.006538	4.079901	2.163386
22254	-1256.111	-1469.972	213.8612	0.8658286	4.735585	2.351952
22260	-1254.26	-1468.218	213.9581	0.8435245	3.395692	2.586125
22266	-1263.923	-1477.518	213.5954	1.105997	3.893229	2.536034
22272	-1265.759	-1479.087	213.3285	0.8865248	5.279798	2.577451
22278	-1275.278	-1488.381	213.1033	0.6143842	4.228716	3.067138
22284	-1267.25	-1482.28	215.0297	1.388001	4.078028	1.320291
22290	-1267.615	-1482.467	214.8518	1.351292	4.116478	1.477546
22296	-1261.201	-1476.033	214.8319	1.416812	5.863679	1.024169
22302	-1260.875	-1474.336	213.4614	0.8679139	3.605586	2.827502
22308	-1259.528	-1473.578	214.0499	0.82008	2.941345	2.658187
22314	-1252.308	-1465.433	213.1245	0.9346889	3.442306	3.027149
22320	-1261.731	-1476.405	214.6737	1.004785	3.765542	1.934368
22326	-1258.414	-1473.031	214.6176	1.026318	3.696442	1.974103
22332	-1253.03	-1466.781	213.7501	0.881359	3.789859	2.60177
22338	-1246.918	-1461.25	214.3321	0.9913482	3.328814	2.273825
22344	-1262.104	-1475.695	213.5915	0.846177	2.957486	2.917358
22350	-1256.848	-1470.172	213.3241	0.7857247	3.804108	2.917358
22356	-1257.27	-1470.622	213.3523	1.04509	3.183735	2.884658
22362	-1258.209	-1473.177	214.9685	1.259213	3.73931	1.555312
22368	-1246.126	-1460.82	214.6937	1.044307	4.777537	1.668733
22374	-1258.043	-1472.172	214.1297	1.060199	4.856442	2.029102
22380	-1255.229	-1469.054	213.8247	0.9655866	4.498545	2.356823
22386	-1248.342	-1462.33	213.9881	0.8111217	4.469537	2.356823
22392	-1259.997	-1474.228	214.2308	0.7753803	4.967422	2.129316
22398	-1258.921	-1473.663	214.7421	0.8880295	3.516479	2.027224
22404	-1259.307	-1473.596	214.2888	1.211347	3.878626	2.027224
22410	-1260.324	-1474.869	214.5447	1.09404	4.00115	1.906245
22416	-1255.722	-1469.647	213.9253	0.8822295	3.849528	2.479201
22422	-1256.501	-1470.422	213.9215	0.7871728	4.102857	2.487392
22428	-1248.168	-1461.405	213.2366	0.7959189	4.133116	2.896662
22434	-1242.43	-1455.795	213.3649	0.7819501	4.133116	2.827419
22440	-1257.307	-1471.209	213.9018	0.8750861	3.832041	2.502142
22446	-1249.572	-1464.217	214.6445	0.9570368	3.832041	1.970334
22452	-1267.889	-1483.145	215.2554	1.259022	3.006349	1.553426
22458	-1265.502	-1480.693	215.191	1.450614	3.242814	1.383169
22464	-1246.703	-1461.064	214.3608	0.9380562	4.168757	2.095908
22470	-1254.053	-1468.778	214.7249	1.222475	3.374352	1.849813
22476	-1257.93	-1473.062	215.1318	1.249476	3.418121	1.529307
22482	-1254.429	-1468.763	214.3344	1.179521	4.196827	1.946931
22488	-1253.461	-1468.051	214.5903	1.003975	3.199897	2.131762
22494	-1256.567	-1470.817	214.25	0.8141575	3.859787	2.314772
22500	-1254.813	-1469.997	215.1847	1.280954	3.201693	1.529807
22506	-1255.185	-1469.976	214.7917	1.469245	3.742958	1.529807
22512	-1257.614	-1473.087	215.4725	1.547895	3.492058	0.9660762
22518	-1248.318	-1463.67	215.3515	1.547895	3.492058	1.084292
22524	-1263.295	-1479.074	215.7793	1.585328	2.714926	0.9432492
22530	-1251.135	-1465.161	214.0261	0.9212122	4.544325	2.247589
22536	-1269.425	-1482.325	212.9001	0.9001906	3.205614	3.23631
22542	-1266.108	-1480.8	214.6922	1.16551	3.044212	2.000204
22548	-1270.507	-1485.626	215.1193	1.286331	4.187923	1.300953
22554	-1260.923	-1475.922	214.9993	1.340007	3.457587	1.549257
22560	-1263.016	-1476.962	213.9469	1.100959	3.298505	2.456094
22566	-1260.725	-1474.874	214.1486	1.119213	3.316327	2.312497
22572	-1255.056	-1469.993	214.9367	1.162929	4.328842	1.50387
22578	-1253.707	-1468.618	214.9111	1.049792	4.151182	1.64733
22584	-1247.347	-1461.807	214.4593	1.023352	5.419675	1.723945
22590	-1251.153	-1465.493	214.3403	0.956591	5.586826	1.823152
22596	-1246.711	-1460.909	214.198	0.8536893	3.839603	2.327219
22602	-1244.713	-1458.432	213.7182	1.071463	4.654935	2.327219
22608	-1246.322	-1460.99	214.6676	1.265582	3.98774	1.705732
22614	-1246.367	-1460.611	214.2438	0.9577636	4.743116	2.043188
22620	-1246.147	-1460.034	213.887	0.9429378	3.705463	2.496968
22626	-1247.415	-1460.638	213.2227	0.862901	3.815843	2.929451
22632	-1252.506	-1466.77	214.2638	0.767136	3.020857	2.537471
22638	-1245.647	-1459.589	213.9416	0.89142	3.882051	2.456138
22644	-1243.424	-1456.958	213.5336	0.9206025	3.479906	2.779922
22650	-1245.421	-1458.925	213.5042	0.6447893	3.597577	2.938381
22656	-1243.397	-1457.339	213.9415	0.7836821	3.572087	2.592302
22662	-1254.882	-1468.321	213.4387	0.8756576	3.192109	2.932804
22668	-1242.732	-1457.21	214.4782	1.054207	3.326473	2.139331
22674	-1250.627	-1464.989	214.3619	1.127695	3.326473	2.167192
22680	-1242.591	-1456.338	213.7474	0.846747	4.73872	2.435343
22686	-1231.098	-1444.717	213.6196	0.8698389	3.532905	2.746308
22692	-1239.28	-1453.756	214.4763	1.046976	4.873546	1.800142
22698	-1247.095	-1461.721	214.6254	1.025483	4.307381	1.829695
22704	-1256.83	-1471.2	214.3699	1.051667	4.539228	1.936852
22710	-1260.879	-1475.656	214.7773	1.01139	3.0108	2.055351
22716	-1249.774	-1463.987	214.2134	0.9638271	3.550831	2.313317
22722	-1256.254	-1470.366	214.1114	0.9672824	3.572877	2.370741
22728	-1255.934	-1470.406	214.4726	1.176739	3.811317	1.94314
22734	-1252.424	-1466.674	214.2505	0.8410343	3.70562	2.33194
22740	-1243.103	-1456.575	213.4716	1.000932	3.874499	2.681623
22746	-1257.865	-1471.378	213.5129	0.9596145	3.874499	2.681623
22752	-1255.026	-1467.706	212.681	0.8423827	4.621351	3.110455
22758	-1252.596	-1466.001	213.4051	0.8321873	3.081401	3.006397
22764	-1240.713	-1453.78	213.0672	0.8319609	3.238245	3.170001
22770	-1230.463	-1443.417	212.9535	0.7545705	3.745808	3.170001
22776	-1241.687	-1454.111	212.4239	0.8453089	3.557795	3.468516
22782	-1246.41	-1458.59	212.1804	0.6379049	3.157537	3.819974
22788	-1239.626	-1452.888	213.2619	0.8484524	3.361381	3.0151
22794	-1247.303	-1460.455	213.1519	0.7140378	4.041912	3.0151
22800	-1245.875	-1458.75	212.8744	0.7052747	3.773054	3.240364
22806	-1259.703	-1472.983	213.2798	0.7885715	4.337336	2.835216
22812	-1262.267	-1475.306	213.0388	0.7845221	3.67069	3.117501
22818	-1254.529	-1467.612	213.083	0.7499831	3.643884	3.117501
22824	-1250.216	-1464.642	214.4256	0.9785824	4.284574	2.001552
22830	-1247.41	-1461.595	214.1856	1.149695	3.506106	2.222591
22836	-1243.568	-1458.027	214.459	1.193857	3.703927	1.966293
22842	-1229.089	-1443.53	214.4408	1.108903	3.475283	2.090545
22848	-1247.887	-1463.133	215.2465	1.125899	3.600164	1.484957
22854	-1243.186	-1457.681	214.4948	1.125761	4.366949	1.837626
22860	-1244.773	-1459.444	214.6704	1.097942	3.230086	2.008988
22866	-1246.815	-1460.834	214.0194	0.8473241	3.075863	2.625013
22872	-1256.573	-1471.068	214.4946	1.062435	4.744716	1.802563
22878	-1261.396	-1475.534	214.138	1.144118	4.141536	2.112686
22884	-1260.815	-1475.034	214.2197	0.8435454	2.921958	2.543743
22890	-1254.842	-1468.901	214.0589	0.9364418	3.814857	2.368471
22896	-1262.814	-1477.568	214.7542	1.175661	3.799704	1.753597
22902	-1261.084	-1474.937	213.8532	0.8571411	3.479701	2.622791
22908	-1259.379	-1473.134	213.7556	0.7447007	3.669809	2.708957
22914	-1253.886	-1467.308	213.4216	0.7811101	3.426243	2.944657
22920	-1252.04	-1466.64	214.6003	1.096824	3.317668	2.033231
22926	-1239.596	-1453.36	213.764	0.9768867	3.501486	2.598888
22932	-1243.255	-1457.151	213.8963	0.7633253	3.723465	2.598888
22938	-1238.525	-1452.299	213.7738	0.828366	3.967163	2.581992
22944	-1239.575	-1452.93	213.3549	0.825417	3.937073	2.846881
22950	-1235.148	-1447.708	212.5607	0.7350912	3.937073	3.374094
22956	-1238.461	-1451.867	213.4063	0.6300084	3.787625	2.965116
22962	-1245.013	-1458.293	213.2797	0.6915245	3.976328	2.965116
22968	-1238.338	-1452.075	213.7367	0.7716367	3.890591	2.656145
22974	-1236.693	-1449.4	212.7076	0.6464114	3.890591	3.349248
22980	-1243.369	-1456.058	212.6884	0.5579025	4.213779	3.349248
22986	-1260.138	-1473.4	213.2618	0.6525977	3.400467	3.123138
22992	-1270.31	-1483.159	212.8497	0.5362324	3.291667	3.459752
22998	-1271.204	-1483.509	212.3053	0.6522921	3.644721	3.631364
23004	-1254.702	-1468.865	214.163	1.069531	4.253791	2.121396
23010	-1247.997	-1462.075	214.0781	0.8529658	5.284513	2.121396
23016	-1245.977	-1459.326	213.3499	0.9160326	3.9863	2.784655
23022	-1264.335	-1477.363	213.0281	0.4538766	3.76323	3.30009
23028	-1254.437	-1467.292	212.8557	0.6864289	3.596177	3.30009
23034	-1250.423	-1464.211	213.7883	0.7603787	4.158049	2.575813
23040	-1245.91	-1459.281	213.3714	0.8012943	4.308062	2.77737
23046	-1238.574	-1452.296	213.722	0.7698551	4.089092	2.624988
23052	-1245.42	-1458.627	213.2068	0.6482649	3.91837	3.046568
23058	-1245.412	-1458.614	213.2027	0.6909743	3.919794	3.023174
23064	-1245.614	-1458.599	212.9851	0.8630704	3.469414	3.146931
23070	-1254.614	-1467.926	213.312	0.7419292	4.041282	2.902096
23076	-1247.48	-1461.176	213.696	0.7989646	4.395667	2.562135
23082	-1257.827	-1471.477	213.6504	0.7850423	3.671271	2.74829
23088	-1256.481	-1470.025	213.5443	0.9120048	3.059435	2.880002
23094	-1251.668	-1465.082	213.4134	0.7364182	4.029457	2.846446
23100	-1245.964	-1460.34	214.3757	1.015386	3.885496	2.097614
23106	-1243.959	-1457.439	213.4799	0.9512662	3.929314	2.695439
23112	-1248.937	-1462.261	213.324	0.9617727	4.298472	2.71008
23118	-1245.809	-1458.949	213.1393	0.961315	3.1082	3.081538
23124	-1240.901	-1454.736	213.8349	0.9009843	3.992309	2.493437
23130	-1249.027	-1462.155	213.1275	0.5617159	3.23355	3.29527
23136	-1253.982	-1467.994	214.0113	0.898434	3.23355	2.558469
23142	-1255.216	-1469.196	213.9799	0.9129257	4.312642	2.328433
23148	-1260.667	-1474.32	213.6535	0.9748744	3.422896	2.686615
23154	-1258.296	-1472.454	214.1589	0.889405	3.74474	2.350568
23160	-1252.665	-1466.563	213.8977	1.102842	3.816884	2.364726
23166	-1256.438	-1470.532	214.0945	0.8483993	4.242353	2.310801
23172	-1262.956	-1477	214.0444	0.9206231	4.387489	2.267228
23178	-1257.251	-1471.863	214.6123	1.209305	3.957433	1.791065
23184	-1268.302	-1481.644	213.3421	0.8283947	4.432146	2.75497
23190	-1253.469	-1467.958	214.4893	1.056684	4.866817	1.785685
23196	-1255.064	-1469.587	214.523	1.159513	3.692367	1.949171
23202	-1246.977	-1460.492	213.5147	1.044118	3.655579	2.676129
23208	-1255.725	-1469.441	213.7162	0.8285674	3.694652	2.676129
23214	-1268.13	-1481.476	213.3457	0.7962387	4.033912	2.850336
23220	-1265.086	-1478.483	213.3973	1.0128	3.29388	2.850336
23226	-1272.3	-1485.938	213.6383	0.9452162	3.699453	2.651196
23232	-1267.135	-1480.264	213.1289	0.7698009	5.462108	2.742511
23238	-1269.653	-1482.817	213.1635	0.771979	2.889634	3.234855
23244	-1253.773	-1467.566	213.7926	1.01353	3.076893	2.662073
23250	-1245.732	-1460.25	214.5181	1.135072	3.536908	2.006864
23256	-1255.331	-1469.105	213.7733	0.9005521	4.183233	2.492765
23262	-1254.441	-1469.379	214.9385	1.01103	3.273608	1.875272
23268	-1274.011	-1489.22	215.2081	1.307566	3.453915	1.417274
23274	-1258.981	-1473.092	214.1106	1.019603	3.35726	2.389793
23280	-1249.383	-1462.577	213.1941	0.9674201	3.765583	2.894307
23286	-1254.431	-1467.901	213.4701	0.6655954	3.297511	3.014871
23292	-1244.483	-1458.691	214.2087	0.8215293	3.298716	2.467137
23298	-1245.888	-1459.486	213.5975	0.7755112	4.111446	2.69365
23304	-1241.441	-1455.7	214.2585	0.9811522	3.345836	2.323115
23310	-1251.725	-1466.666	214.9416	1.191109	3.823503	1.603176
23316	-1255.694	-1469.719	214.0247	1.107744	4.484888	2.139474
23322	-1257.243	-1471.77	214.5271	1.071915	4.093202	1.912356
23328	-1261.053	-1474.861	213.8074	0.9301829	4.199434	2.449478
23334	-1267.565	-1481.537	213.9716	1.017898	3.477552	2.449478
23340	-1258.788	-1472.582	213.7945	0.9187442	4.36101	2.432428
23346	-1260.571	-1474.281	213.7106	0.9309457	3.492141	2.662366
23352	-1260.077	-1473.802	213.725	0.8584343	3.262793	2.752334
23358	-1255.251	-1468.721	213.4704	0.780662	4.191455	2.752334
23364	-1265.006	-1478.131	213.1252	0.6482722	4.157029	3.047697
23370	-1253.056	-1466.3	213.2444	0.8079799	3.863989	2.939414
23376	-1251.877	-1465.465	213.5875	0.7633545	3.863989	2.758348
23382	-1248.736	-1463.012	214.2758	0.9885502	3.044682	2.384687
23388	-1251.765	-1466.249	214.4838	1.126193	3.044682	2.163136
23394	-1267.137	-1481.671	214.5341	1.070994	3.728553	1.992412
23400	-1253.818	-1467.895	214.0776	0.9663593	3.1575	2.493977
23406	-1248.231	-1461.865	213.6344	1.008923	3.672598	2.62028
23412	-1251.63	-1465.316	213.6863	1.028565	3.748788	2.559033
23418	-1240.856	-1454.299	213.4435	1.07584	2.681097	2.942591
23424	-1238.927	-1452.822	213.8944	0.9223693	2.958076	2.686446
23430	-1234.628	-1448.805	214.1774	1.015266	4.328118	2.131981
23436	-1239.317	-1452.789	213.4717	0.850699	4.162433	2.714452
23442	-1243.99	-1457.931	213.9412	0.949465	5.084314	2.183207
23448	-1243.014	-1457.109	214.0952	0.9298093	4.008893	2.307286
23454	-1256.325	-1470.52	214.1952	0.9153817	4.008893	2.252478
23460	-1239.446	-1452.547	213.1005	0.8069371	3.969615	3.004783
23466	-1255.015	-1468.458	213.4438	0.8429964	4.176969	2.733362
23472	-1249.164	-1463.599	214.4352	1.058529	3.541598	2.110968
23478	-1244.456	-1459.034	214.5779	1.017599	3.368895	2.087174
23484	-1253.142	-1467.34	214.1981	1.036114	3.582108	2.269461
23490	-1265.001	-1478.944	213.9432	1.047313	3.54882	2.43205
23496	-1255.883	-1468.865	212.9815	0.6973719	2.800121	3.40925
23502	-1257.731	-1470.96	213.2282	0.7096497	3.29575	3.133424
23508	-1261.325	-1474.371	213.0459	0.8435746	3.596619	3.094131
23514	-1260.808	-1474.092	213.2841	0.6311653	3.895727	3.015221
23520	-1253.458	-1467.523	214.0647	1.000971	3.234348	2.460943
23526	-1254.71	-1468.505	213.7948	1.000971	3.058799	2.673138
23532	-1258.414	-1472.885	214.4706	1.153076	3.521203	2.030374
23538	-1260.023	-1474.538	214.5153	1.233253	3.917619	1.850733
23544	-1261.302	-1476.085	214.7823	1.168549	3.728792	1.756416
23550	-1246.906	-1461.566	214.6598	1.291073	3.728792	1.756416
23556	-1240.046	-1453.897	213.8509	1.291073	3.763321	2.286671
23562	-1239.895	-1454.935	215.0408	1.459497	3.763321	1.340461
23568	-1254.74	-1469.287	214.5467	1.172261	3.162587	2.05978
23574	-1262.441	-1476.192	213.7508	0.9426007	3.786285	2.564174
23580	-1263.542	-1477.283	213.7408	0.9525523	3.786285	2.564174
23586	-1251.3	-1464.184	212.8847	0.8901211	3.48997	3.185915
23592	-1247.615	-1461.145	213.5304	0.9140475	3.507926	2.779496
23598	-1258.867	-1472.538	213.6712	1.063033	3.806117	2.534413
23604	-1260.181	-1473.915	213.7339	1.094813	3.261068	2.601904
23610	-1248.153	-1462.526	214.3723	1.009884	3.129581	2.287322
23616	-1259.041	-1473.379	214.3378	1.099741	3.122719	2.253654
23622	-1264.354	-1478.576	214.2222	1.099741	3.89657	2.140399
23628	-1269.791	-1484.3	214.5093	0.9812706	3.420052	2.143008
23634	-1262.368	-1476.403	214.0357	0.8835468	2.873352	2.646045
23640	-1260.081	-1474.861	214.779	0.9991984	3.47348	1.939027
23646	-1254.889	-1469.92	215.0303	1.213596	3.525836	1.600413
23652	-1249.095	-1463.269	214.174	1.022563	3.525836	2.306886
23658	-1246.196	-1460.295	214.0994	0.9286284	4.001833	2.306886
23664	-1246.242	-1460.282	214.0397	0.9465474	3.929275	2.349152
23670	-1252.669	-1465.95	213.2812	0.8425171	3.556587	2.962688
23676	-1253.295	-1466.356	213.0607	0.8650899	3.86667	3.014885
23682	-1256.3	-1470.433	214.1334	1.080226	3.86667	2.217361
23688	-1248.309	-1462.497	214.1882	0.8650029	3.744982	2.347391
23694	-1242.73	-1457.009	214.2788	0.9670155	3.438035	2.296541
23700	-1248.05	-1462.15	214.1005	1.028134	4.243334	2.191169
23706	-1234.813	-1449.553	214.7398	1.082131	3.977773	1.78606
23712	-1237.825	-1451.874	214.0485	0.8975582	4.518284	2.253539
23718	-1249.533	-1464.395	214.8618	1.235188	4.105554	1.559277
23724	-1259.307	-1474.643	215.3367	1.357325	3.348756	1.308291
23730	-1255.115	-1470.22	215.1042	1.334087	4.008631	1.32234
23736	-1266.957	-1482.112	215.1546	1.241111	4.13724	1.32234
23742	-1258.399	-1473.109	214.7096	1.065981	3.67254	1.89107
23748	-1256.07	-1471.053	214.9834	1.283056	2.823782	1.787226
23754	-1244.008	-1458.543	214.5354	1.144039	3.954046	1.889435
23760	-1242.085	-1455.113	213.0279	0.9661722	4.252307	2.896592
23766	-1248.691	-1463.033	214.3418	0.7198008	4.44666	2.193156
23772	-1245.34	-1459.345	214.0053	0.9874675	3.659042	2.405191
23778	-1249.056	-1463.887	214.8315	1.122064	3.032268	1.939329
23784	-1243.945	-1458.708	214.7637	1.213485	3.340386	1.838425
23790	-1238.281	-1452.625	214.3442	1.074861	3.473365	2.176327
23796	-1232.746	-1447.238	214.4925	1.094377	3.897973	1.964906
23802	-1239.761	-1454.173	214.4116	1.175302	3.897973	1.964906
23808	-1237.588	-1451.829	214.2418	0.9981977	3.897973	2.193323
23814	-1246.34	-1460.716	214.3763	1.094611	3.271638	2.193323
23820	-1255.374	-1469.276	213.9017	1.143955	3.529055	2.401952
23826	-1246.077	-1459.06	212.9829	0.8782369	3.470367	3.139014
23832	-1245.679	-1458.673	212.9939	0.8383704	3.494557	3.150741
23838	-1238.867	-1452.238	213.371	0.9125425	4.210961	2.728642
23844	-1246.503	-1460.938	214.4345	1.020526	4.592426	1.903408
23850	-1236.578	-1449.302	212.7243	0.7394099	3.538915	3.358727
23856	-1238.364	-1451.195	212.8311	0.6325925	3.538915	3.358727
23862	-1250.475	-1463.343	212.8675	0.7276927	3.199227	3.358727
23868	-1252.586	-1466.256	213.6694	0.9902915	4.776805	2.386969
23874	-1248.783	-1463.297	214.5135	0.9783415	3.825048	2.045033
23880	-1255.677	-1470.14	214.4624	1.106228	3.247585	2.135983
23886	-1248.022	-1462.478	214.4562	0.9786909	3.247585	2.22281
23892	-1248.426	-1461.826	213.4002	0.9363613	3.761778	2.788938
23898	-1239.712	-1452.817	213.1051	0.8881299	4.4834	2.853242
23904	-1236.01	-1449.926	213.9157	0.9201662	4.496767	2.328198
23910	-1234.972	-1448.643	213.6714	1.023738	4.35877	2.444272
23916	-1232.799	-1446.61	213.8106	1.037831	4.417988	2.335678
23922	-1245.343	-1458.279	212.9357	0.83956	3.419671	3.201406
23928	-1253.485	-1466.417	212.9317	0.6392977	3.079329	3.401745
23934	-1254.686	-1467.923	213.2364	0.6683789	4.231442	2.954476
23940	-1253.783	-1467.047	213.2641	0.7366271	3.700317	3.005108
23946	-1262.611	-1475.944	213.3331	0.8240537	3.217192	3.021196
23952	-1253.728	-1467.903	214.1745	0.9131274	3.644344	2.348504
23958	-1244.947	-1459.188	214.2407	1.20462	3.796032	2.082402
23964	-1242.512	-1456.751	214.2387	1.098852	3.906488	2.127941
23970	-1237.369	-1451.777	214.4083	1.161848	3.800871	1.998603
23976	-1234.405	-1448.506	214.1004	1.190445	4.480391	2.036239
23982	-1244.779	-1457.831	213.0522	0.8223273	2.751406	3.307241
23988	-1243.031	-1456.729	213.6975	0.8438734	3.855825	2.6432
23994	-1248.484	-1462.941	214.4573	1.363166	4.004881	1.780676
24000	-1239.367	-1453.562	214.1949	0.9915276	4.003591	2.204763
24006	-1250.192	-1463.964	213.7722	1.139239	3.376125	2.522566
24012	-1248.385	-1462.213	213.8271	1.051728	3.461232	2.522566
24018	-1252.91	-1467.025	214.1154	1.140903	3.866478	2.189783
24024	-1247.762	-1461.356	213.594	0.9236966	3.705356	2.690426
24030	-1254.523	-1467.954	213.4312	0.9168961	3.266397	2.894462
24036	-1238.909	-1453.319	214.4106	0.9585825	3.389437	2.229294
24042	-1238.563	-1453.467	214.9047	1.06346	3.140222	1.89916
24048	-1240.143	-1454.626	214.483	1.013417	4.157654	1.967233
24054	-1230.261	-1445.163	214.9019	1.30783	2.78488	1.838472
24060	-1241.836	-1455.5	213.6636	0.9579872	3.655768	2.637479
24066	-1245.54	-1459.373	213.833	1.005534	3.299316	2.586511
24072	-1251.793	-1464.796	213.0027	0.8802671	3.299316	3.165232
24078	-1266.449	-1480.241	213.7926	1.036773	4.562325	2.319628
24084	-1263.543	-1478.306	214.7635	1.167745	3.816776	1.748413
24090	-1265.39	-1479.513	214.1226	0.8356607	4.198585	2.309982
24096	-1258.698	-1472.87	214.1723	0.9721352	4.211966	2.187508
24102	-1258.961	-1472.288	213.3271	1.070153	2.90092	2.956515
24108	-1249.6	-1462.655	213.0552	0.7276111	3.33468	3.216411
24114	-1236.576	-1450.106	213.5301	0.9264207	3.074004	2.876152
24120	-1237.482	-1451.125	213.6431	0.9264207	3.18883	2.778932
24126	-1242.155	-1455.908	213.7538	0.8833497	3.053238	2.771707
24132	-1232.138	-1446.217	214.0788	0.8753391	3.995371	2.355298
24138	-1246.074	-1459.503	213.4287	0.8536759	3.155143	2.961056
24144	-1254.24	-1467.469	213.2291	0.9755046	3.700484	2.882257
24150	-1251.727	-1465.204	213.4768	0.9339192	2.853288	2.961002
24156	-1249.743	-1463.344	213.6007	0.7938164	3.967422	2.709991
24162	-1251.027	-1465.191	214.1637	0.9249248	3.477782	2.386908
24168	-1250.839	-1465.17	214.3305	1.160307	4.457982	1.906854
24174	-1246.024	-1460.526	214.5023	1.232979	4.138171	1.809061
24180	-1244.437	-1458.249	213.8117	1.114562	3.562498	2.469247
24186	-1235.804	-1450.246	214.4413	1.198652	3.476274	2.030718
24192	-1243.637	-1457.5	213.8628	0.9380769	3.560579	2.547988
24198	-1245.793	-1459.942	214.1494	0.99307	3.584806	2.327428
24204	-1244.931	-1458.476	213.5453	0.8888276	3.511143	2.785009
24210	-1238.364	-1452.511	214.1476	0.9139325	2.748213	2.592737
24216	-1241.602	-1455.647	214.0456	1.01599	2.748213	2.592737
24222	-1248.154	-1461.386	213.2324	0.7718975	4.781894	2.792343
24228	-1256.873	-1471.152	214.2792	0.917965	3.205779	2.385284
24234	-1252.884	-1467.993	215.1091	1.188427	2.964124	1.722591
24240	-1251.517	-1466.481	214.9635	1.111375	3.480578	1.733259
24246	-1257.064	-1471.562	214.4976	1.021739	3.290176	2.157119
24252	-1265.348	-1478.587	213.2387	0.8185187	4.224877	2.863673
24258	-1254.208	-1467.802	213.5934	0.7970701	4.441327	2.61811
24264	-1242.716	-1456.314	213.5983	0.8012182	3.754446	2.752111
24270	-1235.345	-1449.1	213.7556	0.9029	3.079087	2.752111
24276	-1247.098	-1460.753	213.655	1.061584	2.941965	2.752111
24282	-1246.498	-1460.173	213.6755	0.7970592	3.36624	2.795231
24288	-1254.589	-1467.731	213.1423	0.8434223	2.848678	3.215772
24294	-1245.168	-1460.427	215.2586	1.569678	3.332036	1.202104
24300	-1256.174	-1471.316	215.1419	1.192778	3.352527	1.582324
24306	-1259.063	-1473.663	214.6	1.168972	3.046476	2.05848
24312	-1250.15	-1464.636	214.4858	1.12073	3.028504	2.169799
24318	-1254.331	-1468.655	214.324	1.089967	4.198343	2.013479
24324	-1248.037	-1463.112	215.0744	1.670183	4.834477	0.7713007
24330	-1250.78	-1464.548	213.7673	1.038611	3.521844	2.55379
24336	-1256.066	-1470.88	214.8145	1.101733	4.373427	1.62833
24342	-1259.48	-1474.166	214.6856	1.082857	4.695629	1.664146
24348	-1246.705	-1461.544	214.8384	1.162893	3.154275	1.872699
24354	-1247.274	-1462.179	214.9052	1.162893	3.681145	1.685865
24360	-1258.197	-1473.45	215.2522	1.479075	3.423073	1.254205
24366	-1257.722	-1472.754	215.0318	1.524604	4.66677	1.038849
24372	-1259.94	-1475.339	215.3997	1.46694	3.261164	1.193104
24378	-1257.533	-1472.746	215.2136	1.432026	3.857226	1.193104
24384	-1254.886	-1469.578	214.6919	1.366221	4.42357	1.512734
24390	-1247.718	-1462.728	215.0098	1.185339	4.42357	1.408556
24396	-1245.429	-1460.402	214.9739	1.357998	4.400609	1.305941
24402	-1254.761	-1469.148	214.3868	1.192466	3.523639	2.059125
24408	-1253.204	-1467.762	214.5577	1.157761	3.11468	2.075069
24414	-1247.743	-1462.504	214.7612	1.223261	3.854719	1.701624
24420	-1258.897	-1473.75	214.8525	1.120571	3.931176	1.691074
24426	-1240.744	-1454.853	214.1094	1.146671	4.15849	2.126126
24432	-1241.284	-1455.241	213.9573	0.9625847	3.800211	2.419435
24438	-1243.544	-1457.368	213.8238	0.9300992	3.674245	2.55137
24444	-1266.679	-1481.674	214.9949	1.284889	4.021568	1.443161
24450	-1271.218	-1485.726	214.5084	1.269635	3.527442	1.925468
24456	-1273.954	-1488.927	214.9736	1.267674	3.456088	1.621322
24462	-1258.737	-1473.52	214.7828	1.25899	4.015801	1.621322
24468	-1260.772	-1475.778	215.0062	1.25899	4.300542	1.384096
24474	-1257.86	-1472.919	215.0583	1.366128	4.105176	1.307603
24480	-1248.736	-1463.123	214.3864	1.192442	3.905117	1.968601
24486	-1252.81	-1466.704	213.8937	1.001028	3.948116	2.403052
24492	-1259.886	-1474.121	214.2352	1.14754	4.19884	2.034087
24498	-1267.061	-1481.016	213.9557	1.017926	4.744501	2.192146
24504	-1257.277	-1470.982	213.7049	0.8850951	2.958346	2.82492
24510	-1255.131	-1469.523	214.3911	1.000944	3.512515	2.184347
24516	-1255.787	-1470.071	214.2843	1.039475	3.244375	2.294969
24522	-1255.137	-1468.811	213.6739	0.8482227	3.843835	2.657628
24528	-1253.432	-1467.55	214.1173	0.8480767	4.141339	2.31732
24534	-1239.944	-1454.528	214.5837	0.9629215	3.191047	2.165101
24540	-1238.902	-1453.14	214.2372	0.8984376	3.603568	2.327391
24546	-1242.738	-1455.803	213.0652	0.8595395	3.826205	3.023943
24552	-1249.473	-1462.274	212.8014	0.9607454	4.315894	3.023943
24558	-1249.328	-1462.915	213.5865	1.088548	3.435535	2.654887
24564	-1251.8	-1465.687	213.887	0.8594423	3.435535	2.610833
24570	-1244.756	-1458.553	213.7971	1.023343	3.818217	2.47791
24576	-1257.188	-1470.837	213.649	0.9197193	3.818217	2.634404
24582	-1256.001	-1468.883	212.8818	0.8675221	2.978285	3.322027
24588	-1250.121	-1464.341	214.2199	1.008819	3.431891	2.30895
24594	-1241.596	-1456.024	214.428	1.180267	2.755104	2.246077
24600	-1262.903	-1477.507	214.6037	1.15533	3.498543	1.94557
24606	-1268.58	-1482.141	213.5615	0.877827	5.093076	2.469255
24612	-1253.782	-1467.339	213.5572	0.8265713	4.134445	2.682378
24618	-1250.254	-1463.505	213.2509	0.7544617	3.390767	3.071178
24624	-1257.251	-1471.05	213.7986	0.8028765	4.500449	2.475482
24630	-1249.881	-1464.109	214.2274	0.9559636	3.917061	2.225675
24636	-1250.473	-1464.528	214.0555	0.9062483	3.91645	2.367491
24642	-1252.456	-1465.896	213.4402	0.9010639	3.336188	2.881985
24648	-1255.325	-1469.378	214.0532	0.7951074	2.894799	2.683936
24654	-1250.165	-1463.423	213.2586	0.8641884	4.098289	2.84896
24660	-1244.401	-1457.86	213.4587	0.7009809	3.866103	2.874119
24666	-1248.088	-1462.584	214.4956	0.9314736	3.382563	2.193651
24672	-1252.485	-1465.579	213.0938	0.8511871	3.152299	3.163373
24678	-1257.042	-1470.284	213.2414	0.7783904	4.771942	2.784646
24684	-1248.477	-1461.788	213.3113	0.9068374	4.129762	2.78471
24690	-1256.38	-1470.774	214.394	0.8486626	3.415209	2.304118
24696	-1260.605	-1474.876	214.2709	0.9796177	3.394728	2.304118
24702	-1262.842	-1477.651	214.8085	1.062991	3.372884	1.901932
24708	-1254.941	-1469.655	214.714	0.9693275	3.889016	1.901932
24714	-1251.686	-1466.422	214.7358	1.150475	3.46455	1.868007
24720	-1244.132	-1458.343	214.2108	1.170941	3.46455	2.202669
24726	-1255.479	-1469.939	214.4596	0.9732297	4.411103	1.955796
24732	-1247.481	-1462.023	214.5415	0.9967833	3.108287	2.192441
24738	-1252.048	-1466.359	214.3119	0.8022475	4.282585	2.192441
24744	-1247.435	-1460.962	213.5268	0.8001165	4.054652	2.73344
24750	-1269.378	-1482.968	213.5896	0.832829	4.160946	2.653286
24756	-1267.411	-1480.741	213.3299	0.7490692	4.160946	2.863041
24762	-1269.66	-1483.455	213.7948	0.7822834	3.070377	2.803955
24768	-1274.231	-1487.755	213.5244	0.8786151	3.511258	2.803955
24774	-1272.484	-1486.685	214.2005	0.8504346	3.451546	2.416998
24780	-1260.37	-1474.837	214.4672	0.7842041	3.511258	2.275308
24786	-1254.923	-1468.253	213.3292	0.8697402	3.363852	2.961379
24792	-1257.482	-1470.806	213.324	0.9946873	3.796024	2.792437
24798	-1251.5	-1465.043	213.5424	0.9608077	3.299437	2.792437
24804	-1255.059	-1469.502	214.4433	1.004528	3.368714	2.183631
24810	-1259.191	-1472.94	213.7488	0.8388204	3.141412	2.779634
24816	-1259.022	-1472.192	213.1698	0.6975691	3.887867	3.045471
24822	-1267.634	-1480.75	213.1163	0.866142	3.387605	3.085556
24828	-1263.677	-1476.68	213.0036	0.8578505	3.967296	3.032783
24834	-1248.206	-1461.471	213.2654	0.7971381	4.136779	2.877783
24840	-1262.182	-1475.749	213.5673	0.8470166	3.278006	2.851579
24846	-1257.909	-1471.417	213.5083	0.7736708	3.73689	2.827464
24852	-1267.586	-1481.251	213.6644	0.8403861	3.14898	2.828141
24858	-1277.499	-1490.493	212.9939	0.8190944	3.25791	3.216458
24864	-1260.067	-1473.91	213.843	1.073121	4.142935	2.348328
24870	-1248.164	-1463.036	214.8716	1.417536	4.38862	1.343308
24876	-1248.49	-1463.809	215.3191	1.379267	3.564137	1.237473
24882	-1251.187	-1466.581	215.3937	1.736139	3.717262	0.7300372
24888	-1250.035	-1465.287	215.2528	1.47008	4.196655	1.018567
24894	-1258.634	-1473.535	214.9015	1.287857	4.699386	1.347637
24900	-1267.612	-1482.491	214.8791	1.204962	2.987588	1.863683
24906	-1253.58	-1467.738	214.1582	1.108554	3.483204	2.272174
24912	-1251.979	-1465.679	213.6999	0.794472	4.081169	2.625091
24918	-1256.769	-1470.388	213.6197	0.9683639	4.17305	2.548336
24924	-1272.907	-1487.993	215.0867	1.481102	3.393029	1.394863
24930	-1252.981	-1468.462	215.481	1.382073	3.369438	1.159272
24936	-1245.989	-1461.249	215.2597	1.382073	3.982087	1.159272
24942	-1252.826	-1467.998	215.1723	1.250868	3.718263	1.413589
24948	-1245.908	-1460.693	214.7843	1.250868	3.657939	1.715123
24954	-1242.704	-1457.019	214.3151	1.237939	3.996101	1.965169
24960	-1247.843	-1462.76	214.9168	1.411302	3.684035	1.495378
24966	-1249.215	-1463.483	214.268	1.184386	4.415663	1.941669
24972	-1256.25	-1470.806	214.5561	1.249897	3.722184	1.858219
24978	-1255.548	-1470.6	215.052	1.375275	3.484097	1.476077
24984	-1253.172	-1467.347	214.175	1.134881	3.865485	2.155194
24990	-1261.473	-1476.084	214.6109	1.001891	3.209153	2.117159
24996	-1254.611	-1468.987	214.3766	0.9619803	3.251283	2.28372
25002	-1260.083	-1474.465	214.3826	0.8522572	3.196172	2.36388
25008	-1250.037	-1464.005	213.9676	0.830416	3.196172	2.636957
25014	-1258.216	-1470.063	211.8472	0.813269	2.84636	3.9863
25020	-1273.908	-1488.728	214.8201	1.493574	2.955675	1.713771
25026	-1263.87	-1479.238	215.3687	1.174061	2.808924	1.595774
25032	-1272.815	-1487.681	214.866	1.27194	3.349221	1.724289
25038	-1265.214	-1479.475	214.2608	1.22244	3.593002	2.105436
25044	-1269.207	-1483.314	214.107	0.9904195	3.310606	2.421991
25050	-1257.663	-1472.311	214.6477	1.38149	3.369089	1.794882
25056	-1265.373	-1480.594	215.2205	1.297124	2.972841	1.561619
25062	-1262.6	-1476.11	213.5104	0.931588	3.364671	2.814193
25068	-1247.542	-1461.791	214.2486	1.183042	3.827725	2.084109
25074	-1246.087	-1460.408	214.3202	1.169537	3.827725	2.04583
25080	-1250.216	-1463.477	213.2608	1.051251	4.295283	2.694559
25086	-1251.861	-1465.732	213.8712	0.9973958	3.999774	2.408514
25092	-1253.952	-1467.609	213.6579	1.004909	4.873666	2.367297
25098	-1259.573	-1473.741	214.1683	1.267887	4.84193	1.866207
25104	-1256.778	-1471.684	214.906	1.257211	3.938102	1.551899
25110	-1249.809	-1464.332	214.5225	1.144056	5.420735	1.592076
25116	-1260.467	-1475.353	214.8861	1.141689	4.617197	1.491254
25122	-1240.84	-1455.353	214.5129	1.059725	5.544602	1.636791
25128	-1242.327	-1456.465	214.1376	1.051038	4.745023	2.051346
25134	-1240.092	-1454.178	214.0856	1.085867	4.804089	2.051346
25140	-1263.683	-1477.448	213.7653	0.9579041	3.777122	2.547606
25146	-1261.976	-1475.904	213.9283	0.8206335	4.176598	2.447028
25152	-1251.479	-1466.035	214.5558	0.9716501	4.176598	1.942261
25158	-1244.241	-1458.585	214.3436	1.022079	4.176598	2.050166
25164	-1248.366	-1462.634	214.2676	0.9709753	4.037374	2.163561
25170	-1260.407	-1475.156	214.7494	1.101419	3.431663	1.900634
25176	-1252.464	-1467.175	214.7116	1.087747	3.744366	1.857348
25182	-1245.346	-1460.044	214.6979	1.147936	3.844839	1.801089
25188	-1255.603	-1470.492	214.8888	1.264862	3.891389	1.570665
25194	-1243.897	-1457.279	213.3827	0.7560521	4.890896	2.690918
25200	-1242.463	-1455.753	213.2896	0.6541543	4.349802	2.908248
25206	-1243.267	-1456.346	213.0781	0.6735372	3.367878	3.227232
25212	-1242.053	-1455.748	213.6947	0.8542786	3.367878	2.748233
25218	-1242.262	-1456.688	214.4257	1.134784	4.081319	1.941076
25224	-1230.823	-1445.089	214.2663	0.9687749	4.197026	2.131644
25230	-1248.301	-1462.746	214.4454	1.222617	3.392999	2.033153
25236	-1254.324	-1468.217	213.8921	0.9563229	4.031954	2.414385
25242	-1245.422	-1459.006	213.5839	0.8089356	3.72115	2.763386
25248	-1253.589	-1466.815	213.2267	0.8089356	3.591384	3.0079
25254	-1262.587	-1476.135	213.5475	0.8687277	3.751669	2.742455
25260	-1252.097	-1465.285	213.1878	0.8465266	3.507451	3.027342
25266	-1260.475	-1474.737	214.2623	0.876672	3.239549	2.413511
25272	-1247.532	-1461.677	214.1451	0.8989645	3.484327	2.413511
25278	-1245.216	-1458.729	213.5134	0.7915297	3.562694	2.851876
25284	-1247.085	-1460.955	213.8699	0.8212947	3.562694	2.615509
25290	-1259.828	-1474.293	214.4653	1.075749	3.159612	2.177001
25296	-1265.898	-1479.791	213.8937	1.061682	3.857713	2.384317
25302	-1236.171	-1450.396	214.2252	0.9130469	3.684999	2.306872
25308	-1241.184	-1453.965	212.7815	0.6706953	4.439515	3.185625
25314	-1262.327	-1476.529	214.2018	1.084097	3.762858	2.194111
25320	-1261.023	-1474.516	213.4928	0.7885773	3.264278	2.935214
25326	-1243.635	-1457.087	213.4516	0.9813196	3.220751	2.854138
25332	-1249.286	-1462.463	213.1778	1.063346	3.450444	2.915897
25338	-1256.31	-1469.664	213.3537	1.006425	4.268925	2.670179
25344	-1265.007	-1479.203	214.1963	0.7761194	3.336361	2.49411
25350	-1250.246	-1463.178	212.9322	0.6875273	3.710573	3.229807
25356	-1248.349	-1461.421	213.0726	0.8287548	2.994962	3.228117
25362	-1249.679	-1462.691	213.0117	0.8365267	2.882763	3.288128
25368	-1250.263	-1463.322	213.0592	0.9250151	2.882763	3.207738
25374	-1258.477	-1471.751	213.2734	0.7540917	3.815857	2.964479
25380	-1256.638	-1470.501	213.8638	0.8454406	3.518917	2.614392
25386	-1254.296	-1468.061	213.765	0.9442512	3.518917	2.614392
25392	-1255.618	-1469.516	213.8974	0.960677	3.138434	2.614392
25398	-1250.124	-1464.016	213.8914	0.960677	3.542396	2.520273
25404	-1250.771	-1465.082	214.3106	1.084655	4.108582	2.045357
25410	-1255.042	-1468.903	213.8605	0.8786487	2.715107	2.799973
25416	-1256.971	-1468.768	211.7972	0.6875564	2.760282	4.108592
25422	-1243.79	-1456.224	212.4341	0.6875564	2.843706	3.722026
25428	-1254.208	-1466.37	212.1628	0.4976946	2.582693	4.055637
25434	-1263.293	-1474.755	211.4611	0.5885967	2.547421	4.4116
25440	-1258.443	-1469.246	210.8036	0.719976	2.511303	4.716924
25446	-1247.305	-1459.652	212.3469	0.6854316	3.132668	3.702388
25452	-1258.562	-1472.065	213.5025	0.8953417	3.46797	2.816967
25458	-1266.667	-1480.337	213.6699	0.9509739	2.917203	2.816967
25464	-1247.36	-1462.078	214.7174	1.058673	3.306188	1.983667
25470	-1242.187	-1456.453	214.2657	1.100775	3.329526	2.24602
25476	-1243.605	-1458.366	214.7606	1.253106	3.329526	1.816185
25482	-1245.22	-1459.934	214.7139	1.253106	4.19386	1.632971
25488	-1240.412	-1455.035	214.6229	1.257667	3.986325	1.743093
25494	-1251.683	-1466.032	214.3491	0.9293407	3.986325	2.148815
25500	-1250.701	-1465.078	214.3768	1.037871	3.986325	2.059474
25506	-1246.8	-1460.28	213.4798	0.8351334	4.150762	2.721349
25512	-1258.03	-1472.07	214.0399	0.9824218	3.483085	2.427503
25518	-1263.055	-1477.076	214.0205	0.9201795	3.563935	2.459881
25524	-1263.387	-1476.851	213.4644	0.8703496	3.440942	2.861476
25530	-1259.854	-1472.506	212.6524	0.7186662	3.063032	3.52254
25536	-1265.992	-1478.377	212.3856	0.8009121	4.070351	3.411861
25542	-1267.101	-1481.126	214.0248	0.7328247	3.790658	2.523216
25548	-1246.986	-1461.766	214.7796	0.9267061	3.557136	1.966306
25554	-1246.307	-1460.441	214.1345	1.001868	3.357719	2.385797
25560	-1250.594	-1464.104	213.5105	0.9380634	3.15811	2.860007
25566	-1254.746	-1468.983	214.237	0.8428142	3.334496	2.427139
25572	-1256.435	-1470.932	214.4967	1.21875	3.735521	1.916558
25578	-1258.314	-1472.823	214.5097	1.291326	3.735521	1.858332
25584	-1261.694	-1476.508	214.8139	1.278306	3.701467	1.663483
25590	-1258.711	-1473.506	214.7947	1.206616	3.64953	1.741052
25596	-1253.134	-1467.99	214.8558	1.206616	2.798265	1.934603
25602	-1276.121	-1490.136	214.0149	0.9507346	4.018796	2.342996
25608	-1261.268	-1475.186	213.9185	0.9507346	4.469883	2.312216
25614	-1270.396	-1483.454	213.0586	0.6490643	3.554017	3.211513
25620	-1272.255	-1486.15	213.8949	1.081116	4.830271	2.174438
25626	-1259.779	-1473.727	213.9484	1.064246	4.280304	2.258385
25632	-1267.331	-1481.102	213.7716	0.9989373	2.408586	2.870699
25638	-1255.586	-1469.734	214.1473	1.041129	4.087079	2.18541
25644	-1252.418	-1466.636	214.218	0.9378042	3.22284	2.407081
25650	-1280.938	-1495.585	214.647	1.200307	3.615028	1.856447
25656	-1276.103	-1491.012	214.9091	1.018269	3.527081	1.823771
25662	-1266.101	-1480.3	214.1991	1.070533	3.218939	2.335967
25668	-1260.983	-1475.542	214.5591	1.179964	3.19626	2.037492
25674	-1268.444	-1483.173	214.7285	1.244097	3.40388	1.824657
25680	-1254.565	-1468.943	214.3776	1.047662	3.847697	2.083768
25686	-1246.527	-1460.68	214.1533	0.9737095	3.889233	2.268096
25692	-1271.315	-1484.204	212.8889	0.6615005	3.159952	3.394372
25698	-1265.245	-1478.464	213.2186	0.7474304	3.240334	3.129757
25704	-1265.979	-1479.661	213.6816	0.9426358	2.551834	2.916272
25710	-1261.876	-1475.817	213.9417	0.8694006	3.125155	2.646731
25716	-1256.353	-1470.023	213.6699	0.7589621	4.173849	2.646731
25722	-1267.181	-1481.047	213.8667	0.9498595	3.935126	2.455018
25728	-1258.671	-1472.303	213.6318	0.905695	4.256027	2.56312
25734	-1270.648	-1484.44	213.792	1.077391	3.498871	2.519602
25740	-1257.879	-1471.576	213.6966	0.9722019	2.568069	2.884617
25746	-1260.918	-1474.483	213.5654	0.911299	2.568069	3.000356
25752	-1257.603	-1471.085	213.4814	0.8385799	2.956982	2.988358
25758	-1252.404	-1465.35	212.9457	0.8824647	4.166517	3.013072
25764	-1258.05	-1471.341	213.2907	0.7167137	3.684812	3.004431
25770	-1259.229	-1473.02	213.7907	1.013845	3.555175	2.54695
25776	-1255.817	-1470.529	214.712	1.238409	3.144702	1.909917
25782	-1252.941	-1467.891	214.9502	1.194038	3.203374	1.760362
25788	-1252.102	-1466.92	214.8187	1.16169	4.240557	1.612386
25794	-1257.951	-1473.225	215.2732	1.448094	3.368686	1.279756
25800	-1266.326	-1481.384	215.0583	1.501056	4.544964	1.070734
25806	-1262.159	-1477.629	215.4706	1.796123	3.352504	0.7283915
25812	-1252.684	-1468.027	215.343	1.998218	3.310965	0.6129167
25818	-1253.651	-1468.812	215.1607	1.655042	4.044756	0.9755092
25824	-1252.499	-1465.831	213.3321	0.9223044	3.859973	2.817975
25830	-1280.4	-1495.925	215.5246	1.814665	2.80057	0.9286722
25836	-1270.28	-1485.939	215.6587	1.814665	2.782786	0.7756002
25842	-1252.026	-1465.596	213.5695	0.7612413	4.114921	2.718861
25848	-1259.59	-1472.241	212.6503	0.7551775	4.679378	3.170246
25854	-1266.694	-1479.892	213.1974	0.6664142	3.326593	3.170246
25860	-1254.705	-1467.965	213.2599	0.8067942	3.486032	3.012778
25866	-1266.743	-1480.276	213.5332	0.9489083	3.608126	2.733784
25872	-1285.333	-1500.687	215.3537	1.509605	3.188426	1.220809
25878	-1287.997	-1503.294	215.2972	1.597768	3.971115	0.9177148
25884	-1279.342	-1494.602	215.2603	1.597768	4.275532	0.8447042
25890	-1260.063	-1475.177	215.1134	1.634206	4.454372	0.9080473
25896	-1255.207	-1470.293	215.0864	1.303721	4.451883	1.244944
25902	-1254.853	-1470.089	215.2356	1.35578	4.451883	1.067384
25908	-1255.47	-1470.097	214.6271	1.35578	4.354608	1.584261
25914	-1251.145	-1466.332	215.1869	1.488067	4.390016	1.005202
25920	-1248.269	-1463.56	215.2908	1.320504	3.774364	1.246734
25926	-1258.428	-1473.386	214.9585	1.171763	3.8319	1.602827
25932	-1240.023	-1455.213	215.1898	1.465017	3.8319	1.19275
25938	-1236.766	-1451.98	215.2145	1.459272	3.51273	1.273794
25944	-1244.098	-1459.33	215.2325	1.459272	4.00309	1.108228
25950	-1247.291	-1462.56	215.2691	1.626232	4.264725	0.8015965
25956	-1241.102	-1456.49	215.3885	1.35439	3.130623	1.339027
25962	-1242.736	-1458.142	215.4059	1.360351	3.074032	1.339027
25968	-1240.413	-1455.319	214.9063	1.103525	3.363123	1.809818
25974	-1233.7	-1446.284	212.5848	0.9519001	3.495961	3.325247
25980	-1233.527	-1446.441	212.9141	0.8439114	3.495961	3.194512
25986	-1253.768	-1466.595	212.8272	0.6980175	4.162195	3.194512
25992	-1255.074	-1467.431	212.3572	0.8279038	3.156525	3.60827
25998	-1252.397	-1466.268	213.871	0.8242067	3.860735	2.546867
26004	-1256.231	-1470.059	213.8283	1.123345	3.540449	2.458457
26010	-1257.767	-1471.71	213.9431	0.9002687	3.540449	2.526171
26016	-1266.795	-1480.66	213.8654	0.9837924	3.524823	2.526171
26022	-1244.731	-1458.624	213.8927	0.8802276	4.031322	2.462035
26028	-1256.867	-1470.574	213.7071	0.9265869	4.031322	2.54901
26034	-1246.949	-1461.004	214.0545	0.9024483	5.276709	2.105813
26040	-1257.437	-1470.918	213.4814	0.7931715	6.391792	2.367609
26046	-1255.382	-1469.421	214.0392	0.7396417	5.164312	2.241259
26052	-1253.886	-1467.07	213.1835	0.8607576	4.450986	2.828302
26058	-1249.583	-1463.008	213.4254	1.027471	3.530024	2.769278
26064	-1253.632	-1468.585	214.9523	1.305508	3.553138	1.582821
26070	-1252.482	-1466.793	214.3114	1.162812	3.630828	2.102247
26076	-1246.191	-1460.262	214.0709	1.063726	3.196433	2.427149
26082	-1248.687	-1462.673	213.9856	1.072028	4.238508	2.238042
26088	-1253.197	-1467.879	214.6818	1.166714	3.434799	1.9014
26094	-1248.016	-1462.505	214.4895	1.095277	3.347221	2.099727
26100	-1249.902	-1464.637	214.7352	1.107505	2.92263	2.044654
26106	-1255.598	-1470.027	214.4298	1.123952	3.652544	2.044654
26112	-1251.907	-1466.367	214.4597	1.109061	4.455693	1.854264
26118	-1259.159	-1473.881	214.7218	1.340923	5.080286	1.361737
26124	-1249.617	-1463.785	214.1678	1.20926	3.815206	2.122779
26130	-1252.329	-1467.204	214.8756	1.17239	2.594983	2.007313
26136	-1250.538	-1465.062	214.5239	1.214157	3.446019	1.973005
26142	-1258.815	-1473.268	214.4527	1.285817	4.749915	1.674126
26148	-1252.148	-1467.021	214.8739	1.338385	3.770692	1.558523
26154	-1255.122	-1469.588	214.4661	1.249449	3.793791	1.902555
26160	-1251.685	-1466.183	214.4986	1.075236	3.993329	1.951828
26166	-1236.131	-1450.096	213.9649	1.018173	3.834445	2.371898
26172	-1243.691	-1458.165	214.4742	0.9557288	3.579738	2.14347
26178	-1243.128	-1457.552	214.4237	1.138539	4.152715	1.924061
26184	-1239.206	-1453.228	214.0218	1.050106	4.152715	2.246699
26190	-1250.098	-1464.844	214.7452	1.014789	4.152715	1.788672
26196	-1243.355	-1457.766	214.4114	1.08768	4.152715	1.966555
26202	-1248.525	-1463.444	214.9189	1.073551	3.716022	1.730488
26208	-1253.992	-1468.414	214.4216	0.9994904	3.716022	2.116957
26214	-1253.419	-1467.456	214.0364	0.8537638	5.823162	2.057189
26220	-1240.57	-1454.612	214.0419	1.037805	4.288973	2.213375
26226	-1255.423	-1470.274	214.8509	0.9763903	3.760259	1.834295
26232	-1252.875	-1467.542	214.6671	1.140095	3.817367	1.834295
26238	-1242.003	-1456.26	214.2573	1.100811	3.538351	2.200097
26244	-1267.952	-1482.125	214.1726	0.8023321	4.291693	2.280235
26250	-1258.562	-1473.288	214.7259	1.279401	3.517503	1.77223
26256	-1249.464	-1464.007	214.5432	1.055495	3.801699	1.979381
26262	-1245.319	-1459.431	214.1122	0.941753	3.696795	2.357822
26268	-1240.542	-1454.518	213.9756	0.8898885	3.618387	2.494407
26274	-1248.206	-1462.73	214.5244	1.021971	3.73582	2.029711
26280	-1246.223	-1461.11	214.8873	1.227494	3.308707	1.751611
26286	-1245.607	-1460.525	214.9177	1.227494	2.724634	1.90121
26292	-1260.804	-1474.726	213.9222	0.745851	3.231666	2.708157
26298	-1253.179	-1466.857	213.6778	0.8504254	3.259483	2.786796
26304	-1254.702	-1469.578	214.8759	1.12522	3.366855	1.814836
26310	-1252.562	-1467.499	214.9371	1.125851	3.024775	1.867301
26316	-1253.726	-1467.719	213.9936	1.219674	2.948673	2.44268
26322	-1255.497	-1470.536	215.0391	1.089648	3.57741	1.669527
26328	-1263.116	-1477.88	214.7637	1.05714	3.414496	1.925427
26334	-1262.677	-1477.974	215.2978	1.391692	2.598938	1.559349
26340	-1257.562	-1472.534	214.9725	1.195674	3.173121	1.752193
26346	-1266.446	-1481.272	214.8253	1.189223	3.754464	1.705245
26352	-1252.466	-1467.104	214.6379	1.204025	4.61805	1.627932
26358	-1258.057	-1471.956	213.8998	1.066847	3.652081	2.42324
26364	-1254.014	-1468.808	214.7935	1.257149	3.820079	1.66316
26370	-1241.297	-1456.369	215.0719	1.119092	2.98215	1.791685
26376	-1259.56	-1474.81	215.2504	1.208942	3.353213	1.489676
26382	-1268.026	-1483.224	215.1986	1.267324	3.47839	1.4484
26388	-1268.771	-1483.354	214.5837	1.011172	4.365346	1.855601
26394	-1271.664	-1486.686	215.0215	1.128521	2.86277	1.855601
26400	-1259.412	-1474.148	214.7353	1.22239	3.352433	1.848585
26406	-1256.456	-1471.016	214.5599	1.232539	3.46297	1.932144
26412	-1248.889	-1463.319	214.4301	0.9561676	3.331671	2.232735
26418	-1240.135	-1454.587	214.4517	1.115457	4.026377	1.948908
26424	-1245.375	-1460.442	215.0673	1.158332	4.178183	1.445058
26430	-1257.74	-1473.232	215.4919	1.3712	2.572387	1.438613
26436	-1264.883	-1480.196	215.3127	1.343265	2.847609	1.499356
26442	-1255.34	-1470.816	215.4762	1.501336	3.324727	1.071294
26448	-1239.011	-1454.394	215.3836	1.529331	3.232652	1.162778
26454	-1247.336	-1462.801	215.465	1.529331	3.280337	1.071929
26460	-1241.978	-1457.492	215.5137	1.400901	3.452969	1.083882
26466	-1237.599	-1453.218	215.6191	1.497248	3.193983	0.9867202
26472	-1248.837	-1464.171	215.3339	1.525876	2.873505	1.332934
26478	-1252.365	-1468.038	215.673	1.470803	3.188188	0.9609067
26484	-1251.443	-1466.002	214.559	1.101677	3.195282	2.089438
26490	-1247.66	-1462.124	214.4636	1.10297	3.195282	2.151039
26496	-1240.808	-1455.248	214.4401	1.106252	3.600265	2.062163
26502	-1239.369	-1453.948	214.5783	1.082589	3.738637	1.952588
26508	-1245.159	-1459.705	214.546	1.114882	3.738637	1.952588
26514	-1255.796	-1469.989	214.1935	0.8068022	4.513172	2.219576
26520	-1256.39	-1470.838	214.4475	1.103653	4.372623	1.883894
26526	-1255.106	-1469.704	214.5976	1.055337	3.809938	1.941043
26532	-1245.631	-1459.4	213.7698	0.9458349	3.683908	2.573004
26538	-1245.306	-1458.589	213.2836	0.8013953	4.571218	2.781242
26544	-1241.624	-1455.581	213.957	0.8600651	4.599032	2.320414
26550	-1245.576	-1458.951	213.375	0.807289	3.931983	2.846706
26556	-1242.6	-1456.068	213.4676	0.746659	3.983478	2.816693
26562	-1240.247	-1453.528	213.2816	0.9554325	3.916495	2.816693
26568	-1241.179	-1454.49	213.3111	0.8335481	3.630798	2.933681
26574	-1247.813	-1461.951	214.1386	0.9420423	3.240865	2.44986
26580	-1252.142	-1466.875	214.7338	1.055679	3.342598	1.965192
26586	-1237.557	-1451.253	213.6951	0.7906447	3.395531	2.780293
26592	-1249.689	-1462.366	212.6769	0.6324118	4.157349	3.322965
26598	-1256.795	-1470.221	213.4266	0.8107483	3.970133	2.805405
26604	-1248.828	-1463.237	214.4098	1.070123	3.80204	2.058224
26610	-1244.613	-1459.428	214.8151	1.202721	3.454704	1.779972
26616	-1254.823	-1468.917	214.0933	1.003627	3.667952	2.337123
26622	-1251.394	-1466.076	214.6821	0.9881433	4.014985	1.881688
26628	-1253.601	-1468.051	214.4501	1.027904	3.311202	2.178629
26634	-1255.277	-1469.386	214.1087	1.058411	3.772733	2.268439
26640	-1274.198	-1489.287	215.0893	1.389574	3.924368	1.312692
26646	-1270.076	-1485.287	215.2111	1.298394	3.764653	1.332728
26652	-1272.171	-1485.176	213.0046	0.7269751	3.426498	3.225777
26658	-1265.079	-1477.943	212.8645	0.7049008	3.105349	3.396382
26664	-1257.981	-1472.666	214.6846	1.016515	3.391882	2.011444
26670	-1257.512	-1472.234	214.7221	1.276015	4.286137	1.588871
26676	-1267.993	-1482.869	214.8767	1.348169	3.055349	1.746476
26682	-1248.189	-1462.233	214.0446	1.18437	3.204531	2.365478
26688	-1250.687	-1464.65	213.9626	0.9681195	3.424399	2.498952
26694	-1250.052	-1464.839	214.7872	1.031209	3.604308	1.87882
26700	-1270.191	-1484.84	214.6486	1.272053	3.64963	1.797242
26706	-1265.462	-1480.382	214.9198	1.433869	3.673736	1.478907
26712	-1245.895	-1460.267	214.3714	1.1645	2.719052	2.303024
26718	-1249.227	-1463.288	214.0607	1.100349	3.638621	2.303024
26724	-1251.021	-1465.132	214.111	1.097475	3.510261	2.303024
26730	-1240.859	-1453.154	212.2952	0.7581048	3.269241	3.658387
26736	-1252.836	-1465.965	213.1296	0.8901751	2.820982	3.202872
26742	-1248.355	-1461.392	213.0373	0.8462536	2.82242	3.283068
26748	-1251.983	-1465.652	213.6697	0.8320988	2.959299	2.878161
26754	-1246.738	-1459.713	212.9746	0.8062416	3.454564	3.190274
26760	-1232.254	-1446.239	213.9847	0.8870929	3.306295	2.564156
26766	-1240.868	-1454.082	213.2149	0.8877782	2.812673	3.155925
26772	-1240.59	-1453.643	213.0533	0.7435865	2.425098	3.444484
26778	-1244.829	-1459.089	214.2596	0.8743946	3.06009	2.462785
26784	-1237.015	-1451.298	214.2831	0.9762863	3.635845	2.240623
26790	-1232.91	-1446.932	214.0223	1.036894	4.221203	2.240623
26796	-1227.417	-1441.562	214.1448	0.8489903	4.356558	2.25501
26802	-1250.951	-1464.751	213.7996	0.9343857	3.958049	2.501879
26808	-1247.999	-1462.189	214.19	0.8274008	3.807758	2.356092
26814	-1252.245	-1465.916	213.6709	0.9213708	2.96345	2.822217
26820	-1248.716	-1462.57	213.8536	1.089619	4.642281	2.231286
26826	-1241.694	-1456.063	214.3682	1.061636	3.441225	2.177287
26832	-1245.956	-1459.609	213.6526	0.8360938	3.347078	2.789935
26838	-1248.717	-1462.503	213.7861	0.985323	3.648798	2.546211
26844	-1246.545	-1460.581	214.0361	0.9892038	3.21549	2.490971
26850	-1251.944	-1465.766	213.822	0.9463486	3.675098	2.542165
26856	-1243.641	-1457.211	213.57	0.7341347	3.735786	2.814273
26862	-1251.011	-1463.874	212.8625	0.8641201	3.318318	3.253387
26868	-1257.207	-1470.287	213.0806	0.6460562	3.318318	3.253387
26874	-1252.344	-1465.231	212.8874	0.7750493	3.485593	3.253387
26880	-1270.442	-1485.331	214.8891	1.103156	3.598531	1.760432
26886	-1254.807	-1469.272	214.4646	1.104903	4.911629	1.760432
26892	-1265.035	-1477.857	212.8223	0.7300808	3.322655	3.355048
26898	-1255.225	-1469.046	213.8208	0.7567184	3.890551	2.613453
26904	-1245.22	-1458.678	213.4582	0.8600684	4.498207	2.651872
26910	-1244.299	-1458.207	213.9082	1.000996	4.758403	2.231148
26916	-1245.344	-1458.333	212.9892	0.8815723	3.357869	3.158896
26922	-1261.355	-1476.531	215.1756	1.405692	3.939572	1.22386
26928	-1259.383	-1473.755	214.3715	1.191727	4.849472	1.777162
26934	-1255.118	-1468.846	213.7276	0.9479083	3.870289	2.557031
26940	-1242.916	-1456.77	213.8535	0.9756838	3.681833	2.502727
26946	-1251.079	-1465.322	214.2432	1.08955	4.094684	2.08955
26952	-1253.302	-1466.987	213.6856	0.7822427	3.215861	2.834169
26958	-1247.62	-1460.889	213.2697	0.9494653	3.746116	2.863603
26964	-1258.541	-1472.344	213.8037	0.9472733	3.596076	2.570843
26970	-1252.98	-1466.468	213.4884	0.9440677	3.538645	2.779758
26976	-1248.852	-1462.988	214.1361	1.002647	3.61336	2.323147
26982	-1246.923	-1460.653	213.7294	0.8023254	3.655871	2.692718
26988	-1254.802	-1467.397	212.5948	0.6329177	3.217817	3.569121
26994	-1250.675	-1463.976	213.3014	0.6873244	3.683932	3.015809
27000	-1251.517	-1465.019	213.5019	0.7605252	3.570551	2.875873
27006	-1263.271	-1476.624	213.3529	0.7640076	3.633684	2.949757
27012	-1254.609	-1468.703	214.0936	0.9213564	3.264583	2.485176
27018	-1258.74	-1472.802	214.0621	0.7673823	4.096388	2.412836
27024	-1259.539	-1473.236	213.6976	0.7916957	3.618466	2.727108
27030	-1269.514	-1483.553	214.0389	1.049524	2.787585	2.565028
27036	-1257.293	-1471.56	214.2671	0.876623	3.046823	2.460153
27042	-1261.254	-1475.238	213.9839	0.8855849	3.745171	2.463339
27048	-1256.247	-1470.726	214.4787	0.940518	3.745171	2.111341
27054	-1244.244	-1457.782	213.5374	0.8865151	3.109182	2.887077
27060	-1249.191	-1462.675	213.484	0.9250946	3.109182	2.896049
27066	-1256.149	-1470.011	213.8613	0.9131979	2.97233	2.708661
27072	-1249.818	-1463.347	213.5292	0.7764523	2.563873	3.103854
27078	-1257.248	-1471.553	214.3048	0.9230231	3.739221	2.237021
27084	-1240.317	-1454.87	214.5536	0.9230231	2.933535	2.279742
27090	-1251.55	-1465.914	214.3641	0.9828952	2.969293	2.352567
27096	-1255.951	-1470.117	214.1661	1.00963	3.691403	2.281452
27102	-1260.405	-1475.108	214.7032	1.056662	2.419101	2.252004
27108	-1261.157	-1474.708	213.5502	0.8641563	3.502767	2.798965
27114	-1255.555	-1470.935	215.3802	1.542922	3.592263	1.026414
27120	-1265.219	-1478.864	213.6448	0.8128657	3.491317	2.77522
27126	-1252.691	-1466.165	213.4733	0.9928717	2.965611	2.898022
27132	-1255.381	-1468.76	213.3796	0.8592228	3.788212	2.842673
27138	-1250.404	-1463.25	212.8458	0.6751738	3.998933	3.229019
27144	-1250.603	-1464.397	213.7942	0.8537938	3.586349	2.636765
27150	-1240.737	-1453.895	213.1585	0.7933225	2.77869	3.254351
27156	-1240.609	-1453.955	213.3451	0.7464359	2.77869	3.171602
27162	-1248.874	-1462.974	214.0997	0.9237974	3.604318	2.398372
27168	-1248.886	-1462.743	213.8575	0.9931011	3.951116	2.430238
27174	-1247.475	-1461.507	214.0315	0.9526799	4.12368	2.309018
27180	-1251.078	-1464.266	213.1886	0.9066285	3.929415	2.89994
27186	-1250.055	-1463.108	213.0528	0.6922052	3.836717	3.129058
27192	-1244.579	-1458.946	214.3672	1.009381	3.527546	2.19071
27198	-1243.292	-1457.552	214.2605	0.9579808	2.809628	2.477713
27204	-1253.774	-1468.608	214.8341	1.18035	3.438173	1.786666
27210	-1246.865	-1461.578	214.7128	1.088116	3.674146	1.873419
27216	-1253.79	-1467.856	214.0656	1.084623	3.501595	2.342176
27222	-1265.187	-1480.24	215.0529	1.030173	3.459838	1.733009
27228	-1263.013	-1477.256	214.2434	0.9672437	3.173741	2.38494
27234	-1248.406	-1462.268	213.8625	0.6800846	4.642095	2.485636
27240	-1261.785	-1474.797	213.0122	0.841667	2.961832	3.264562
27246	-1253.655	-1466.681	213.0255	0.7552251	4.001775	3.074099
27252	-1259.227	-1472.532	213.3056	0.8511783	3.379357	2.983106
27258	-1265.105	-1477.74	212.6348	0.7097185	3.029388	3.546222
27264	-1263.202	-1475.809	212.607	0.7181407	2.991304	3.566893
27270	-1256.931	-1470.885	213.9536	0.9995734	3.333856	2.506718
27276	-1268.116	-1482.625	214.5082	0.9747882	4.615167	1.879764
27282	-1261.818	-1476.346	214.5281	0.9786122	4.495482	1.888237
27288	-1256.342	-1470.469	214.1276	1.022981	3.63297	2.311031
27294	-1248.073	-1461.844	213.771	1.022981	3.777893	2.503337
27300	-1252.825	-1467.038	214.213	0.8060206	3.958109	2.322068
27306	-1248.013	-1461.448	213.4357	0.7963951	2.812121	3.07899
27312	-1253.136	-1467.154	214.018	0.6594442	4.02078	2.523972
27318	-1236.923	-1450.864	213.9411	0.8661189	3.34206	2.595494
27324	-1263.03	-1477.451	214.421	0.8926647	3.23911	2.302745
27330	-1263.74	-1478.104	214.3644	0.868499	3.446409	2.302745
27336	-1262.876	-1477.128	214.2522	0.8494653	3.279782	2.426967
27342	-1251.643	-1465.483	213.8401	0.8431924	3.078751	2.737007
27348	-1244.89	-1458.661	213.7704	0.9242875	3.051489	2.737007
27354	-1246.929	-1460.898	213.9685	0.8791342	2.703564	2.737007
27360	-1245.75	-1459.49	213.7396	0.7500663	2.693728	2.9569
27366	-1251.682	-1465.371	213.6889	0.8358466	2.402005	3.020777
27372	-1255.978	-1469.504	213.5257	0.7725457	2.439059	3.1448
27378	-1250.839	-1463.744	212.9056	0.953435	2.789141	3.306306
27384	-1235.712	-1449.048	213.3366	0.7525393	3.270136	3.049217
27390	-1239.052	-1453.559	214.5073	0.9899562	3.260823	2.179028
27396	-1259.747	-1474.159	214.4122	0.9899562	2.969926	2.317307
27402	-1258.567	-1471.832	213.2649	1.010344	3.054396	2.990409
27408	-1236.556	-1450.074	213.518	0.7572359	3.054396	2.990409
27414	-1243.38	-1456.588	213.2074	0.668557	3.304934	3.168094
27420	-1248.426	-1461.457	213.0319	0.6979727	3.409873	3.23052
27426	-1244.545	-1458.744	214.1993	0.9585139	3.484356	2.34149
27432	-1250.494	-1464.83	214.3359	0.9585139	2.928576	2.397014
27438	-1262.844	-1476.876	214.0323	1.07506	3.557595	2.356144
27444	-1253.613	-1467.866	214.2532	1.054128	2.660388	2.464868
27450	-1260.975	-1474.503	213.5289	0.8384261	3.623609	2.800416
27456	-1247.707	-1461.677	213.9697	0.9351361	3.791171	2.430869
27462	-1255.619	-1470.115	214.4958	0.9514902	3.759974	2.089532
27468	-1251.902	-1466.418	214.5156	1.188966	3.355554	2.01849
27474	-1268.191	-1482.12	213.9297	1.151213	4.511818	2.167625
27480	-1256.668	-1470.897	214.2291	0.8477719	5.461367	1.994234
27486	-1261.82	-1475.603	213.7831	0.789978	3.022799	2.818542
27492	-1260.168	-1474.157	213.9888	0.9023547	3.493921	2.507221
27498	-1253.477	-1467.32	213.8427	1.009832	3.084867	2.631421
27504	-1248.957	-1462.626	213.6689	0.7488662	4.460768	2.597482
27510	-1251.893	-1466.037	214.1439	0.7098333	4.240964	2.367794
27516	-1246.905	-1460.897	213.9918	0.8624227	3.937566	2.430853
27522	-1248.348	-1462.304	213.9566	0.9226675	2.771811	2.698516
27528	-1253.428	-1467.174	213.7459	0.7104085	3.27713	2.826286
27534	-1240.819	-1454.164	213.3457	0.9028229	3.837596	2.826286
27540	-1244.794	-1459.583	214.7886	0.9943492	3.109907	2.031721
27546	-1239.674	-1453.361	213.6865	0.9175811	2.990846	2.807886
27552	-1250.022	-1463.603	213.5808	0.9667505	3.808665	2.649515
27558	-1254.38	-1468.034	213.6545	0.8919694	3.343294	2.755585
27564	-1257.651	-1472.011	214.3594	1.033723	2.709634	2.396446
27570	-1252.893	-1466.838	213.945	1.052087	3.685268	2.396446
27576	-1243.971	-1457.936	213.9653	1.028769	3.693899	2.396446
27582	-1230.918	-1444.92	214.002	0.9920006	3.693899	2.396446
27588	-1234.399	-1449.235	214.8361	1.180632	3.693899	1.718968
27594	-1251.16	-1465.81	214.6499	1.261834	3.693899	1.792345
27600	-1248.918	-1463.96	215.0418	1.05928	3.598075	1.683846
27606	-1246.952	-1461.933	214.981	1.396025	3.598075	1.482089
27612	-1247.816	-1462.481	214.6651	1.156761	3.303957	1.953589
27618	-1235.417	-1450.167	214.75	1.139432	3.517443	1.852245
27624	-1252.773	-1467.081	214.3086	1.147905	4.932783	1.834557
27630	-1257.713	-1472.247	214.534	1.0058	4.329099	1.900902
27636	-1254.519	-1468.33	213.8108	0.8157616	3.558182	2.65642
27642	-1263.665	-1477.09	213.4252	0.8334732	2.842703	3.054961
27648	-1252.408	-1466.588	214.1799	0.9047541	3.051516	2.495918
27654	-1276.075	-1490.53	214.4552	1.088261	2.883485	2.250863
27660	-1270.145	-1484.6	214.4557	1.165364	2.802248	2.224099
27666	-1270.286	-1483.993	213.7077	0.9326345	3.796214	2.594913
27672	-1255.435	-1469.673	214.2383	0.888227	3.154536	2.442943
27678	-1266.744	-1480.566	213.8224	0.8598602	4.406614	2.442943
27684	-1277.817	-1491.134	213.3172	0.9647337	3.745267	2.825721
27690	-1267.783	-1480.892	213.1092	0.8418881	3.382567	3.105405
27696	-1266.833	-1480.586	213.7525	0.8263587	3.343077	2.735844
27702	-1260.025	-1472.91	212.8853	0.7324917	3.515786	3.273041
27708	-1257.546	-1470.489	212.943	0.9807546	2.83866	3.25503
27714	-1273.426	-1488.236	214.8104	1.104917	3.028294	1.966183
27720	-1261.072	-1475.389	214.317	0.9079726	3.337355	2.334602
27726	-1249.414	-1463.171	213.7564	1.010294	3.43091	2.599419
27732	-1261.776	-1475.245	213.4688	0.7492871	3.43091	2.934283
27738	-1263.858	-1477.595	213.7369	1.026014	2.820117	2.756443
27744	-1253.987	-1468.37	214.384	0.9262234	3.306122	2.288014
27750	-1240.984	-1454.043	213.0583	0.8869456	3.326466	3.12185
27756	-1244.995	-1458.608	213.6131	0.7938852	2.876611	2.957009
27762	-1263.414	-1477.154	213.7402	0.8775567	3.184048	2.750653
27768	-1249.672	-1464.007	214.3359	1.182927	3.664326	2.064955
27774	-1254.523	-1468.16	213.6369	1.14077	3.361453	2.609147
27780	-1260.804	-1474.766	213.962	0.8438471	4.170079	2.41252
27786	-1256.885	-1470.353	213.468	0.8676599	3.264581	2.902421
27792	-1251.872	-1465.265	213.3924	0.8742582	3.264581	2.944007
27798	-1243.679	-1456.97	213.2905	0.8883495	3.492146	2.944007
27804	-1250.658	-1464.543	213.8849	0.9390104	4.276616	2.37946
27810	-1256.453	-1469.348	212.8957	0.9662822	4.009945	3.023866
27816	-1256.936	-1471.263	214.3277	1.018483	4.206791	2.05661
27822	-1266.327	-1480.676	214.3482	0.9508672	4.35473	2.05661
27828	-1266.435	-1478.997	212.5615	0.8409954	3.55102	3.391999
27834	-1256.176	-1468.925	212.7493	0.7600031	3.272165	3.391999
27840	-1257.966	-1471.573	213.6077	1.176238	3.835927	2.496902
27846	-1261.285	-1475.26	213.975	1.000487	4.326425	2.272803
27852	-1256.169	-1469.842	213.6739	1.117937	3.682919	2.525826
27858	-1258.136	-1472.63	214.4939	1.111198	3.059183	2.16235
27864	-1252.943	-1467.257	214.3137	0.906952	3.298655	2.346949
27870	-1251.708	-1465.956	214.2484	1.13621	4.008017	2.074479
27876	-1254.418	-1468.612	214.1943	0.9018096	3.936185	2.277546
27882	-1264.406	-1479.068	214.6628	1.224818	3.447893	1.871449
27888	-1245.135	-1459.738	214.603	1.136988	3.854781	1.871449
27894	-1235.484	-1449.899	214.4157	1.13758	3.548697	2.070149
27900	-1234.904	-1448.392	213.4885	0.9895082	4.126626	2.625942
27906	-1243.253	-1455.847	212.5938	0.9143026	3.151525	3.421155
27912	-1247.382	-1459.775	212.3933	0.8502826	3.337845	3.532251
27918	-1247.977	-1460.478	212.5012	0.7084894	2.881479	3.661428
27924	-1250.238	-1463.799	213.561	0.7109174	2.920847	3.026525
27930	-1257.472	-1471.052	213.5799	0.7788996	3.883011	2.749472
27936	-1252.786	-1466.395	213.6089	0.9211073	3.411876	2.749472
27942	-1264.5	-1479.106	214.6063	1.022399	2.782907	2.224808
27948	-1259.35	-1473.87	214.5202	0.8960047	2.773045	2.363498
27954	-1242.943	-1456.625	213.6816	0.9036917	3.103906	2.790481
27960	-1260.594	-1474.663	214.07	0.8641363	4.458404	2.272974
27966	-1243.793	-1458.365	214.5718	1.058616	3.50741	2.02927
27972	-1254.74	-1469.027	214.287	1.214007	4.0262	1.993243
27978	-1242.213	-1456.554	214.3412	1.091541	3.59939	2.136945
27984	-1255.729	-1470.334	214.6047	0.9148422	3.43386	2.120613
27990	-1255.429	-1469.323	213.8936	0.9555542	4.086925	2.402407
27996	-1258.772	-1473.014	214.2418	0.9555542	3.292962	2.363203
28002	-1238.481	-1451.596	213.1149	0.6845468	2.819775	3.333249
28008	-1239.591	-1452.637	213.0457	0.7113923	4.070475	3.074492
28014	-1245.355	-1458.616	213.2603	0.7739078	3.728491	2.978955
28020	-1253.257	-1465.926	212.6691	0.64461	3.593178	3.434914
28026	-1243.445	-1456.911	213.4659	0.7188322	3.111156	3.030487
28032	-1245.301	-1458.322	213.0207	0.7119348	3.111156	3.299025
28038	-1256.851	-1469.642	212.7908	0.6497565	3.887044	3.299025
28044	-1252.479	-1465.871	213.392	0.7480647	3.482139	2.969607
28050	-1253.882	-1467.701	213.8189	0.8679957	3.813369	2.562282
28056	-1241.554	-1455.506	213.9519	1.011582	3.15923	2.543701
28062	-1241.85	-1455.634	213.7841	0.7765211	3.83249	2.636332
28068	-1235.922	-1449.257	213.3341	0.8552502	4.042728	2.819732
28074	-1265.978	-1479.973	213.9951	1.187562	4.108536	2.184561
28080	-1257.844	-1472.172	214.3285	0.9651603	3.606019	2.22559
28086	-1246.187	-1460.273	214.0862	0.857133	3.88582	2.385814
28092	-1241.411	-1455.773	214.3618	1.044573	3.565408	2.162249
28098	-1238.569	-1452.354	213.7846	0.9700458	3.478123	2.595756
28104	-1242.365	-1456.543	214.178	0.8545957	3.575427	2.399293
28110	-1248.321	-1462.539	214.2176	1.143567	2.987977	2.338498
28116	-1254.512	-1468.782	214.2698	0.8682888	4.61608	2.109746
28122	-1249.004	-1463.352	214.3472	0.9567509	3.795231	2.175005
28128	-1244.056	-1458.616	214.5604	0.9229245	2.74669	2.328473
28134	-1244.56	-1457.855	213.295	0.8412205	3.441669	2.98113
28140	-1245.647	-1458.659	213.0111	0.7833546	4.506542	2.968953
28146	-1247.616	-1460.432	212.8158	0.8684411	3.95471	3.141067
28152	-1246.028	-1459.396	213.3679	0.839952	3.635335	2.894563
28158	-1242.462	-1455.692	213.2297	0.9063798	3.836844	2.894563
28164	-1253.486	-1467.12	213.6336	0.9312416	3.628241	2.678582
28170	-1236.839	-1451.135	214.2955	0.99798	3.851797	2.168975
28176	-1243.145	-1457.147	214.0022	0.9652062	3.187107	2.534206
28182	-1253.73	-1467.085	213.3554	0.8989794	3.246149	2.955845
28188	-1239.262	-1453.973	214.7113	1.097888	4.458995	1.685926
28194	-1256.005	-1469.66	213.6543	0.7434421	3.245831	2.869396
28200	-1252.644	-1466.098	213.4545	0.8266257	3.280386	2.931531
28206	-1250.133	-1463.056	212.9227	0.7775861	4.260053	3.071577
28212	-1244.15	-1458.846	214.6965	1.015165	2.868948	2.146118
28218	-1244.149	-1457.32	213.1713	0.6629204	4.022033	3.03807
28224	-1252.419	-1465.599	213.1805	0.9486981	3.033529	3.083022
28230	-1240.547	-1455.182	214.6351	0.915881	3.026049	2.206439
28236	-1239.651	-1453.722	214.0717	1.150642	3.297234	2.346241
28242	-1249.308	-1463.233	213.9251	1.150642	4.379722	2.197442
28248	-1244.916	-1459.068	214.1518	1.087533	4.56046	2.054192
28254	-1241.839	-1456.141	214.3016	1.08329	3.840674	2.111865
28260	-1252.086	-1467.001	214.9148	1.046259	3.840674	1.721652
28266	-1246.355	-1461.402	215.0472	1.190252	3.840674	1.521747
28272	-1251.018	-1465.611	214.5939	1.05952	3.524121	2.009846
28278	-1264.923	-1478.91	213.987	1.182723	3.393063	2.355952
28284	-1248.252	-1462.321	214.0687	0.9496778	3.805613	2.355952
28290	-1250.449	-1464.505	214.0558	1.09889	3.668432	2.300215
28296	-1243.185	-1457.133	213.948	1.132051	3.668432	2.347772
28302	-1265.604	-1478.617	213.013	0.6436034	3.775678	3.194309
28308	-1267.372	-1480.734	213.3629	0.8581708	3.497063	2.917431
28314	-1254.824	-1468.709	213.885	0.9393092	3.101668	2.644569
28320	-1256.143	-1469.077	212.9338	0.8178379	4.734197	2.953761
28326	-1244.787	-1457.652	212.8649	0.6748494	3.792295	3.259955
28332	-1243.302	-1456.337	213.0347	0.7964453	4.553775	2.938244
28338	-1245.064	-1458.443	213.3797	0.6653265	3.501188	3.022347
28344	-1251.574	-1464.198	212.6239	0.6963359	3.486855	3.454186
28350	-1264.469	-1476.937	212.4679	0.7624546	2.72788	3.68936
28356	-1258.135	-1470.206	212.0702	0.648051	2.719305	3.986063
28362	-1268.389	-1481.226	212.8366	0.5861093	2.289421	3.70264
28368	-1261.883	-1474.846	212.9633	0.7500973	2.392055	3.503009
28374	-1268.805	-1482.13	213.3258	0.9765169	4.572086	2.647869
28380	-1259.264	-1473.082	213.8175	0.9765169	3.516073	2.562511
28386	-1261.787	-1474.813	213.0259	0.8211416	3.515601	3.137277
28392	-1260.566	-1472.591	212.0241	0.7155519	2.791841	3.954956
28398	-1246.646	-1460.298	213.6516	0.9032423	3.090602	2.812343
28404	-1251.948	-1465.662	213.7147	1.019929	4.081377	2.475604
28410	-1259.698	-1473.522	213.824	0.9032565	4.234204	2.448936
28416	-1256.729	-1470.897	214.1674	0.9138198	3.644832	2.352436
28422	-1253.331	-1466.55	213.2196	0.8694273	3.955573	2.898338
28428	-1257.65	-1471.146	213.4963	1.035703	3.686685	2.685726
28434	-1252.806	-1466.694	213.8878	1.00498	3.907745	2.412967
28440	-1247.442	-1462.066	214.6236	1.121362	3.421588	1.974617
28446	-1249.872	-1464.175	214.3034	1.053757	3.885423	2.119886
28452	-1254.952	-1468.493	213.5418	0.9556446	2.584497	2.983191
28458	-1262.358	-1476.677	214.3184	1.042971	3.219539	2.27725
28464	-1263.195	-1477.886	214.6911	1.172632	3.056167	1.992825
28470	-1261.653	-1474.855	213.2025	0.7256942	3.76331	3.035096
28476	-1258.303	-1473.066	214.7632	0.9364425	3.947228	1.877304
28482	-1246.879	-1460.947	214.0675	0.8679707	3.783986	2.413169
28488	-1247.336	-1460.364	213.0277	0.7863577	3.856408	3.083855
28494	-1228.411	-1442.717	214.3064	0.859464	3.947228	2.230303
28500	-1234.937	-1449.085	214.148	0.9098616	3.947228	2.299624
28506	-1245.899	-1458.985	213.0861	0.5992331	3.831906	3.165551
28512	-1254.313	-1467.578	213.2652	0.8771721	3.542251	2.954651
28518	-1256.066	-1468.693	212.6276	0.6851516	4.176393	3.31729
28524	-1261.927	-1475.26	213.3331	1.038266	4.136567	2.689599
28530	-1240.064	-1453.317	213.253	0.8712635	4.005966	2.866712
28536	-1243.128	-1456.41	213.2818	0.8771549	3.443955	2.966889
28542	-1241.432	-1453.894	212.4618	0.9974705	3.649478	3.337454
28548	-1239.497	-1452.615	213.118	0.8429161	4.328892	2.901898
28554	-1242.833	-1456.629	213.7952	0.7931848	3.609461	2.668282
28560	-1259.831	-1472.985	213.1537	0.8631632	3.214971	3.105529
28566	-1251.178	-1464.009	212.8317	0.7833152	4.349316	3.105529
28572	-1242.313	-1456.264	213.9511	0.8537454	4.231872	2.400525
28578	-1240.212	-1453.365	213.1532	0.8393667	4.720297	2.810474
28584	-1251.308	-1466.001	214.6922	1.026269	3.413116	1.994493
28590	-1252.684	-1465.235	212.5513	0.7904009	3.973306	3.339859
28596	-1244.566	-1458.762	214.1952	0.7773627	3.193965	2.529293
28602	-1243.528	-1456.944	213.4159	0.9761512	3.8773	2.730345
28608	-1245.09	-1458.567	213.4769	1.059718	3.365558	2.7563
28614	-1243.575	-1455.727	212.152	0.5467516	4.259147	3.660106
28620	-1244.42	-1458.086	213.666	0.785709	3.796539	2.711065
28626	-1240.973	-1453.926	212.9528	0.8484808	4.631319	2.942186
28632	-1242.172	-1454.597	212.4247	0.8544088	3.927125	3.385862
28638	-1255.661	-1468.27	212.6097	0.9327955	4.01122	3.21386
28644	-1250.929	-1464.425	213.4958	0.8686032	4.852378	2.558354
28650	-1254.598	-1467.695	213.0968	0.8458013	5.091558	2.776461
28656	-1254.334	-1467.039	212.7049	0.8302934	3.957993	3.228792
28662	-1241.094	-1453.909	212.8144	0.77661	3.567085	3.27759
28668	-1255.127	-1467.757	212.6292	0.7744173	3.465547	3.410106
28674	-1242.622	-1457.436	214.8142	1.238057	3.730789	1.684434
28680	-1256.042	-1471.607	215.5657	1.248124	3.099222	1.292255
28686	-1256.694	-1471.356	214.6622	1.163087	4.080177	1.759805
28692	-1261.669	-1475.969	214.2999	1.101118	3.681157	2.138219
28698	-1264.889	-1478.945	214.0567	0.8720694	4.752037	2.219737
28704	-1247.255	-1461.045	213.7901	0.9852836	4.257227	2.414028
28710	-1239.537	-1453.004	213.4672	0.7955068	3.581588	2.873263
28716	-1249.314	-1462.319	213.0046	0.7279682	3.083304	3.305811
28722	-1249.795	-1463.819	214.0239	0.9335123	2.999913	2.588652
28728	-1253.639	-1467.793	214.1544	1.004681	4.445799	2.129905
28734	-1246.075	-1459.476	213.4018	0.8017065	2.74086	3.115247
28740	-1238.932	-1453.149	214.217	1.027914	3.563078	2.267111
28746	-1243.753	-1458.454	214.7002	1.02481	3.437991	1.983772
28752	-1261.95	-1477.439	215.4894	1.266605	3.742902	1.13146
28758	-1245.466	-1460.651	215.1853	1.421879	4.123553	1.148279
28764	-1256.274	-1470.13	213.8566	0.9491328	3.842124	2.481893
28770	-1249.832	-1462.998	213.1655	0.9331679	3.81588	2.921582
28776	-1246.906	-1460.362	213.4555	0.8317231	4.502085	2.670216
28782	-1262.383	-1475.036	212.6533	0.7862658	3.277601	3.431595
28788	-1255.175	-1467.332	212.1572	0.6450341	2.66076	3.953523
28794	-1249.853	-1465.117	215.2642	1.445991	3.737311	1.173693
28800	-1251.131	-1466.528	215.3977	1.413326	3.58873	1.132049
28806	-1251.627	-1466.72	215.0927	1.553222	3.707939	1.237588
28812	-1245.25	-1460.52	215.27	1.449883	4.139364	1.039605
28818	-1245.822	-1461.259	215.4369	1.604237	3.47178	0.9524259
28824	-1248.114	-1463.659	215.5452	1.610177	3.432298	0.8400175
28830	-1249.121	-1464.45	215.3292	1.663423	4.135799	0.7204161
28836	-1245.989	-1461.301	215.3125	1.546231	4.228884	0.8620209
28842	-1252.789	-1467.916	215.1269	1.546231	4.844332	0.8601163
28848	-1243.844	-1459.281	215.4366	1.319524	3.83492	1.102002
28854	-1252.165	-1465.916	213.7513	0.7766964	3.127381	2.81943
28860	-1241.17	-1456.231	215.0611	1.331659	3.810234	1.411928
28866	-1245.699	-1460.606	214.9063	1.256348	4.671032	1.375349
28872	-1249.261	-1462.812	213.5508	0.8854877	3.138443	2.87234
28878	-1249.256	-1462.788	213.5317	0.7660003	2.99328	2.99237
28884	-1247.036	-1461.667	214.6313	1.066586	3.346864	2.025202
28890	-1239.492	-1452.651	213.1593	0.8586991	3.309201	3.082537
28896	-1238.837	-1452.017	213.1792	0.8682709	3.260269	3.07647
28902	-1242.472	-1455.871	213.3993	0.7691298	3.337527	2.985832
28908	-1246.517	-1458.832	212.3144	0.5621945	3.472604	3.715111
28914	-1247.908	-1463.013	215.1051	1.267213	3.293486	1.571652
28920	-1249.975	-1465.102	215.1271	1.245211	3.293486	1.571652
28926	-1243.424	-1458.757	215.333	1.314954	3.458918	1.3113
28932	-1243.535	-1458.448	214.9131	1.354785	4.193004	1.408793
28938	-1254.638	-1470.23	215.5916	1.284967	3.572427	1.077695
28944	-1256.623	-1471.412	214.7894	1.371792	4.511957	1.413833
28950	-1261.667	-1476.64	214.9726	1.411978	4.905862	1.133601
28956	-1244.483	-1459.594	215.1111	1.407641	4.453098	1.133601
28962	-1263.513	-1476.378	212.8648	0.8129477	3.771053	3.182747
28968	-1256.379	-1469.236	212.8569	0.7417629	3.801062	3.223292
28974	-1258.557	-1471.443	212.8865	0.8309179	3.917829	3.128824
28980	-1255.025	-1469.355	214.3299	0.9039324	4.603594	2.04919
28986	-1241.493	-1455.354	213.8609	0.8381633	2.963607	2.757124
28992	-1240.833	-1453.72	212.8869	0.7529072	3.663115	3.228031
28998	-1250.191	-1464.055	213.8635	0.7026153	3.663115	2.669963
29004	-1252.999	-1465.639	212.64	0.7939038	3.114862	3.473368
29010	-1243.381	-1456.069	212.6882	0.839476	4.187925	3.188101
29016	-1240.812	-1454.217	213.4042	0.9150542	4.187925	2.711298
29022	-1246.821	-1460.769	213.9483	0.8818521	3.879335	2.458508
29028	-1240.914	-1454.995	214.081	0.8732461	4.033991	2.347014
29034	-1244.602	-1459.388	214.786	1.041505	3.443902	1.91331
29040	-1254.889	-1468.926	214.0375	0.8568663	4.742194	2.243741
29046	-1255.761	-1470.881	215.1197	1.065204	2.954859	1.803936
29052	-1256.683	-1470.587	213.9039	1.18533	4.061021	2.255004
29058	-1255.012	-1469.319	214.3076	1.126611	3.792459	2.090559
29064	-1254.986	-1469.232	214.2461	0.9695517	3.990549	2.188679
29070	-1258.387	-1471.956	213.5683	0.9484442	3.307429	2.782267
29076	-1260.717	-1474.445	213.7279	1.06618	3.879637	2.481101
29082	-1262.535	-1475.703	213.1678	0.8670707	3.404789	3.050275
29088	-1258.781	-1472.487	213.7068	1.114057	3.504514	2.548523
29094	-1267.012	-1481.806	214.794	1.170961	3.610148	1.776483
29100	-1247.61	-1461.313	213.7031	0.8255679	4.415225	2.537413
29106	-1249.618	-1464.061	214.4432	1.053136	5.108777	1.772949
29112	-1241.144	-1455.626	214.4823	1.053136	4.658161	1.835045
29118	-1255.432	-1469.214	213.782	0.78559	3.870981	2.623796
29124	-1244.788	-1458.159	213.3702	0.6958586	3.870981	2.929678
29130	-1239.141	-1451.468	212.3265	0.7185927	3.395885	3.6345
29136	-1258.226	-1473.084	214.8586	1.29956	3.395885	1.697266
29142	-1253.925	-1466.671	212.7466	0.8098244	3.979312	3.211987
29148	-1265.789	-1478.173	212.3841	0.8664671	4.733834	3.252476
29154	-1268.043	-1483.373	215.3295	1.604287	3.646527	0.9962681
29160	-1260.951	-1476.117	215.1661	1.383016	4.141561	1.193731
29166	-1264.435	-1480.092	215.657	1.307454	3.010986	1.197211
29172	-1260.079	-1475.264	215.1847	1.342215	4.221502	1.190568
29178	-1269.575	-1484.551	214.9757	1.401678	4.645586	1.206116
29184	-1262.49	-1476.904	214.4142	1.051475	3.589049	2.117882
29190	-1259.205	-1473.459	214.2543	1.189221	3.689322	2.10853
29196	-1246.762	-1461.104	214.3424	1.218813	4.374935	1.876517
29202	-1262.742	-1478.345	215.6028	1.628796	3.343585	0.7852826
29208	-1258.786	-1473.932	215.1458	1.806785	4.078149	0.8061435
29214	-1248.92	-1464.232	215.3113	1.286177	3.414466	1.365167
29220	-1254.663	-1469.411	214.7481	1.195852	3.794586	1.744953
29226	-1259.749	-1474.225	214.4754	1.200192	3.96195	1.890248
29232	-1255.05	-1470.472	215.4226	1.333201	3.820879	1.106802
29238	-1266.867	-1482.689	215.8226	1.513138	2.863658	0.9016906
29244	-1245.059	-1459.944	214.8852	1.331148	4.202051	1.446266
29250	-1255.925	-1471.128	215.2033	1.576243	3.996491	1.027757
29256	-1257.878	-1473.007	215.1293	1.463695	4.58262	1.027757
29262	-1260.781	-1475.476	214.6948	1.16203	3.961519	1.765568
29268	-1265.794	-1480.046	214.252	1.182929	5.742349	1.699308
29274	-1264.407	-1478.271	213.8634	0.9898523	4.655048	2.286638
29280	-1269.084	-1484.174	215.09	1.31579	4.081981	1.328813
29286	-1258.29	-1473.415	215.1246	1.328558	3.64544	1.410625
29292	-1264.751	-1478.015	213.2633	0.8181123	3.474539	3.006531
29298	-1273.613	-1487.614	214.0006	0.8437363	3.451299	2.546435
29304	-1275.758	-1490.271	214.5132	0.9905394	2.986511	2.247748
29310	-1256.222	-1468.922	212.701	0.857582	3.672534	3.274051
29316	-1256.321	-1469.206	212.8846	0.6807596	3.653734	3.274051
29322	-1267.71	-1479.65	211.9398	0.6663807	3.774621	3.807478
29328	-1260.964	-1473.689	212.7251	0.6998929	3.38786	3.414933
29334	-1262.869	-1476.197	213.3282	0.844177	3.496177	2.946941
29340	-1238.684	-1452.888	214.2038	0.8992581	3.02101	2.492395
29346	-1245.069	-1459.439	214.3696	0.9131311	3.819216	2.18335
29352	-1245.721	-1459.958	214.2368	1.060793	3.607676	2.222623
29358	-1248.722	-1463.071	214.349	0.878261	3.80424	2.222623
29364	-1249.426	-1463.44	214.0133	0.9995898	4.45678	2.222623
29370	-1243.577	-1458.166	214.5892	1.011243	4.200986	1.887524
29376	-1249.136	-1463.632	214.4957	1.148702	3.35638	2.058141
29382	-1246.951	-1460.954	214.0026	1.006519	4.560816	2.204573
29388	-1250.326	-1464.526	214.2005	0.9860078	4.707048	2.060152
29394	-1250.727	-1464.916	214.1888	0.9405647	4.667523	2.10545
29400	-1249.076	-1463.312	214.2359	1.102903	4.003974	2.10545
29406	-1255.206	-1469.735	214.5288	1.1606	5.018526	1.654327
29412	-1246.231	-1460.584	214.3527	1.164959	4.567698	1.86579
29418	-1253.148	-1468.067	214.919	1.21827	4.37313	1.465016
29424	-1246.57	-1461.483	214.9136	1.07763	5.079953	1.417678
29430	-1256.63	-1471.81	215.1802	1.201898	3.819486	1.417678
29436	-1241.555	-1455.941	214.3854	1.266974	4.08193	1.878711
29442	-1236.155	-1450.757	214.6018	1.055798	3.905054	1.915605
29448	-1245.581	-1459.958	214.3771	0.9443773	4.244721	2.064875
29454	-1255.143	-1469.549	214.4063	0.9260047	3.385433	2.254048
29460	-1248.075	-1462.35	214.2751	0.9812915	3.63625	2.242491
29466	-1257.339	-1471.355	214.016	1.006874	3.135575	2.512719
29472	-1243.497	-1457.57	214.0731	0.9457568	3.610491	2.399826
29478	-1240.297	-1453.997	213.6998	1.033977	4.396582	2.412524
29484	-1247.685	-1461.803	214.1186	0.9457112	4.171685	2.247604
29490	-1253.143	-1467.621	214.4784	0.7721799	3.630227	2.247604
29496	-1256.856	-1471.112	214.2558	0.9237333	4.919784	2.024015
29502	-1239.323	-1452.993	213.6704	0.9237333	3.623842	2.661528
29508	-1239.142	-1452.812	213.67	0.8004055	3.528869	2.758834
29514	-1253.607	-1466.22	212.6131	0.8011998	3.660629	3.361493
29520	-1245.914	-1459.091	213.177	0.744051	3.017107	3.210931
29526	-1243.699	-1456.966	213.2673	0.8479358	3.530051	2.973706
29532	-1267.775	-1481.183	213.4073	0.9070702	3.401651	2.882929
29538	-1256.37	-1470.957	214.5867	0.9068895	2.780519	2.312122
29544	-1243.532	-1457.485	213.9533	0.8562217	3.5518	2.544621
29550	-1250.887	-1464.753	213.8665	1.080185	4.085888	2.340824
29556	-1245.554	-1459.477	213.9239	0.9120865	2.979124	2.669109
29562	-1249.98	-1463.532	213.5518	1.024736	3.237764	2.762631
29568	-1251.03	-1464.662	213.632	0.9718597	3.692614	2.640194
29574	-1265.671	-1478.752	213.0809	0.9157796	3.440728	3.064911
29580	-1269.353	-1481.631	212.2781	0.7614308	3.799232	3.551735
29586	-1268.615	-1481.421	212.8057	0.6855605	3.764923	3.294244
29592	-1265.791	-1478.896	213.1045	0.7495827	2.620757	3.354953
29598	-1267.404	-1480.312	212.9081	0.9410902	2.921658	3.277533
29604	-1251.7	-1463.935	212.2343	0.6755977	3.299862	3.734305
29610	-1245.534	-1458.489	212.9552	0.800429	3.422175	3.212487
29616	-1250.105	-1464.104	213.9994	0.9319259	3.216739	2.549249
29622	-1259.649	-1473.463	213.8137	1.006351	2.496537	2.814045
29628	-1265.989	-1479.175	213.1861	0.7621473	3.630443	3.051634
29634	-1248.635	-1462.151	213.5159	0.8440517	3.103371	2.927169
29640	-1249.432	-1463.774	214.3421	0.8384142	3.617989	2.295402
29646	-1243.471	-1457.661	214.1907	0.947936	2.744656	2.545916
29652	-1241.501	-1455.156	213.6551	0.7980462	2.581755	3.010545
29658	-1238.679	-1451.955	213.2753	0.7109998	3.033547	3.168096
29664	-1244.631	-1457.905	213.2741	0.9038543	3.749729	2.887768
29670	-1251.847	-1466.724	214.8776	0.9959416	3.350755	1.906406
29676	-1254.226	-1469.312	215.0862	1.1532	3.350755	1.6518
29682	-1257.661	-1471.008	213.347	0.9979216	3.005975	2.960744
29688	-1262.071	-1474.283	212.212	0.7605977	3.226732	3.714861
29694	-1241.924	-1456.335	214.4114	1.251807	3.56646	1.992833
29700	-1251.967	-1464.626	212.6587	0.7002561	3.278958	3.478456
29706	-1264.026	-1478.956	214.9302	1.083015	3.296844	1.825352
29712	-1245.288	-1459.146	213.8578	1.1106	2.947681	2.595703
29718	-1241.39	-1455.334	213.9442	1.076399	4.30442	2.248318
29724	-1243.953	-1458.318	214.365	1.010902	3.820778	2.122288
29730	-1240.121	-1453.91	213.7892	0.7482343	3.787935	2.660262
29736	-1249.521	-1462.903	213.382	0.7220289	3.585109	2.968171
29742	-1255.754	-1468.376	212.6226	0.7800181	3.918481	3.315028
29748	-1251.835	-1465.613	213.7777	0.7768653	3.420427	2.732444
29754	-1254.185	-1467.318	213.1327	0.5228526	3.509587	3.252106
29760	-1240.801	-1453.672	212.8713	0.7852673	3.430612	3.269158
29766	-1252.254	-1464.343	212.0891	0.6382019	3.673852	3.758409
29772	-1249.42	-1461.519	212.0992	0.6073847	3.624584	3.78068
29778	-1250.105	-1462.707	212.602	0.6826845	3.057738	3.574135
29784	-1247.129	-1460.345	213.2163	0.7193275	4.05875	2.969893
29790	-1244.375	-1457.634	213.2592	0.7182845	4.014775	2.953508
29796	-1252.835	-1465.996	213.1609	0.7822139	3.149959	3.165071
29802	-1258.323	-1471.883	213.5599	0.9153029	4.020791	2.649342
29808	-1241.388	-1454.741	213.3538	0.8484196	3.269318	2.981625
29814	-1245.063	-1458.498	213.4351	0.8426839	3.543728	2.872594
29820	-1247.084	-1460.639	213.5552	0.7962556	3.998356	2.729919
29826	-1246.081	-1459.536	213.4542	0.9235437	3.339508	2.859097
29832	-1242.666	-1457.118	214.4523	1.20252	3.966418	1.903351
29838	-1245.951	-1460.746	214.7946	1.142392	4.129696	1.669451
29844	-1246.059	-1460.501	214.4421	0.9915912	3.327486	2.203175
29850	-1261.087	-1475.441	214.3537	1.001829	3.631564	2.179554
29856	-1276.782	-1490.815	214.0334	0.875089	3.614727	2.468317
29862	-1248.031	-1462.644	214.613	1.064717	3.355277	2.036402
29868	-1248.135	-1462.508	214.3726	1.109741	3.444686	2.142219
29874	-1252.183	-1467.011	214.8272	1.033431	3.547662	1.864257
29880	-1249.751	-1463.912	214.1612	1.127761	4.010486	2.136609
29886	-1248.863	-1462.417	213.5543	0.9300222	3.835148	2.682772
29892	-1249.791	-1464.083	214.2927	1.034308	3.162821	2.313866
29898	-1252.349	-1466.146	213.797	0.8387003	5.46828	2.281106
29904	-1248.268	-1460.781	212.5128	0.7431889	3.549236	3.478118
29910	-1256.006	-1468.427	212.421	0.652049	3.186114	3.666271
29916	-1259.226	-1471.056	211.8302	0.5048658	2.577686	4.242017
29922	-1243.604	-1456.256	212.6523	0.847667	3.327805	3.384629
29928	-1250.976	-1463.574	212.5984	0.7990705	3.327805	3.444725
29934	-1254.877	-1467.979	213.1026	0.6825589	4.629188	2.952281
29940	-1242.745	-1455.851	213.1065	1.089986	3.914656	2.841698
29946	-1250.64	-1463.242	212.6016	0.7296776	4.020286	3.336698
29952	-1245.335	-1459.122	213.7873	0.9846871	3.86922	2.497123
29958	-1246.79	-1461.388	214.5988	1.1188	3.131674	2.069003
29964	-1253.424	-1467.953	214.5293	1.1188	3.119178	2.118034
29970	-1272.488	-1486.142	213.6542	0.8880578	2.90641	2.867504
29976	-1260.22	-1472.764	212.5433	0.7269143	3.203258	3.547779
29982	-1265.839	-1477.845	212.006	0.5891264	3.179656	3.942905
29988	-1257.081	-1470.198	213.1176	0.83546	2.784405	3.252091
29994	-1251.549	-1464.813	213.2638	0.7897962	2.568418	3.252091
30000	-1264.715	-1477.898	213.1829	0.7929061	3.583336	3.045516
30006	-1263.403	-1477.688	214.2848	1.038821	3.182156	2.311035
30012	-1249.729	-1462.712	212.9833	0.6473057	3.438677	3.282664
30018	-1263.396	-1476.926	213.5306	0.571509	3.368408	3.018426
30024	-1255.096	-1467.294	212.1986	0.7614098	2.808858	3.824152
30030	-1254.099	-1467.521	213.4218	0.7611821	2.886158	3.088708
30036	-1256.55	-1470.714	214.1647	0.8636764	3.763363	2.359011
30042	-1251.794	-1464.573	212.7787	0.6099749	3.398083	3.433884
30048	-1253.31	-1465.791	212.4807	0.5746278	3.398083	3.628069
30054	-1263.195	-1475.388	212.1928	0.5109446	3.017378	3.919172
30060	-1258.325	-1470.941	212.6162	0.8592651	2.840143	3.517641
30066	-1255.898	-1469.616	213.7179	1.001026	3.804086	2.544377
30072	-1257.743	-1471.618	213.8746	0.9232026	3.518169	2.559704
30078	-1256.683	-1470.087	213.4035	0.728182	3.117428	3.060685
30084	-1260.45	-1474.156	213.7054	0.8657992	3.957333	2.603226
30090	-1262.517	-1476.286	213.7687	1.067466	3.163268	2.621633
30096	-1266.523	-1480.989	214.4657	0.9414043	2.930528	2.325
30102	-1277.464	-1491.357	213.8936	0.9421654	2.583926	2.778614
30108	-1260.088	-1473.559	213.4702	0.8596591	2.961097	2.981334
30114	-1267.487	-1479.617	212.1297	0.459253	2.739964	4.054496
30120	-1259.326	-1472.933	213.6073	0.9232741	2.968564	2.858343
30126	-1255.952	-1469.498	213.5456	0.8052235	3.412362	2.858343
30132	-1251.413	-1463.497	212.0835	0.7945863	3.252967	3.763409
30138	-1247.526	-1460.865	213.3396	0.7883424	3.252967	3.030103
30144	-1244.322	-1457.764	213.4419	0.8832414	3.498078	2.854251
30150	-1248.928	-1463.568	214.6404	0.9560044	3.402947	2.077961
30156	-1243.631	-1456.962	213.3305	0.7926803	3.2775	3.027096
30162	-1234.699	-1449.21	214.5115	0.8520636	3.959385	2.099091
30168	-1245.228	-1459.82	214.5919	0.9894143	3.881235	1.972502
30174	-1249.064	-1463.63	214.5652	0.9422519	2.596945	2.357498
30180	-1257.218	-1470.361	213.1432	1.0019	3.684939	2.921579
30186	-1249.371	-1463.162	213.7914	0.8555002	2.487495	2.921579
30192	-1249.975	-1464.224	214.2486	1.044998	2.586107	2.495477
30198	-1246.164	-1459.289	213.1248	0.9311872	3.820603	2.946332
30204	-1245.011	-1458.591	213.5805	0.7772095	4.474027	2.632117
30210	-1242.625	-1456.209	213.5843	0.697513	3.934033	2.785805
30216	-1254.489	-1468.402	213.9128	0.820617	4.233423	2.445219
30222	-1254.055	-1468.403	214.3476	0.9695797	4.244481	2.067731
30228	-1259.435	-1473.33	213.8946	0.9251283	4.39847	2.357719
30234	-1254.554	-1468.545	213.9912	0.9965966	3.269874	2.500829
30240	-1246.83	-1460.999	214.1686	0.9072117	3.954167	2.286621
30246	-1239.335	-1453.644	214.309	1.004107	3.814092	2.164753
30252	-1248.303	-1462.625	214.3218	1.072591	4.284259	2.008131
30258	-1247.512	-1461.582	214.0703	1.118297	3.637189	2.285789
30264	-1251.36	-1465.261	213.9018	1.148989	4.328774	2.223953
30270	-1246.665	-1460.103	213.4377	0.8564134	3.763286	2.814393
30276	-1244.684	-1458.221	213.537	0.8752408	3.709966	2.753998
30282	-1240.456	-1454.614	214.1577	1.089642	3.753864	2.221068
30288	-1242.403	-1457.139	214.7365	1.067605	4.763229	1.624272
30294	-1235.643	-1449.779	214.1362	1.000164	4.004197	2.236897
30300	-1243.35	-1457.399	214.0489	0.9673393	3.203829	2.499536
30306	-1251.082	-1464.909	213.827	0.9510918	3.840664	2.499536
30312	-1253.399	-1466.981	213.5827	0.9854475	4.21402	2.552438
30318	-1244.373	-1458.726	214.353	0.8593839	3.848756	2.222158
30324	-1251.006	-1465.289	214.283	0.9727716	5.161543	1.927863
30330	-1250.358	-1464.231	213.8737	1.067887	4.498034	2.260375
30336	-1243.085	-1457.335	214.2499	1.030672	3.698708	2.212333
30342	-1243.738	-1458.107	214.3691	1.15834	3.393877	2.125511
30348	-1245.221	-1459.564	214.343	1.050012	3.706466	2.137522
30354	-1259.546	-1472.934	213.388	0.8035815	4.064249	2.814026
30360	-1247.231	-1462.069	214.838	1.175734	3.550346	1.757825
30366	-1241.572	-1456.03	214.4582	1.11474	4.279705	1.889018
30372	-1243.804	-1458.645	214.8409	1.053909	4.003484	1.729085
30378	-1233.417	-1448.312	214.8946	1.365522	4.272569	1.394969
30384	-1238.344	-1453.314	214.9695	1.260974	4.245683	1.424643
30390	-1235.342	-1448.939	213.5971	1.009709	4.337633	2.503762
30396	-1247.483	-1461.279	213.7963	1.088265	3.717802	2.459981
30402	-1223.72	-1437.385	213.6647	0.9422715	4.57212	2.458431
30408	-1227.299	-1441.426	214.1267	1.045515	3.821016	2.254221
30414	-1250.208	-1462.85	212.6418	0.5344759	3.423658	3.552115
30420	-1232.095	-1445.752	213.6564	0.8447747	4.264645	2.583957
30426	-1243.61	-1457.197	213.5875	0.8593359	5.082314	2.46642
30432	-1259.928	-1473.506	213.5778	0.7655025	3.185786	2.916885
30438	-1263.85	-1477.358	213.5075	0.9086748	3.632278	2.768693
30444	-1257.703	-1472.418	214.7152	1.047983	4.013598	1.81837
30450	-1251.434	-1465.478	214.0444	0.985261	3.236409	2.482987
30456	-1251.107	-1465.581	214.4743	1.018488	2.894763	2.280174
30462	-1251.269	-1465.13	213.8608	1.171966	3.571209	2.400176
30468	-1248.353	-1462.786	214.4328	1.018356	3.386376	2.177046
30474	-1243.44	-1457.73	214.2899	1.158858	4.653603	1.895187
30480	-1254.376	-1468.65	214.2737	0.9361216	3.357971	2.3391
30486	-1260.504	-1473.967	213.462	0.9058438	4.347489	2.650096
30492	-1245.652	-1459.408	213.7553	1.015723	2.902488	2.729289
30498	-1253.061	-1467.118	214.057	0.8767096	3.489276	2.481658
30504	-1256.521	-1469.767	213.2461	0.8313325	4.237283	2.849047
30510	-1248.444	-1462.374	213.93	0.937861	3.599034	2.497389
30516	-1254.285	-1468.407	214.1224	0.8550584	3.613798	2.425174
30522	-1261.277	-1475.348	214.0711	0.9418225	3.244299	2.491493
30528	-1247.605	-1461.464	213.8591	0.9044162	3.433003	2.600859
30534	-1246.476	-1460.504	214.0276	1.022132	3.055273	2.51672
30540	-1252.471	-1466.773	214.3021	1.18184	4.181023	1.970527
30546	-1252.647	-1466.063	213.4159	0.9054496	4.185609	2.710457
30552	-1256.246	-1469.955	213.7095	0.8833894	4.066619	2.567025
30558	-1254.283	-1467.756	213.4738	0.8625433	3.301214	2.893243
30564	-1254.993	-1468.236	213.2429	0.7253866	3.297799	3.114826
30570	-1262.017	-1475.687	213.6699	0.7318726	3.188497	2.88087
30576	-1262.563	-1475.024	212.4606	0.6526148	5.136325	3.266235
30582	-1248.954	-1462.238	213.284	0.7496924	3.716572	2.981835
30588	-1255.591	-1468.384	212.7928	0.6479018	3.716572	3.334145
30594	-1254.831	-1467.48	212.6489	0.7365506	4.461125	3.221209
30600	-1254.727	-1469.191	214.4642	0.9379219	2.483057	2.458874
30606	-1252.673	-1466.329	213.6556	0.923416	3.065956	2.803899
30612	-1249.292	-1463.419	214.1274	0.7595516	3.762611	2.448467
30618	-1247.708	-1462.091	214.383	1.088064	3.762611	2.073258
30624	-1259.703	-1473.623	213.9199	0.8916302	4.875098	2.272217
30630	-1251.941	-1465.863	213.9226	0.7974539	3.757169	2.553994
30636	-1244.913	-1459.109	214.1954	1.171895	3.714694	2.152362
30642	-1251.097	-1465.04	213.943	0.8986947	3.206963	2.607271
30648	-1250.81	-1463.927	213.1177	0.7196657	3.569669	3.131078
30654	-1253.868	-1468.322	214.4532	0.8444067	2.872232	2.410518
30660	-1257.473	-1471.324	213.8513	0.8198443	3.439835	2.656313
30666	-1252.143	-1465.883	213.7405	0.9151824	3.21612	2.719544
30672	-1252.743	-1466.396	213.6532	0.7468634	3.905401	2.719544
30678	-1265.259	-1479.195	213.9361	0.9474938	3.024948	2.627793
30684	-1248.534	-1461.727	213.1925	0.994159	4.28101	2.77411
30690	-1252.309	-1465.799	213.4902	0.8060064	3.362116	2.903128
30696	-1255.5	-1469.171	213.6711	0.8950007	3.362116	2.739101
30702	-1247.35	-1461.013	213.6636	0.8615842	4.090408	2.604162
30708	-1259.421	-1472.638	213.2167	0.917503	3.850597	2.892806
30714	-1263.383	-1477.135	213.7515	0.7593096	3.817756	2.670194
30720	-1254.717	-1468.669	213.9525	0.9835091	4.407928	2.281748
30726	-1249.35	-1463.805	214.4548	1.07779	4.647546	1.839166
30732	-1242.998	-1456.489	213.4911	0.7801536	3.549974	2.875157
30738	-1240.859	-1455.125	214.2662	0.9684925	3.871726	2.202587
30744	-1242.883	-1456.804	213.9204	0.8470297	3.747366	2.526676
30750	-1240.048	-1454.483	214.4356	1.014516	3.395825	2.175373
30756	-1242.205	-1455.978	213.7736	0.8931632	3.794258	2.578941
30762	-1242.513	-1456.275	213.7617	1.070955	3.964807	2.438567
30768	-1246.689	-1460.674	213.9856	0.9962845	3.544181	2.438567
30774	-1239.075	-1453.266	214.191	0.9286046	3.818063	2.288629
30780	-1245.931	-1460.639	214.7083	0.9192	3.881316	1.941419
30786	-1239.135	-1452.892	213.7573	0.8213266	4.806552	2.432643
30792	-1247.412	-1462.184	214.7719	1.133436	2.988586	1.984124
30798	-1249.138	-1463.264	214.1268	1.064009	3.813182	2.244051
30804	-1256.787	-1470.832	214.0445	0.7356012	3.769632	2.51383
30810	-1254.743	-1468.222	213.4787	0.7611806	4.265469	2.744621
30816	-1269.683	-1483.396	213.7135	0.9119863	4.480326	2.464335
30822	-1260.543	-1473.665	213.1223	0.7786731	3.408965	3.12924
30828	-1259.035	-1472.314	213.2792	0.6152624	2.874671	3.262973
30834	-1248.646	-1461.679	213.0331	0.8557945	3.549385	3.104865
30840	-1255.338	-1467.172	211.8345	0.5606838	3.625183	3.959356
30846	-1263.278	-1475.373	212.0953	0.7707633	3.625183	3.688475
30852	-1254.443	-1466.936	212.4932	0.7097964	3.496201	3.520578
30858	-1260.218	-1472.758	212.54	0.855248	2.855677	3.560356
30864	-1260.872	-1474.997	214.1257	0.978112	3.005386	2.496118
30870	-1259.768	-1473.501	213.7328	1.035833	4.622704	2.346705
30876	-1258.449	-1473.005	214.5568	1.133519	4.007152	1.869827
30882	-1266.591	-1481.507	214.9162	1.333506	3.520049	1.59774
30888	-1248.798	-1463.317	214.5195	1.028948	3.61633	2.056874
30894	-1249.5	-1462.69	213.1897	0.8830529	3.160209	3.085397
30900	-1257.077	-1470.244	213.167	0.9132386	3.160209	3.080932
30906	-1244.644	-1458.118	213.4737	0.9390789	3.538098	2.791877
30912	-1233.988	-1448.076	214.088	0.94607	3.538098	2.407101
30918	-1238.009	-1452.353	214.3433	0.9874606	3.473134	2.233538
30924	-1256.101	-1470.754	214.6537	1.058713	4.826614	1.676828
30930	-1236.439	-1451.193	214.755	1.038163	4.564962	1.674377
30936	-1238.002	-1452.974	214.9715	1.110336	4.809873	1.40673
30942	-1241.665	-1456.606	214.9403	1.22801	4.809873	1.338668
30948	-1240.789	-1455.715	214.9257	1.22801	3.849549	1.58124
30954	-1250.516	-1465.493	214.9779	1.073943	2.790511	1.94407
30960	-1243.543	-1457.834	214.2909	0.914332	3.627874	2.277298
30966	-1251.815	-1465.596	213.7807	0.9564992	4.549161	2.380712
30972	-1256.973	-1471.467	214.4936	1.063772	3.072389	2.189749
30978	-1245.48	-1458.812	213.3319	0.7815963	2.659027	3.191191
30984	-1248.693	-1461.342	212.6489	0.7864732	3.01804	3.496114
30990	-1243.404	-1456.605	213.2002	0.6945247	3.239232	3.172375
30996	-1258.104	-1471.081	212.977	0.6883924	3.856214	3.172375
31002	-1262.822	-1477.668	214.8455	1.268645	4.608638	1.427548
31008	-1256.756	-1472.142	215.3851	1.40792	3.636623	1.132524
31014	-1246.903	-1462.031	215.128	1.328456	4.662981	1.132524
31020	-1261.219	-1476.362	215.1431	1.2262	4.662981	1.208627
31026	-1249.635	-1464.058	214.4228	1.039853	4.074382	2.008126
31032	-1252.3	-1466.728	214.4285	0.9672895	3.417466	2.205224
31038	-1254.19	-1467.49	213.2994	0.8138503	3.047808	3.08896
31044	-1248.11	-1461.503	213.3926	0.7207237	3.047808	3.08896
31050	-1256.387	-1470.032	213.6451	0.8493577	3.487478	2.753641
31056	-1241.293	-1455.155	213.8618	0.8417715	3.38904	2.648329
31062	-1255.719	-1468.465	212.7455	0.8469818	4.231783	3.141171
31068	-1251.741	-1465.504	213.7629	0.9497943	3.037227	2.72962
31074	-1245.052	-1458.356	213.3042	0.6978066	3.724886	2.999091
31080	-1244.702	-1457.794	213.0918	0.7237183	3.116402	3.248835
31086	-1243.631	-1456.216	212.5844	0.6894667	2.722731	3.665558
31092	-1250.81	-1464.087	213.2773	0.8981802	3.493805	2.94566
31098	-1240.032	-1453.127	213.0951	0.8051419	3.117207	3.198477
31104	-1240.289	-1454.155	213.8659	1.033178	3.682877	2.458719
31110	-1241.953	-1456.303	214.3496	1.023096	3.576805	2.181433
31116	-1253.861	-1467.629	213.7684	0.9761777	3.574859	2.579665
31122	-1253.636	-1467.826	214.1901	1.012866	4.146884	2.163231
31128	-1247.477	-1461.729	214.2516	0.8448789	3.225494	2.443808
31134	-1252.604	-1466.754	214.1493	0.9896368	3.531368	2.342299
31140	-1250.356	-1463.481	213.1254	0.8470876	3.215633	3.131795
31146	-1246.868	-1459.662	212.7938	0.7080366	2.88192	3.491509
31152	-1249.415	-1461.236	211.8216	0.8218081	3.17328	3.916702
31158	-1238.841	-1451.205	212.3639	0.7557083	3.17328	3.642268
31164	-1237.765	-1451.149	213.3842	0.9130899	4.09992	2.742375
31170	-1248.487	-1461.408	212.9201	0.8750483	3.590867	3.151546
31176	-1252.041	-1465.738	213.6964	0.6975934	3.132229	2.899426
31182	-1251.392	-1465.154	213.763	0.7065086	3.132229	2.853745
31188	-1248.379	-1460.542	212.1629	0.6695924	4.157382	3.601649
31194	-1248.242	-1460.827	212.5844	0.7129671	3.430464	3.480017
31200	-1244.95	-1458.285	213.3355	0.6500899	2.845795	3.216617
31206	-1238.559	-1451.725	213.1652	0.6963442	4.128115	3.000595
31212	-1247.05	-1459.796	212.7458	0.7395538	4.17454	3.215764
31218	-1244.75	-1458.931	214.1814	0.6651528	3.549395	2.522093
31224	-1240.069	-1453.986	213.9172	0.9080694	4.196592	2.394812
31230	-1240.236	-1454.009	213.7731	0.8311914	3.932364	2.58804
31236	-1257.172	-1471.135	213.9625	0.9662157	3.492725	2.483965
31242	-1247.924	-1463.14	215.2162	1.111407	3.173	1.639141
31248	-1249.916	-1464.793	214.877	1.111407	3.691623	1.739482
31254	-1253.945	-1467.806	213.8611	0.9277113	3.662717	2.532224
31260	-1269.528	-1483.321	213.7935	0.8208768	3.058746	2.784193
31266	-1244.971	-1459.106	214.1345	0.8549596	4.208494	2.287991
31272	-1259.78	-1473.499	213.7192	0.8700339	4.094415	2.563607
31278	-1250.937	-1464.689	213.7521	0.8574362	2.327164	2.992949
31284	-1247.808	-1461.207	213.3984	0.6574549	3.68478	2.975332
31290	-1251.468	-1466.198	214.7298	1.122219	4.2291	1.706864
31296	-1267.272	-1482.824	215.5522	1.21796	3.100936	1.326967
31302	-1237.89	-1450.984	213.0942	0.7733363	3.808467	3.061884
31308	-1247.252	-1461.353	214.101	0.7707543	4.31691	2.340943
31314	-1277.154	-1492.021	214.8664	1.233619	5.148672	1.316975
31320	-1279.324	-1493.975	214.6511	1.009298	4.407902	1.801363
31326	-1269.07	-1482.304	213.2336	1.057516	3.918051	2.783428
31332	-1237.236	-1451.442	214.2064	0.9823125	4.700828	2.0599
31338	-1248.885	-1463.004	214.1191	1.139782	4.700828	2.013387
31344	-1258.637	-1473.383	214.7462	1.110469	3.887191	1.783392
31350	-1263.961	-1478.146	214.1852	1.065021	2.982549	2.410265
31356	-1246.956	-1461.156	214.2001	1.020537	2.982549	2.428867
31362	-1254.93	-1469.38	214.4495	1.106923	3.900825	1.984649
31368	-1263.128	-1478.163	215.0353	1.229039	3.382905	1.624861
31374	-1253.568	-1468.144	214.5767	1.201257	4.400584	1.720852
31380	-1263.992	-1479.358	215.3659	1.405972	3.188882	1.296524
31386	-1257.008	-1472.498	215.4902	1.443065	3.543676	1.033944
31392	-1253.716	-1466.716	212.9996	0.8635859	4.223954	2.980935
31398	-1243.542	-1456.976	213.4344	0.9031596	3.17551	2.922863
31404	-1240.019	-1453.54	213.521	0.7837331	3.17551	2.942623
31410	-1244.611	-1458.115	213.5032	0.7129765	3.17551	2.995879
31416	-1247.875	-1461.522	213.6474	0.7960597	3.582702	2.763126
31422	-1249.726	-1464.905	215.1794	1.660281	4.323997	0.8484151
31428	-1245.392	-1460.628	215.2368	1.660281	4.547178	0.6584266
31434	-1266.866	-1481.014	214.1485	1.060323	3.118983	2.400266
31440	-1260.051	-1474.144	214.0933	0.8829159	3.726833	2.400266
31446	-1262.054	-1476.101	214.047	0.928526	2.857493	2.615657
31452	-1256.539	-1471.807	215.2682	1.681145	4.034772	0.8289637
31458	-1257.149	-1472.397	215.2477	1.681145	3.678059	0.9896935
31464	-1253.564	-1468.135	214.5712	1.066365	4.05107	1.895742
31470	-1243.907	-1458.866	214.9591	1.503949	3.727576	1.379895
31476	-1248.449	-1463.192	214.7432	1.271959	3.727576	1.711531
31482	-1259.885	-1474.814	214.9288	1.267926	2.640541	1.892745
31488	-1254.59	-1469.397	214.8067	0.9656641	3.69134	1.888655
31494	-1253.425	-1467.913	214.4883	0.9961518	4.378684	1.927815
31500	-1256.407	-1469.85	213.4431	0.7141777	3.910642	2.866319
31506	-1256.675	-1469.821	213.1455	0.7773038	4.644924	2.866319
31512	-1262.394	-1475.831	213.4373	0.9264072	3.066794	2.934036
31518	-1254.46	-1467.469	213.0094	0.727848	3.268026	3.258815
31524	-1253.941	-1467.357	213.4163	0.7756155	3.408474	2.955259
31530	-1239.255	-1452.217	212.9616	0.7184031	3.703335	3.195674
31536	-1243.713	-1457.205	213.4924	0.8162388	4.303324	2.695088
31542	-1248.935	-1463.175	214.2392	1.124595	3.504231	2.204613
31548	-1237.775	-1451.936	214.1601	0.8523303	4.379037	2.238439
31554	-1245.961	-1460.274	214.313	1.087911	3.391221	2.208366
31560	-1253.837	-1468.653	214.8156	1.239456	3.678795	1.695695
31566	-1267.011	-1481.409	214.398	1.279263	3.880322	1.908086
31572	-1256.483	-1469.824	213.3415	0.8398939	4.016077	2.829993
31578	-1265.38	-1478.598	213.2181	0.7569086	2.736266	3.252051
31584	-1262.235	-1476.42	214.1845	1.126438	3.86499	2.154678
31590	-1273.795	-1488.093	214.2972	0.8604401	2.92755	2.48327
31596	-1257.443	-1470.178	212.7349	0.9238255	2.97441	3.37627
31602	-1250.793	-1465.682	214.8882	1.290194	4.219598	1.470827
31608	-1263.943	-1478.441	214.4973	1.343849	3.912632	1.788067
31614	-1254.516	-1469.551	215.0355	1.144457	3.572207	1.634236
31620	-1252.317	-1466.854	214.5369	0.9599305	4.571045	1.879354
31626	-1246.346	-1460.822	214.476	1.173921	4.054485	1.886582
31632	-1247.796	-1462.346	214.55	1.052714	4.755716	1.768592
31638	-1246.808	-1461.017	214.2096	1.209169	3.698966	2.122447
31644	-1249.689	-1463.883	214.1946	0.9558997	4.457816	2.133086
31650	-1256.436	-1470.825	214.3891	0.9685859	3.513273	2.206394
31656	-1264.522	-1479.382	214.8593	1.168001	3.752774	1.696634
31662	-1255.077	-1469.645	214.5678	1.22538	4.746378	1.635662
31668	-1249.222	-1464.352	215.1296	1.292923	3.541975	1.463331
31674	-1245.287	-1460.466	215.179	1.415058	4.042411	1.183214
31680	-1248.747	-1463.814	215.0666	1.473538	3.926369	1.262046
31686	-1251.007	-1466.08	215.0727	1.235085	3.932286	1.444834
31692	-1250.846	-1465.377	214.5314	1.225305	3.357455	1.98328
31698	-1250.077	-1464.391	214.3138	1.047739	3.932481	2.106405
31704	-1253.447	-1468.157	214.7103	1.215239	3.760723	1.766219
31710	-1253.758	-1467.762	214.0039	1.190248	3.760723	2.253759
31716	-1255.198	-1468.813	213.6154	0.922792	3.462899	2.732585
31722	-1268.357	-1482.101	213.7443	0.9644611	3.203378	2.690109
31728	-1268.012	-1481.98	213.9683	1.030373	3.660908	2.401048
31734	-1261.422	-1474.421	212.9994	0.9886158	3.864128	2.978053
31740	-1257.115	-1470.433	213.3179	0.6862738	3.960709	2.948458
31746	-1254.424	-1468.203	213.7785	1.011272	3.960709	2.466374
31752	-1251.734	-1464.59	212.856	0.7188562	3.220406	3.365661
31758	-1254.997	-1468.79	213.7936	0.8379539	3.076335	2.769231
31764	-1264.265	-1477.267	213.0019	0.878867	3.970202	3.020668
31770	-1261.998	-1475.99	213.9925	0.8973178	3.970202	2.401382
31776	-1255.432	-1469.716	214.2847	0.8902607	4.072492	2.197247
31782	-1253.749	-1467.785	214.0367	0.918694	3.428958	2.482425
31788	-1254.824	-1468.133	213.3093	0.94493	3.582241	2.87823
31794	-1268.67	-1483.862	215.1928	1.244661	3.618723	1.430271
31800	-1253.826	-1467.435	213.6086	1.138293	3.417972	2.614718
31806	-1248.052	-1463.363	215.3108	1.391333	2.594405	1.55163
31812	-1246.312	-1461.271	214.9585	1.316036	3.816871	1.500199
31818	-1259.67	-1474.234	214.5646	1.13738	4.423604	1.76913
31824	-1247.745	-1462.554	214.8088	1.304053	5.326013	1.267463
31830	-1253.753	-1468.564	214.8107	1.347457	4.191816	1.492862
31836	-1251.863	-1466.511	214.6481	1.093482	4.266343	1.775963
31842	-1244.56	-1459.465	214.9046	1.280144	3.853158	1.557548
31848	-1247.591	-1462.416	214.8258	1.25691	3.995395	1.596652
31854	-1254.336	-1468.773	214.4366	1.064511	4.162961	1.962951
31860	-1250.497	-1464.28	213.7827	0.8477157	4.518556	2.453872
31866	-1254.754	-1468.929	214.175	0.867568	4.433016	2.208223
31872	-1236.935	-1451.476	214.5417	1.056198	3.412299	2.074619
31878	-1239.271	-1453.574	214.3027	1.032887	4.155136	2.074619
31884	-1252.958	-1466.073	213.1144	0.9320348	3.316522	3.063811
31890	-1245.745	-1459.15	213.4051	0.6922917	4.175285	2.849091
31896	-1243.689	-1457.276	213.5878	0.5941398	3.826228	2.869082
31902	-1256.976	-1471.557	214.5814	1.011108	3.694329	2.008903
31908	-1260.058	-1473.274	213.2155	1.023113	3.888826	2.821493
31914	-1243.897	-1456.986	213.0892	0.5737213	3.119887	3.337915
31920	-1237.521	-1450.548	213.0267	0.7542359	3.142347	3.262962
31926	-1243.737	-1457.024	213.2866	0.8554275	3.410143	2.984814
31932	-1264.388	-1478.413	214.0242	1.038508	3.500232	2.397959
31938	-1255.62	-1469.032	213.4123	0.8722592	4.14729	2.740651
31944	-1249.332	-1463.255	213.9228	0.8722592	4.958058	2.267655
31950	-1240.981	-1455.148	214.1671	1.049974	3.11596	2.39586
31956	-1255.652	-1470.554	214.9014	1.182578	3.514715	1.717864
31962	-1252.775	-1465.821	213.0461	0.8060231	3.817441	3.069224
31968	-1238.248	-1452.721	214.473	1.00432	3.444639	2.145567
31974	-1261.087	-1475.573	214.4865	1.211872	3.346109	2.025046
31980	-1258.568	-1472.747	214.1787	0.922101	4.336302	2.190071
31986	-1249.553	-1464.474	214.9209	0.9315565	3.467681	1.89026
31992	-1250.762	-1465.465	214.7029	1.149553	3.467681	1.89026
31998	-1247.399	-1461.394	213.9948	0.9527146	3.35058	2.506184
32004	-1247.752	-1462.141	214.3885	1.015825	3.35058	2.216349
32010	-1246.711	-1461.041	214.3295	1.003366	3.985721	2.113352
32016	-1250.919	-1465.266	214.3478	0.8980855	3.868537	2.196103
32022	-1241.663	-1455.619	213.9567	0.9248362	4.594831	2.280027
32028	-1252.173	-1466.381	214.2085	1.027491	4.594831	2.049493
32034	-1249.656	-1464.093	214.4368	1.099403	4.001153	1.9753
32040	-1252.636	-1467.51	214.8746	1.068949	2.905879	1.982436
32046	-1253.963	-1468.73	214.7663	1.216696	3.977217	1.672906
32052	-1243.224	-1458.142	214.9183	1.376669	3.847512	1.476779
32058	-1244.559	-1459.153	214.5941	1.219783	2.931274	2.061194
32064	-1247.252	-1461.829	214.5765	1.276228	4.028943	1.752549
32070	-1242.263	-1457.271	215.0075	1.223883	3.019258	1.752549
32076	-1243.173	-1458.082	214.9088	1.089369	4.979117	1.434012
32082	-1239.322	-1454.431	215.1088	1.259166	3.049517	1.646742
32088	-1249.945	-1464.761	214.816	1.351888	3.708978	1.606984
32094	-1265.163	-1478.967	213.8037	1.06438	4.354227	2.33581
32100	-1261.191	-1475.703	214.5118	1.008992	4.257147	1.929256
32106	-1255.897	-1470.154	214.2572	0.9384846	4.619371	2.071259
32112	-1242.58	-1455.976	213.3965	0.8961224	3.39817	2.896874
32118	-1236.017	-1449.428	213.4115	0.7731681	3.39817	2.961976
32124	-1245.505	-1459.046	213.5406	0.6668744	3.339244	2.961976
32130	-1246.841	-1460.11	213.2686	0.7055265	4.334564	2.892853
32136	-1242.523	-1456.467	213.9449	0.9168673	4.467093	2.317522
32142	-1252.412	-1465.941	213.5297	0.9244946	4.37001	2.592423
32148	-1253.828	-1467.561	213.733	1.103161	4.737753	2.281927
32154	-1262.353	-1477.728	215.3752	1.761901	3.67529	0.7421761
32160	-1253.627	-1468.498	214.8705	1.296809	2.986524	1.806757
32166	-1255.261	-1469.662	214.4012	1.201796	3.097951	2.15325
32172	-1249.743	-1463.29	213.5474	1.031807	2.751074	2.887023
32178	-1247.86	-1462.084	214.224	1.043995	3.466618	2.275432
32184	-1255.936	-1469.923	213.9866	1.089986	2.584221	2.630827
32190	-1250.966	-1464.37	213.4034	0.7739562	2.861522	3.098519
32196	-1238.325	-1451.489	213.1632	0.6793801	3.705565	3.098519
32202	-1245.067	-1457.871	212.8042	0.9631312	3.920719	3.098519
32208	-1243.86	-1456.873	213.0135	0.8503052	3.646693	3.098519
32214	-1238.846	-1452.338	213.4918	0.8286032	3.759408	2.799279
32220	-1235.669	-1449.052	213.3835	0.7428878	4.0759	2.851259
32226	-1241.727	-1455.605	213.8775	0.8667041	4.202192	2.44477
32232	-1251.289	-1464.56	213.2704	0.6967093	4.150128	2.932797
32238	-1261.944	-1475.032	213.0877	0.7883359	2.919199	3.262318
32244	-1259.771	-1473.793	214.0219	0.8421615	3.192207	2.597116
32250	-1246.818	-1460.925	214.1065	0.9415412	3.550722	2.395337
32256	-1264.186	-1478.671	214.4846	1.103617	3.75806	1.996623
32262	-1251.092	-1465.654	214.5619	1.073803	3.508483	2.025514
32268	-1260.014	-1474.813	214.7991	1.074272	3.514657	1.863965
32274	-1261.433	-1476.158	214.7244	1.015531	3.978348	1.842489
32280	-1253.575	-1468.363	214.7876	1.03626	4.158297	1.742886
32286	-1251.552	-1466.111	214.5591	1.270385	3.639447	1.862529
32292	-1259.503	-1474.068	214.5645	1.191722	3.395723	1.973726
32298	-1257.025	-1470.284	213.2588	0.9690912	3.518276	2.908509
32304	-1250.246	-1464.531	214.2852	1.004198	3.565909	2.237854
32310	-1252.323	-1466.804	214.4809	1.157462	4.385721	1.821358
32316	-1240.489	-1455.008	214.5192	1.128289	4.356494	1.821358
32322	-1243.192	-1457.76	214.5673	1.011656	4.998529	1.7366
32328	-1252.876	-1466.578	213.702	0.7553744	3.303265	2.819385
32334	-1257.157	-1470.824	213.6672	0.8917509	3.450796	2.722676
32340	-1255.964	-1469.698	213.7342	0.9937478	3.028047	2.722676
32346	-1241.171	-1454.96	213.789	0.9620597	3.682699	2.551262
32352	-1252.029	-1466.461	214.4322	0.9738161	3.140211	2.269227
32358	-1239.751	-1453.341	213.5903	0.8903716	3.981675	2.65404
32364	-1247.547	-1461.141	213.594	0.8111986	3.63325	2.775161
32370	-1252.488	-1465.414	212.9261	0.9209791	3.63325	3.111455
32376	-1250.424	-1463.656	213.2313	0.7792793	3.585398	3.02421
32382	-1265.216	-1478.889	213.6732	0.8063711	3.286079	2.809992
32388	-1265.55	-1479.757	214.2073	0.9048933	2.498525	2.634526
32394	-1256.554	-1470.904	214.3492	0.892747	3.631185	2.252952
32400	-1267.373	-1481.513	214.1401	0.7756843	3.0731	2.595378
32406	-1259.564	-1473.001	213.4361	0.7668671	3.696232	2.884197
32412	-1252.036	-1466.11	214.0738	0.8668774	4.723171	2.21751
32418	-1247.059	-1460.695	213.636	1.055571	3.847442	2.552009
32424	-1240.458	-1453.49	213.0321	1.033608	3.847442	2.934818
32430	-1247.41	-1461.365	213.9548	1.120794	4.072379	2.26136
32436	-1245.849	-1460.008	214.1594	1.041292	3.709309	2.26136
32442	-1251.665	-1464.72	213.0548	0.8237508	3.892012	3.037948
32448	-1238.107	-1451.056	212.949	0.7409871	3.945841	3.139452
32454	-1243.527	-1457.286	213.7592	0.8720487	3.945841	2.568427
32460	-1260.491	-1473.364	212.8728	0.7031042	3.710978	3.255643
32466	-1252.113	-1465.906	213.793	0.7631796	3.762304	2.654295
32472	-1240.461	-1454.925	214.4641	1.056057	3.958946	1.995617
32478	-1239.133	-1454.297	215.1635	1.193456	3.282706	1.585974
32484	-1242.145	-1457.315	215.1705	1.284492	3.282706	1.513667
32490	-1245.834	-1460.887	215.0528	1.469027	3.889548	1.287491
32496	-1244.09	-1458.067	213.9776	1.182486	3.889548	2.246774
32502	-1260.835	-1472.882	212.0468	0.6800664	3.194153	3.864009
32508	-1246.26	-1459.047	212.7876	0.7609794	2.806052	3.483895
32514	-1244.635	-1458.521	213.8859	0.9001179	4.154352	2.428231
32520	-1240.977	-1455.234	214.2567	0.9529728	3.27672	2.359461
32526	-1238.618	-1452.05	213.4323	0.9245154	3.988096	2.728796
32532	-1242.535	-1456.26	213.7245	0.725459	4.524144	2.565525
32538	-1255.348	-1468.908	213.56	0.9616088	4.524144	2.52093
32544	-1260.722	-1475.32	214.5978	1.160895	3.897381	1.848548
32550	-1265.196	-1480.263	215.0672	1.400286	3.774656	1.363268
32556	-1254.433	-1469.433	215.0003	1.27733	4.635309	1.291907
32562	-1256.095	-1470.884	214.7899	1.420321	3.168902	1.72383
32568	-1252.772	-1467.303	214.5311	1.114531	4.065331	1.887017
32574	-1251.843	-1465.609	213.7661	0.944128	4.574523	2.39294
32580	-1246.887	-1460.769	213.8821	0.916839	3.885305	2.476833
32586	-1251.153	-1464.931	213.7776	0.9746055	3.495955	2.59311
32592	-1272.017	-1485.302	213.2854	0.9064176	2.721398	3.127521
32598	-1265.687	-1479.116	213.4285	0.6919575	2.64233	3.191712
32604	-1251.249	-1464.559	213.3099	0.624055	5.23298	2.758121
32610	-1234.942	-1448.587	213.6456	0.840939	3.926429	2.661978
32616	-1252.177	-1465.603	213.4263	1.21905	3.747958	2.602366
32622	-1241.549	-1455.554	214.005	1.084296	3.979156	2.272587
32628	-1242.018	-1455.937	213.9197	0.9006184	2.980749	2.67831
32634	-1237.286	-1450.989	213.7034	0.9238419	3.016889	2.787103
32640	-1246.045	-1459.772	213.7274	0.9347655	3.071056	2.751879
32646	-1238.432	-1451.645	213.2125	0.8861742	3.363315	3.021701
32652	-1255.851	-1469.619	213.7687	0.8525415	3.53853	2.664183
32658	-1250.432	-1464.342	213.9108	0.9213634	4.874331	2.259111
32664	-1242.422	-1456.704	214.2825	0.9809096	3.431656	2.286837
32670	-1243.658	-1457.322	213.6639	0.8348291	3.731999	2.696191
32676	-1239.331	-1453.765	214.4339	1.02694	3.708777	2.092571
32682	-1248.468	-1462.783	214.3146	0.9693378	4.291238	2.079815
32688	-1259.477	-1473.544	214.0672	0.9344153	3.936991	2.337737
32694	-1246.243	-1460.49	214.247	0.9490216	3.39926	2.337737
32700	-1244.737	-1457.683	212.9459	0.853344	3.950004	3.073497
32706	-1246.032	-1459.458	213.4268	0.7725921	3.495007	2.930977
32712	-1252.634	-1466.018	213.3837	0.6988285	4.731585	2.753565
32718	-1250.657	-1464.401	213.7435	0.8546446	4.387034	2.499503
32724	-1241.973	-1456.016	214.0434	0.9998616	3.011903	2.532136
32730	-1254.668	-1469.034	214.3658	0.913862	3.309896	2.306569
32736	-1246.777	-1460.898	214.121	0.9968715	3.743461	2.306569
32742	-1245.454	-1458.763	213.3092	0.8660218	3.793423	2.880103
32748	-1244.419	-1457.182	212.7633	0.8690353	3.438742	3.281639
32754	-1249.169	-1462.433	213.2644	0.6124751	3.438742	3.136772
32760	-1259.173	-1473.686	214.5131	1.083597	3.316559	2.099798
32766	-1257.227	-1471.781	214.5536	1.027414	3.316559	2.110055
32772	-1253.744	-1467.65	213.9056	0.8568391	2.906284	2.733526
32778	-1235.832	-1449.431	213.5993	0.8481895	3.306219	2.824726
32784	-1236.281	-1450.161	213.8802	0.9206774	3.464621	2.570311
32790	-1237.736	-1451.704	213.9675	1.087467	2.843224	2.570311
32796	-1240.574	-1453.966	213.3922	0.9846675	3.745831	2.76778
32802	-1245.438	-1459.496	214.0584	0.9314007	3.295153	2.493329
32808	-1239.575	-1453.78	214.2054	0.9993884	3.321385	2.351348
32814	-1251.47	-1465.027	213.557	0.8633327	3.78664	2.732371
32820	-1256.405	-1471.118	214.7134	1.163612	4.444486	1.640674
32826	-1255.4	-1470.515	215.1148	1.190168	3.206827	1.645558
32832	-1247.403	-1462.375	214.9722	1.126948	3.120712	1.815002
32838	-1250.509	-1465.147	214.6381	0.9806022	3.460876	2.048656
32844	-1256.061	-1470.465	214.4036	1.143827	4.52422	1.854494
32850	-1248.823	-1462.647	213.8237	0.9222885	4.477492	2.38895
32856	-1257.351	-1472.385	215.0337	1.136683	3.161491	1.753926
32862	-1257.924	-1472.391	214.4667	1.114952	3.811554	1.988477
32868	-1243.96	-1458.883	214.9227	1.054067	3.651788	1.75767
32874	-1258.306	-1472.178	213.8723	0.9884866	3.843026	2.447183
32880	-1261.269	-1475.158	213.8889	0.9569787	3.886034	2.447183
32886	-1266.923	-1480.636	213.7129	1.053197	3.519417	2.579061
32892	-1260.796	-1475.3	214.5038	1.173105	3.833378	1.91931
32898	-1256.098	-1470.076	213.9773	0.9658788	3.857089	2.392169
32904	-1257.528	-1472.424	214.8958	1.193833	3.960602	1.600164
32910	-1248.267	-1462.956	214.6898	1.193833	3.185037	1.943972
32916	-1267.088	-1482.295	215.2066	1.124226	3.185037	1.633324
32922	-1245.445	-1460.801	215.3554	1.551362	3.615083	1.03412
32928	-1240.27	-1455.523	215.2534	1.306293	3.609564	1.337225
32934	-1246.181	-1461.272	215.0906	1.377706	4.710191	1.109215
32940	-1239.516	-1454.374	214.8587	1.324562	3.914458	1.543016
32946	-1242.624	-1457.546	214.922	1.093523	3.293379	1.824709
32952	-1251.583	-1466.477	214.8941	1.1918	3.676865	1.674285
32958	-1250.055	-1465.513	215.4579	1.407348	3.428778	1.137178
32964	-1249.768	-1464.953	215.1856	1.351681	3.394352	1.418115
32970	-1254.126	-1469.489	215.3627	1.46733	3.253035	1.227024
32976	-1254.789	-1470.309	215.5201	1.432829	2.970959	1.221568
32982	-1249.713	-1465.407	215.6943	1.482953	2.767252	1.103435
32988	-1258.091	-1473.39	215.2987	1.846503	3.639911	0.749329
32994	-1239.978	-1454.058	214.0799	0.7813107	3.871101	2.440795
33000	-1247.044	-1460.863	213.8184	0.9040817	4.509465	2.397654
33006	-1246.691	-1460.623	213.9328	0.8567794	3.450497	2.580614
33012	-1246.986	-1460.629	213.6434	0.917722	3.452471	2.720915
33018	-1243.628	-1456.794	213.1654	0.933079	3.007165	3.108019
33024	-1237.605	-1450.667	213.0614	0.6804162	3.035844	3.312056
33030	-1250.909	-1463.628	212.7186	0.7333685	3.790649	3.312056
33036	-1240.874	-1453.94	213.0664	0.8777748	3.090136	3.179082
33042	-1229.665	-1442.855	213.19	0.5901573	3.506219	3.179082
33048	-1234.501	-1447.987	213.4854	0.800834	3.506219	2.875978
33054	-1239.54	-1452.872	213.3318	0.6774221	3.506219	3.042656
33060	-1237.472	-1450.583	213.111	0.7668685	3.064907	3.224552
33066	-1256.372	-1470.043	213.6707	0.8664162	3.46637	2.732436
33072	-1258.453	-1473.938	215.4856	1.718585	3.424805	0.7798882
33078	-1255.931	-1471.224	215.2929	1.718585	3.802771	0.8503629
33084	-1243.02	-1456.303	213.2836	0.7904128	4.175914	2.863111
33090	-1248.863	-1464.611	215.7487	1.774138	2.814011	0.6726338
33096	-1257.58	-1473.015	215.4359	1.759208	3.434938	0.7871115
33102	-1253.532	-1468.653	215.1203	1.625807	4.067201	1.037309
33108	-1258.281	-1473.635	215.3545	1.454188	2.933623	1.352755
33114	-1244.445	-1459.192	214.7469	1.239786	3.238556	1.859453
33120	-1248.495	-1463.721	215.2262	1.409145	2.661651	1.577351
33126	-1240.504	-1456.11	215.6054	1.384393	3.132466	1.130634
33132	-1238.716	-1454.385	215.6684	1.523663	3.132466	0.9339385
33138	-1239.836	-1455.312	215.4756	1.437504	2.872047	1.29035
33144	-1257.15	-1472.61	215.4597	1.660894	3.718409	0.7437473
33150	-1255.826	-1470.875	215.049	1.755505	4.659781	0.758598
33156	-1251.789	-1467.01	215.2206	1.755505	4.110897	0.758598
33162	-1252.14	-1467.249	215.1094	1.593192	5.101277	0.7209625
33168	-1253.254	-1468.684	215.4306	1.373981	4.271402	0.9085107
33174	-1245.868	-1460.887	215.0197	1.193806	3.804283	1.548893
33180	-1249.291	-1464.031	214.7397	1.080216	3.963329	1.790841
33186	-1261.385	-1475.342	213.9568	0.9426015	3.857414	2.419744
33192	-1251.854	-1465.776	213.9226	0.8981302	4.310433	2.374615
33198	-1240.352	-1453.994	213.6419	0.9474361	3.948112	2.593977
33204	-1246.163	-1460.018	213.855	0.806557	4.778295	2.385479
33210	-1240.836	-1455.152	214.3158	0.9960199	3.412122	2.260633
33216	-1251.456	-1465.423	213.9666	1.150891	4.135891	2.220912
33222	-1252.823	-1467.001	214.178	1.053197	3.213374	2.361787
33228	-1247.653	-1460.835	213.1818	0.8359125	4.67406	2.803441
33234	-1255.998	-1468.714	212.716	0.8891954	3.519698	3.279633
33240	-1243.342	-1456.138	212.7957	0.7998636	3.519698	3.285298
33246	-1246.138	-1459.564	213.4264	0.9323155	5.034444	2.529832
33252	-1244.522	-1458.338	213.8155	1.023084	5.034444	2.225855
33258	-1250.602	-1464.378	213.7756	0.909818	5.60897	2.225855
33264	-1254.516	-1468.639	214.1223	1.051388	4.526325	2.104229
33270	-1260.421	-1474.904	214.4832	1.040124	5.634694	1.655676
33276	-1254.056	-1468.557	214.5017	1.101452	5.432158	1.635879
33282	-1256.923	-1470.769	213.847	0.8711417	5.670724	2.194607
33288	-1257.348	-1471.553	214.2048	0.8987709	4.221325	2.211959
33294	-1254.293	-1468.136	213.8428	0.9113549	4.221325	2.434615
33300	-1260.527	-1473.405	212.8773	0.680186	3.427847	3.328177
33306	-1260.633	-1473.863	213.2302	0.7890224	2.660391	3.246618
33312	-1258.506	-1471.887	213.3808	0.7600489	2.774189	3.143539
33318	-1252.027	-1465.229	213.2022	0.6338841	3.085843	3.244156
33324	-1246.565	-1460.855	214.2893	1.041956	3.485152	2.230266
33330	-1271	-1483.757	212.7565	0.8715078	4.144027	3.136971
33336	-1259.53	-1472.772	213.2419	0.7378009	2.732977	3.250175
33342	-1256.022	-1469.836	213.8139	0.7429497	3.725446	2.661905
33348	-1275.23	-1489.55	214.3204	0.9322062	3.725446	2.224209
33354	-1253.129	-1466.206	213.0769	0.9753774	3.725446	2.968765
33360	-1246.33	-1459.115	212.7846	0.7945888	3.725446	3.250648
33366	-1254.432	-1467.764	213.332	0.7895188	3.240105	3.036997
33372	-1259.446	-1472.896	213.4495	0.8758562	3.033004	2.96569
33378	-1256.179	-1470.32	214.1414	0.8095676	3.125402	2.560119
33384	-1251.184	-1465.118	213.9335	0.9384791	3.322248	2.560119
33390	-1255.154	-1469.78	214.626	1.022929	3.790459	1.948335
33396	-1257.976	-1472.655	214.6791	1.160478	3.854845	1.803027
33402	-1269.368	-1482.167	212.7994	0.9000179	2.845618	3.385263
33408	-1262.063	-1474.928	212.8653	0.7737298	2.984596	3.385263
33414	-1261.873	-1476.536	214.6632	1.068071	3.653008	1.92587
33420	-1258.543	-1471.902	213.3594	0.8588408	4.537701	2.70598
33426	-1251.181	-1465.17	213.9891	0.7989743	4.248331	2.407786
33432	-1255.286	-1469.689	214.4034	0.8604121	3.76958	2.206849
33438	-1250.272	-1463.874	213.6019	0.9149406	3.690615	2.694185
33444	-1248.668	-1462.364	213.6955	1.01029	3.194309	2.694185
33450	-1257.273	-1470.39	213.1178	0.9016351	4.609031	2.814187
33456	-1257.43	-1471.453	214.0233	0.9947622	3.23523	2.490529
33462	-1270.251	-1484.5	214.2488	1.026608	3.273365	2.318475
33468	-1256.09	-1469.986	213.896	0.9554923	2.959354	2.664766
33474	-1247.203	-1460.742	213.5393	0.9600247	3.595544	2.726113
33480	-1239.636	-1453.573	213.9365	0.7554841	3.945856	2.530682
33486	-1239.082	-1452.173	213.091	0.715843	4.391871	2.982779
33492	-1238.986	-1452.544	213.5582	0.8036932	3.689619	2.789151
33498	-1250.191	-1463.912	213.7216	0.7763741	3.326375	2.789151
33504	-1253.984	-1468.139	214.1547	0.8325741	3.438039	2.460282
33510	-1249.133	-1463.82	214.6867	1.072392	3.438039	1.960932
33516	-1246.63	-1460.359	213.7289	0.7952399	4.247356	2.573135
33522	-1253.001	-1467.051	214.0501	0.7881203	3.355281	2.573135
33528	-1241.423	-1456.267	214.8438	1.189699	3.498464	1.757551
33534	-1245.221	-1460.4	215.1789	1.087405	3.707125	1.535316
33540	-1246.515	-1461.881	215.3667	1.40727	3.775424	1.104831
33546	-1241.327	-1456.993	215.6666	1.476729	2.932937	1.066842
33552	-1246.552	-1461.979	215.427	1.321279	3.968089	1.066842
33558	-1237.693	-1453.232	215.5384	1.434159	3.332394	1.073113
33564	-1253.69	-1469.149	215.4584	1.360091	3.169682	1.264688
33570	-1247.396	-1462.555	215.1592	1.401739	3.225053	1.451044
33576	-1248.717	-1463.967	215.25	1.351115	3.225053	1.420182
33582	-1266.817	-1482.553	215.7352	1.5556	2.673424	1.037278
33588	-1251.512	-1466.345	214.8329	1.209552	4.605727	1.482811
33594	-1245.001	-1460.087	215.0864	1.222126	3.785989	1.482811
33600	-1249.657	-1464.694	215.0375	1.280183	3.785588	1.475972
33606	-1256.992	-1472.142	215.1507	1.297452	3.092124	1.575705
33612	-1263.549	-1476.132	212.5834	0.7608422	3.347955	3.471211
33618	-1266.509	-1480.04	213.5308	0.7670934	2.283932	3.192344
33624	-1270.494	-1485.113	214.6188	0.9840125	3.979073	1.935592
33630	-1272.098	-1485.532	213.4341	1.000684	3.144297	2.871771
33636	-1269.957	-1484.869	214.9127	1.171675	2.773252	1.927394
33642	-1264.73	-1479.128	214.3976	0.9324227	4.686954	1.968634
33648	-1257.92	-1471.088	213.1683	1.010011	3.955193	2.84434
33654	-1272.849	-1486.623	213.7741	1.064267	4.404456	2.344731
33660	-1258.301	-1471.968	213.6672	0.9899032	3.728865	2.599294
33666	-1247.673	-1461.415	213.7419	0.9003807	3.728865	2.608423
33672	-1255.6	-1468.933	213.3329	0.8692983	4.027365	2.815028
33678	-1252.861	-1466.709	213.8475	0.8664534	4.191384	2.465948
33684	-1257.562	-1471.18	213.6178	0.8859817	3.833937	2.671039
33690	-1246.879	-1460.613	213.7341	0.7481432	4.309957	2.586761
33696	-1249.049	-1462.73	213.681	0.7364682	4.076645	2.6734
33702	-1251.147	-1466.04	214.8928	1.294424	3.568386	1.630016
33708	-1251.075	-1466.117	215.0423	1.283243	3.811953	1.462983
33714	-1254.909	-1469.936	215.0267	1.283243	3.629899	1.523606
33720	-1266.317	-1480.705	214.3878	0.9973112	4.219699	2.028057
33726	-1266.531	-1480.668	214.1375	0.8260135	5.047162	2.142552
33732	-1248.823	-1462.932	214.109	1.090496	4.86576	2.020972
33738	-1241.753	-1456.038	214.2842	1.090496	3.626862	2.168174
33744	-1238.637	-1452.755	214.1177	1.002898	4.399945	2.16426
33750	-1241.673	-1455.49	213.817	0.77775	3.994764	2.580837
33756	-1235.45	-1448.993	213.5435	0.8144567	3.973959	2.731001
33762	-1239.135	-1452.5	213.3651	0.8436215	3.973959	2.822048
33768	-1246.915	-1460.662	213.7475	0.9121417	4.305872	2.476995
33774	-1247.4	-1460.495	213.095	0.628549	3.931271	3.122427
33780	-1241.041	-1454.312	213.271	0.7867441	3.239861	3.075201
33786	-1237.744	-1450.846	213.1023	0.5819479	3.775293	3.177995
33792	-1238.097	-1450.507	212.4102	0.3901192	3.168198	3.827834
33798	-1246.269	-1458.785	212.5162	0.7795635	3.161766	3.542716
33804	-1239.802	-1453.283	213.4807	0.7606955	3.421319	2.92247
33810	-1243.765	-1457.57	213.8043	0.7982136	2.841347	2.848311
33816	-1242.759	-1455.924	213.1643	0.870003	3.119794	3.118192
33822	-1245.376	-1458.359	212.9836	0.7151744	2.735326	3.414764
33828	-1254.99	-1469.05	214.0601	0.8181221	2.876859	2.670379
33834	-1249.967	-1462.356	212.3887	0.8562858	3.315462	3.536491
33840	-1255.13	-1469.572	214.4425	1.036692	3.435572	2.146584
33846	-1251.34	-1466.013	214.6732	1.036692	2.958461	2.121872
33852	-1257.383	-1470.924	213.5408	0.8881861	3.170099	2.868939
33858	-1270.171	-1484.337	214.1662	0.7829914	2.8645	2.630019
33864	-1254.756	-1468.78	214.0241	0.8614917	3.280599	2.561865
33870	-1259.646	-1473.362	213.7161	0.8703779	2.54991	2.939621
33876	-1256.37	-1468.284	211.9139	0.7203932	3.182693	3.919735
33882	-1260.289	-1473.709	213.4204	0.7654869	2.924237	3.077058
33888	-1265.004	-1476.903	211.8994	0.7032386	3.649913	3.835182
33894	-1264.566	-1478.265	213.6995	0.7538245	2.885134	2.926886
33900	-1257.852	-1471.982	214.1298	0.9377118	2.928755	2.539209
33906	-1256.708	-1470.563	213.8551	0.9826646	3.759346	2.480082
33912	-1270.367	-1485.115	214.7481	1.097309	3.711138	1.833888
33918	-1267.591	-1482.291	214.7004	1.31274	3.588801	1.748321
33924	-1272.003	-1484.671	212.6679	0.661143	2.84221	3.602315
33930	-1245.399	-1458.224	212.825	0.5461556	2.748517	3.602315
33936	-1240.08	-1453.526	213.4465	0.7012247	2.860733	3.116426
33942	-1243.209	-1456.548	213.339	0.6874643	3.366649	3.064125
33948	-1249.939	-1464.23	214.2908	1.037041	2.747617	2.426631
33954	-1257.48	-1471.374	213.8944	0.9944112	3.190303	2.58226
33960	-1259.706	-1473.13	213.4241	0.9088097	3.806243	2.781563
33966	-1252.345	-1466.01	213.6656	0.6789186	3.773307	2.781563
33972	-1258.956	-1472.692	213.7363	0.6702853	3.172954	2.881775
33978	-1258.403	-1471.801	213.3978	0.7949088	3.224869	2.998012
33984	-1243.855	-1457.147	213.2922	0.7495778	3.790344	2.961248
33990	-1247.253	-1460.459	213.2061	0.7495778	4.041497	2.961248
33996	-1253.075	-1467.668	214.5933	0.9927025	3.749928	2.000032
34002	-1258.772	-1472.928	214.1553	0.9785511	3.824024	2.278194
34008	-1256.561	-1471.003	214.4427	0.9590219	3.906398	2.085918
34014	-1252.118	-1466.698	214.5792	1.014164	3.129992	2.150885
34020	-1259.193	-1473.735	214.5427	1.01249	3.224191	2.150885
34026	-1273.117	-1487.152	214.0351	0.8747374	4.184532	2.343693
34032	-1258.281	-1471.966	213.6845	0.8404483	3.190236	2.805703
34038	-1260.024	-1473.607	213.5831	0.9536526	3.161173	2.805703
34044	-1258.527	-1472.425	213.8975	1.038675	4.982359	2.172132
34050	-1248.422	-1462.542	214.1196	1.045147	5.24354	1.974092
34056	-1248.328	-1462.154	213.8268	1.03463	4.048552	2.402691
34062	-1243.894	-1458.765	214.8716	1.110662	3.42864	1.811467
34068	-1239.04	-1453.713	214.6726	1.094987	2.666252	2.169539
34074	-1245.152	-1459.614	214.4615	1.072468	3.628156	2.06362
34080	-1235.772	-1449.813	214.0403	0.9135594	3.499708	2.466565
34086	-1235.436	-1449.605	214.1688	0.8743606	4.245967	2.245797
34092	-1243.804	-1458.334	214.5306	1.039227	2.955754	2.213645
34098	-1237.976	-1452.736	214.7609	0.9926663	2.90834	2.107444
34104	-1252.665	-1467.117	214.4525	1.331091	3.453109	1.940609
34110	-1248.848	-1463.308	214.4605	0.9128081	3.337522	2.239585
34116	-1257.99	-1470.826	212.8359	0.9344206	3.02933	3.296896
34122	-1262.116	-1476.231	214.1153	1.158716	4.08711	2.1297
34128	-1253.2	-1467.302	214.1025	0.9738757	4.689468	2.135851
34134	-1262.301	-1476.493	214.1925	1.04894	4.689468	2.027239
34140	-1255.433	-1470.024	214.5913	1.214756	4.185432	1.749142
34146	-1246.435	-1460.748	214.313	1.271376	3.794197	1.990722
34152	-1258.722	-1472.757	214.0352	0.8829272	3.532394	2.48134
34158	-1251.166	-1464.147	212.9812	0.720723	2.6149	3.445771
34164	-1258.102	-1472.284	214.1815	1.009321	4.346004	2.129523
34170	-1260.588	-1475.545	214.9568	1.420096	3.518847	1.504191
34176	-1260.252	-1475.357	215.1045	1.477677	3.518847	1.345991
34182	-1264.783	-1480.076	215.293	1.446646	2.917397	1.412353
34188	-1257.446	-1472.676	215.23	1.474411	4.027506	1.089165
34194	-1252.285	-1467.781	215.4961	1.655169	3.799041	0.6353697
34200	-1239.567	-1454.997	215.43	1.772758	3.565952	0.7001956
34206	-1250.676	-1466.347	215.6704	1.772758	2.976154	0.6891736
34212	-1252.289	-1467.883	215.5944	1.628169	3.266783	0.8364333
34218	-1273.42	-1488.87	215.45	1.586226	3.996487	0.7247671
34224	-1255.405	-1468.549	213.1447	0.9043629	2.862232	3.174658
34230	-1262.681	-1476.354	213.6732	0.9038482	2.721922	2.896373
34236	-1271.968	-1485.29	213.322	1.044941	2.66805	3.037724
34242	-1270.747	-1486.37	215.6225	1.807198	3.096252	0.6075763
34248	-1273.029	-1488.463	215.4344	1.730381	3.822825	0.5713182
34254	-1276.774	-1492.235	215.4605	1.867707	3.273137	0.6755562
34260	-1252.738	-1468.204	215.4665	1.889248	3.170651	0.7004874
34266	-1257.354	-1473.174	215.8205	2.070606	2.167961	0.4911043
34272	-1249.628	-1463.07	213.4418	1.068759	2.838712	2.904719
34278	-1249.618	-1462.987	213.3693	0.8479834	2.629723	3.137785
34284	-1253.978	-1466.764	212.7864	0.7686647	4.014262	3.205787
34290	-1262.22	-1475.341	213.1215	0.7978671	3.041498	3.205787
34296	-1250.444	-1463.629	213.185	0.8814535	3.090847	3.106182
34302	-1252.106	-1466.069	213.963	1.125241	3.058374	2.491889
34308	-1252.855	-1465.942	213.0864	0.7380392	2.808891	3.321408
34314	-1246.206	-1460.059	213.8538	1.028642	3.111333	2.606221
34320	-1243.045	-1457.261	214.2161	1.093518	2.903237	2.394344
34326	-1239.693	-1453.69	213.9972	1.053805	4.149063	2.26091
34332	-1247.882	-1460.913	213.0314	0.796823	3.827797	3.081309
34338	-1257.602	-1470.678	213.0768	0.7514757	3.827797	3.081309
34344	-1247.707	-1461.225	213.5187	1.027717	3.209745	2.787873
34350	-1262.112	-1475.334	213.2227	0.6802694	3.074669	3.207273
34356	-1260.325	-1474.54	214.2147	1.083731	3.394807	2.273453
34362	-1254.131	-1468.211	214.0798	0.8555584	3.223975	2.544953
34368	-1255.032	-1468.32	213.2878	0.8002991	3.713328	2.949789
34374	-1265.705	-1480.397	214.6921	1.096811	3.059697	2.041614
34380	-1257.401	-1471.072	213.6719	0.8186565	3.687859	2.71089
34386	-1255.137	-1468.708	213.5708	0.7784975	3.353269	2.873123
34392	-1247.096	-1459.632	212.5366	0.8550792	3.353269	3.442303
34398	-1252.849	-1466.184	213.3354	0.6346346	3.882128	2.985135
34404	-1248.296	-1461.405	213.1091	0.7753321	4.542457	2.908196
34410	-1244.543	-1458.555	214.0125	0.7444137	4.836931	2.314132
34416	-1245.027	-1459.138	214.1117	1.034902	3.874494	2.258797
34422	-1244.74	-1458.686	213.9468	0.9614187	3.981282	2.387401
34428	-1250.614	-1464.385	213.7709	0.9521163	4.551785	2.389156
34434	-1257.867	-1471.811	213.944	0.8978943	3.398045	2.560544
34440	-1245.609	-1460.475	214.8665	1.161561	3.227454	1.834142
34446	-1253.688	-1468.391	214.7032	1.034347	3.158542	2.048577
34452	-1259.909	-1474.223	214.3142	0.9512774	3.92335	2.171169
34458	-1251.2	-1465.619	214.4191	1.019412	3.956077	2.050433
34464	-1251.299	-1466.104	214.805	0.9551795	3.098868	2.049842
34470	-1249.819	-1464.888	215.0683	1.09301	3.812622	1.58507
34476	-1244.289	-1458.487	214.1984	1.043533	3.394109	2.309756
34482	-1240.433	-1455.054	214.6204	1.042233	3.394109	2.03648
34488	-1246.324	-1460.809	214.4848	1.004618	3.483577	2.128047
34494	-1236.853	-1451.601	214.748	1.003501	3.483598	1.954451
34500	-1248.445	-1462.773	214.3281	1.0421	3.116081	2.298549
34506	-1241.706	-1455.591	213.8853	0.974117	3.18286	2.602375
34512	-1242.543	-1455.872	213.3297	0.7761161	2.628389	3.204294
34518	-1252.949	-1465.933	212.984	0.7042518	3.640051	3.204294
34524	-1235.407	-1450.245	214.8378	1.235183	4.144682	1.567496
34530	-1265.036	-1477.734	212.6975	0.7022835	3.280275	3.454293
34536	-1266.468	-1479.36	212.8921	0.7487551	2.862049	3.415359
34542	-1263.098	-1478.538	215.4397	1.343752	3.560538	1.165685
34548	-1256.243	-1471.294	215.0518	1.519248	4.629365	1.035382
34554	-1261.698	-1476.656	214.9571	1.444612	5.492349	0.9646436
34560	-1261.273	-1476.624	215.3516	1.466195	4.295374	0.8850187
34566	-1249.205	-1464.364	215.1588	1.557652	4.626341	0.8842106
34572	-1239.728	-1454.704	214.9762	1.557652	4.963159	0.9760579
34578	-1247.948	-1463.191	215.2424	1.389772	3.797799	1.222311
34584	-1252.322	-1465.741	213.4186	0.9261276	3.15712	2.923011
34590	-1248.438	-1463.529	215.0907	1.333055	3.854271	1.375778
34596	-1256.148	-1471.024	214.8757	1.295011	4.309407	1.454831
34602	-1252.743	-1466.7	213.957	0.9633405	3.995366	2.376705
34608	-1250.801	-1464.872	214.0713	0.9415518	3.661837	2.391861
34614	-1251.667	-1465.23	213.5637	0.8947693	2.979794	2.899064
34620	-1252.605	-1466.622	214.017	1.117999	3.661996	2.31423
34626	-1251.791	-1466.124	214.3334	1.044901	4.316468	2.012079
34632	-1243.965	-1458.438	214.4736	1.143858	3.612336	2.012079
34638	-1244.227	-1458.089	213.8622	0.8607316	3.686651	2.567839
34644	-1239.802	-1453.693	213.891	1.058376	3.749765	2.412016
34650	-1250.698	-1463.663	212.9652	0.7692661	3.42876	3.223535
34656	-1260.826	-1473.136	212.31	0.6715028	3.387595	3.673193
34662	-1257.838	-1472.461	214.6229	1.21555	3.95862	1.779052
34668	-1251.317	-1465.024	213.7069	0.9311335	3.106516	2.757652
34674	-1248.575	-1462.892	214.317	1.007583	2.939473	2.374927
34680	-1238.809	-1452.595	213.7863	0.9167753	3.172218	2.701319
34686	-1259.778	-1474.576	214.7973	0.8705575	2.536274	2.273834
34692	-1243.015	-1456.96	213.9455	0.9482943	3.409975	2.525433
34698	-1249.312	-1463.058	213.7462	0.9482943	4.253768	2.465572
34704	-1247.581	-1462.1	214.5193	0.9853646	3.086496	2.220046
34710	-1248.025	-1462.591	214.566	0.8676469	2.799276	2.344902
34716	-1248.705	-1463.329	214.6244	1.046299	2.799276	2.192851
34722	-1241.72	-1456.263	214.5423	1.037843	2.953351	2.207633
34728	-1241.877	-1456.252	214.3755	0.9277283	3.114361	2.341634
34734	-1253.82	-1469.082	215.262	1.206956	3.114361	1.553688
34740	-1255.806	-1469.967	214.1612	1.139529	4.310234	2.06478
34746	-1248.353	-1463.789	215.4359	1.374993	2.974989	1.336797
34752	-1241.554	-1456.943	215.3893	1.422401	3.713585	1.090323
34758	-1238.51	-1453.506	214.9956	1.414986	3.713585	1.424579
34764	-1247.802	-1462.406	214.6032	1.056552	3.386541	2.04029
34770	-1257.232	-1471.465	214.2333	1.117767	3.872438	2.1268
34776	-1244.272	-1459.127	214.8549	1.291132	3.20516	1.758555
34782	-1240.248	-1455.494	215.2455	1.383673	3.285326	1.379677
34788	-1239.036	-1454.015	214.9796	1.260647	3.459113	1.621234
34794	-1235.877	-1450.71	214.8324	1.23353	3.438302	1.750781
34800	-1257.095	-1472.454	215.3592	1.349466	3.222455	1.336623
34806	-1254.739	-1469.798	215.0587	1.347094	3.017153	1.62931
34812	-1261.016	-1475.621	214.6049	1.490088	3.782701	1.640775
34818	-1250.57	-1465.921	215.3513	1.450985	3.887499	1.04167
34824	-1262.725	-1477.882	215.157	1.647525	3.887499	1.039534
34830	-1249.243	-1461.919	212.6759	0.817228	3.653061	3.316744
34836	-1250.314	-1462.921	212.6067	0.9664042	3.437681	3.316744
34842	-1250.574	-1463.847	213.2728	0.8683191	4.028883	2.851805
34848	-1248.946	-1461.152	212.2053	0.9297886	3.584106	3.541111
34854	-1238.852	-1452.844	213.992	0.9764596	3.228408	2.523225
34860	-1249.142	-1463.501	214.3592	1.029244	3.593688	2.167167
34866	-1254.067	-1468.792	214.7245	1.11878	4.271483	1.703487
34872	-1259.342	-1473.472	214.1299	0.8351928	3.216737	2.528227
34878	-1257.061	-1471.077	214.0162	1.01714	4.139293	2.274292
34884	-1248.226	-1461.806	213.5796	0.8754538	4.139293	2.637535
34890	-1239.796	-1453.264	213.4682	0.7827516	3.407568	2.919888
34896	-1241.735	-1455.136	213.4006	1.010263	3.379726	2.82958
34902	-1247.015	-1461.014	213.9991	1.186789	3.519237	2.315278
34908	-1257.66	-1472.767	215.1071	1.279329	3.69905	1.447127
34914	-1248.554	-1463.239	214.6856	1.275089	4.622671	1.540157
34920	-1240.206	-1454.031	213.825	1.140594	3.209275	2.529799
34926	-1230.783	-1444.337	213.5537	0.8208674	3.722937	2.774177
34932	-1243.026	-1456.798	213.7717	0.9397571	4.331394	2.439404
34938	-1252.266	-1466.167	213.9015	1.038698	3.333018	2.515023
34944	-1252.481	-1466.396	213.9149	1.113153	4.05083	2.296402
34950	-1255.424	-1468.697	213.2725	1.059953	4.05083	2.730795
34956	-1248.007	-1461.961	213.9537	1.036765	3.984631	2.334498
34962	-1245.9	-1459.307	213.4078	0.8714417	4.167786	2.739838
34968	-1238.954	-1453.094	214.1394	0.9797839	3.716325	2.311893
34974	-1255.985	-1470.535	214.5499	0.9976017	3.11268	2.185317
34980	-1259.456	-1473.48	214.0237	0.7927456	3.7921	2.486144
34986	-1262.969	-1476.748	213.779	0.7933399	2.852346	2.863691
34992	-1255.8	-1469.26	213.4601	0.6837387	3.962818	2.863691
34998	-1258.715	-1471.66	212.9441	0.6539029	3.579239	3.270858
35004	-1259.443	-1473.322	213.8785	0.8002682	3.579239	2.619389
35010	-1261.443	-1474.942	213.4997	0.9726559	4.21917	2.610828
35016	-1259.086	-1472.351	213.265	0.8973114	3.419142	2.970576
35022	-1254.53	-1467.774	213.2435	0.800788	3.419142	3.041362
35028	-1262.048	-1475.995	213.9469	0.9267479	3.265906	2.572893
35034	-1253.479	-1467.203	213.7244	0.9450217	3.814577	2.572893
35040	-1252.15	-1466.02	213.8701	0.9607806	3.165131	2.624444
35046	-1250.69	-1465.024	214.3343	1.054987	4.059864	2.059957
35052	-1250.178	-1463.533	213.3554	0.9438288	4.059864	2.749314
35058	-1236.513	-1450.173	213.66	0.9988402	4.032384	2.533144
35064	-1244.033	-1456.992	212.9592	0.9248957	4.771711	2.867166
35070	-1246.833	-1460.521	213.6885	0.8394612	4.048591	2.611033
35076	-1249.957	-1464.196	214.2393	1.023907	4.023952	2.150497
35082	-1242.143	-1456.805	214.6619	1.156104	3.263006	1.967039
35088	-1245.82	-1459.92	214.1008	1.118647	3.007325	2.422974
35094	-1246.788	-1460.578	213.7905	0.9604452	3.966383	2.489474
35100	-1248.034	-1462.261	214.2273	0.9001865	4.429106	2.153868
35106	-1254.915	-1468.936	214.0214	0.9650035	3.624265	2.417172
35112	-1230.709	-1446.109	215.3994	1.309058	3.120229	1.369695
35118	-1232.2	-1447.577	215.377	1.559146	3.633697	0.9985441
35124	-1250.423	-1465.932	215.5092	1.537751	3.339437	0.9985441
35130	-1249.436	-1465.074	215.6385	1.432807	3.339437	0.973833
35136	-1262.05	-1477.377	215.3265	1.378435	4.086262	1.070435
35142	-1256.603	-1472.161	215.5579	1.4547	3.549119	0.9519748
35148	-1249.294	-1464.665	215.3719	1.486504	3.672591	1.060453
35154	-1255.421	-1470.051	214.6296	1.023831	3.186698	2.096506
35160	-1249.561	-1464.354	214.7924	1.233671	4.324043	1.55962
35166	-1258.872	-1474.225	215.3521	1.611194	3.152568	1.146928
35172	-1246.457	-1461.955	215.4983	1.606065	2.704275	1.193479
35178	-1254.714	-1470.34	215.6259	1.715167	2.707486	0.9715068
35184	-1248.558	-1464.332	215.7744	1.687249	2.635196	0.876739
35190	-1251.739	-1467.385	215.646	1.85132	2.836253	0.7011988
35196	-1250.065	-1465.584	215.5186	1.825778	3.197515	0.7011988
35202	-1247.2	-1462.635	215.4343	1.721382	3.313624	0.8938161
35208	-1230.022	-1445.424	215.4019	1.645968	3.494387	0.9362622
35214	-1243.395	-1458.586	215.1917	1.606923	3.877418	1.048588
35220	-1248.748	-1463.891	215.1435	1.674612	4.011361	0.9845079
35226	-1265.546	-1480.914	215.3683	1.989142	3.243516	0.3827765
35232	-1253.216	-1468.845	215.6293	1.317751	2.769627	1.299966
35238	-1259.586	-1475.31	215.7235	1.3276	2.547355	1.299966
35244	-1249.475	-1464.229	214.754	1.176487	3.246464	1.895621
35250	-1245.046	-1459.767	214.7215	1.094939	3.202176	1.984395
35256	-1238.004	-1451.843	213.8396	0.944621	4.567718	2.347337
35262	-1243.63	-1458.374	214.7436	1.131996	3.699889	1.815882
35268	-1243.958	-1457.631	213.6728	1.153796	4.616362	2.311021
35274	-1250.468	-1464.592	214.1243	0.8294754	4.641092	2.224695
35280	-1250.119	-1463.937	213.8183	0.8905651	4.641092	2.381168
35286	-1262.37	-1476.653	214.2833	0.9531465	3.706094	2.239079
35292	-1243.523	-1457.146	213.6228	0.8961553	3.962854	2.634384
35298	-1247.369	-1461.428	214.0585	0.9450261	3.962854	2.330911
35304	-1237.991	-1451.906	213.9145	0.9269829	3.766382	2.476146
35310	-1247.556	-1461.54	213.9835	0.900231	4.774255	2.244538
35316	-1248.539	-1462.446	213.907	0.9403517	4.134485	2.393633
35322	-1241.324	-1455.132	213.8084	0.851625	4.247185	2.488463
35328	-1241.056	-1455.268	214.2117	1.015155	3.800542	2.223681
35334	-1262.096	-1477.61	215.5145	1.700636	3.626787	0.6301461
35340	-1247.909	-1463.625	215.7165	1.935975	2.567209	0.6408878
35346	-1248.743	-1464.154	215.4111	1.957579	3.297485	0.5084906
35352	-1256.714	-1471.064	214.35	0.9962705	3.240908	2.281457
35358	-1254.782	-1468.508	213.7265	0.8231864	4.419874	2.523372
35364	-1257.98	-1471.243	213.2628	0.8231864	3.399087	3.020981
35370	-1256.719	-1469.915	213.1958	0.7328396	4.113155	2.963262
35376	-1262.375	-1475.79	213.4143	1.13504	3.676708	2.677311
35382	-1250.507	-1463.57	213.0627	0.7820122	4.414526	2.955797
35388	-1245.15	-1458.926	213.7757	0.8690496	3.395452	2.682984
35394	-1250.22	-1465.475	215.2553	2.069622	3.408786	0.4826295
35400	-1248.134	-1461.448	213.3138	0.8240164	3.691512	2.924547
35406	-1256.166	-1470.225	214.0596	0.8250905	4.141181	2.368635
35412	-1253.935	-1469.198	215.2626	1.705525	3.848812	0.8826506
35418	-1252.765	-1467.849	215.083	1.768412	3.962341	0.9672509
35424	-1260.148	-1473.638	213.4905	0.8990886	4.255134	2.654747
35430	-1254.6	-1469.955	215.3551	1.416642	3.911019	1.063054
35436	-1261.785	-1477.079	215.294	1.733584	3.858032	0.8056846
35442	-1259.355	-1473.853	214.4975	0.9761654	3.055663	2.248293
35448	-1261.474	-1475.684	214.2095	0.9915225	3.185187	2.388142
35454	-1265.661	-1479.687	214.0262	0.781876	4.94199	2.262192
35460	-1260.401	-1475.6	215.1993	1.176267	2.737752	1.738172
35466	-1245.629	-1459.647	214.0174	0.9227397	3.039091	2.589097
35472	-1246.243	-1460.127	213.8849	0.9399957	3.066735	2.653171
35478	-1246.94	-1461.428	214.4871	0.8650175	3.786943	2.145563
35484	-1256.694	-1469.138	212.4437	0.7950963	3.37699	3.526165
35490	-1245.259	-1458.524	213.2648	0.9416261	3.255138	2.982491
35496	-1249.632	-1462.775	213.1434	0.9180149	3.636562	2.982491
35502	-1243.31	-1457.521	214.211	0.8351587	2.982844	2.538064
35508	-1252.227	-1467.319	215.0918	1.380557	3.24671	1.511327
35514	-1263.298	-1478.215	214.9175	1.380557	3.336975	1.613335
35520	-1259.543	-1474.529	214.9862	1.246999	3.360479	1.65348
35526	-1260.121	-1475.365	215.244	1.42655	4.206367	1.065843
35532	-1272.124	-1487.562	215.4381	1.177232	2.45943	1.662419
35538	-1252.023	-1467.265	215.2418	1.328013	3.413421	1.387212
35544	-1247.286	-1462.399	215.1131	1.349534	3.429664	1.464951
35550	-1272.595	-1487.542	214.947	1.345254	4.915337	1.211755
35556	-1259.574	-1474.855	215.2817	1.4296	3.64899	1.200123
35562	-1264.442	-1478.849	214.4077	1.267636	3.301096	2.051981
35568	-1266.977	-1481.131	214.1547	1.075299	3.405381	2.314649
35574	-1261.697	-1475.84	214.1434	1.123515	4.1362	2.123792
35580	-1252.389	-1466.634	214.2451	1.057176	4.029334	2.123792
35586	-1251.747	-1466.687	214.9403	1.091567	3.39048	1.787297
35592	-1260.007	-1474.917	214.9103	1.198551	4.165009	1.536131
35598	-1253.449	-1468.319	214.8699	1.254918	3.238326	1.764074
35604	-1246.097	-1460.537	214.4401	0.9310279	3.465267	2.209375
35610	-1247.266	-1460.086	212.8203	0.9166755	3.375036	3.234235
35616	-1249.713	-1463.39	213.6761	0.9363131	3.375036	2.707646
35622	-1252.007	-1466.076	214.0695	0.7595276	3.56545	2.529308
35628	-1251.029	-1464.664	213.6352	0.7982585	3.970876	2.685362
35634	-1257.55	-1470.979	213.4294	0.7680743	3.276236	2.982863
35640	-1256.455	-1470.804	214.3497	1.115833	3.012023	2.265307
35646	-1257.468	-1471.73	214.2622	0.9761476	3.318572	2.330719
35652	-1259.63	-1474.655	215.0249	1.012462	3.585852	1.732104
35658	-1255.687	-1470.515	214.8279	1.021931	3.57909	1.863713
35664	-1246.083	-1460.772	214.6895	1.082369	3.682676	1.891161
35670	-1256.326	-1470.249	213.9236	0.7457407	3.047588	2.753482
35676	-1249.309	-1463.79	214.4812	0.9867037	3.420224	2.157705
35682	-1256.206	-1470.94	214.734	0.9146402	3.253038	2.082121
35688	-1248.228	-1462.249	214.0217	0.8287318	4.384786	2.340963
35694	-1251.408	-1465.424	214.0167	0.9164897	3.832444	2.403892
35700	-1265.116	-1478.015	212.8985	0.8167063	3.087486	3.315012
35706	-1263.7	-1476.824	213.1244	0.7492121	3.092729	3.220262
35712	-1268.886	-1483.781	214.8945	1.103701	3.344889	1.822771
35718	-1268.38	-1482.932	214.5519	1.096667	2.903202	2.177377
35724	-1258.945	-1473.425	214.48	0.9700106	3.621473	2.120372
35730	-1268.809	-1482.803	213.9944	0.7960088	3.167068	2.648921
35736	-1259.033	-1472.863	213.8305	0.7685825	3.167068	2.766268
35742	-1253.865	-1467.647	213.7823	0.692284	3.256286	2.820222
35748	-1257.499	-1471.036	213.5377	0.9854264	3.136191	2.820222
35754	-1253.062	-1467.027	213.9656	1.02551	3.245686	2.504744
35760	-1250.11	-1464.44	214.3305	1.058567	3.213222	2.261125
35766	-1262.879	-1476.76	213.8804	0.9362471	4.310919	2.377122
35772	-1267.451	-1482.094	214.6426	1.150536	3.926638	1.818008
35778	-1265.568	-1479.182	213.6145	0.625869	5.12288	2.588153
35784	-1251.868	-1465.461	213.5937	0.8583694	4.398656	2.588153
35790	-1250.573	-1464.984	214.4112	1.151404	4.27001	1.898145
35796	-1245.61	-1459.61	214.0002	0.815203	3.777466	2.490058
35802	-1253.968	-1468.005	214.0369	0.9783192	3.966486	2.322695
35808	-1244.931	-1459.407	214.4764	0.9765093	3.116586	2.24539
35814	-1250.672	-1465.002	214.3298	0.8402891	3.866762	2.24539
35820	-1249.108	-1463.839	214.7309	1.121152	4.258329	1.70024
35826	-1249.88	-1464.507	214.6268	1.142232	4.25074	1.760344
35832	-1246.505	-1460.678	214.1737	1.007478	3.939922	2.22208
35838	-1247.976	-1461.403	213.4271	0.8513822	4.131725	2.747462
35844	-1251.207	-1465.295	214.0876	0.9538455	3.559165	2.397543
35850	-1258.831	-1471.354	212.5234	0.7395735	3.917807	3.397201
35856	-1254.115	-1467.234	213.1191	0.834645	3.813206	3.009317
35862	-1258.895	-1472.697	213.8019	0.8061289	2.524213	2.934184
35868	-1268.754	-1482.517	213.7637	1.036598	3.255825	2.62082
35874	-1260.439	-1474.384	213.9451	1.031943	3.791227	2.385329
35880	-1253.086	-1467.104	214.0187	0.8121377	4.225953	2.385329
35886	-1251.801	-1466.381	214.5795	0.8844191	3.838308	2.060411
35892	-1248.391	-1462.95	214.5586	1.095256	3.323318	2.060411
35898	-1242.213	-1456.299	214.0864	0.9360229	3.907541	2.330892
35904	-1243.006	-1456.618	213.6114	0.8386849	4.01213	2.666589
35910	-1245.924	-1459.338	213.414	0.7046858	2.952019	3.109978
35916	-1245.62	-1459.387	213.7673	0.7538793	3.599671	2.711785
35922	-1244.495	-1458.232	213.7369	0.9318353	3.341724	2.681024
35928	-1255.145	-1468.861	213.7152	0.8732357	3.553146	2.681024
35934	-1250.405	-1464.062	213.6569	0.8961094	4.73036	2.462689
35940	-1243.665	-1457.276	213.6107	0.9291099	4.31326	2.550336
35946	-1251.039	-1465.214	214.1749	1.076416	2.701352	2.487989
35952	-1260.809	-1475.18	214.3713	0.936531	3.678861	2.199317
35958	-1258.082	-1472.835	214.7533	1.17432	4.516367	1.587992
35964	-1252.714	-1467.353	214.6386	1.141262	4.213074	1.761193
35970	-1252.843	-1467.374	214.5312	1.147557	4.213074	1.831293
35976	-1254.864	-1469.322	214.4579	1.230069	4.373858	1.789634
35982	-1244.501	-1459.247	214.7458	1.333872	3.145531	1.821407
35988	-1240.955	-1455.004	214.0489	1.060697	2.97238	2.501249
35994	-1256.108	-1469.61	213.5024	0.9507444	4.271836	2.612227
36000	-1263.328	-1478.016	214.687	1.128905	4.370803	1.700592
36006	-1263.367	-1477.836	214.4688	1.000138	4.745436	1.863012
36012	-1267.532	-1480.845	213.313	0.7432179	4.438795	2.823353
36018	-1261.556	-1475.498	213.9421	0.8688891	3.95868	2.453522
36024	-1263.216	-1477.088	213.8721	0.8274106	3.011383	2.744388
36030	-1258.95	-1471.99	213.0401	0.6884711	4.197694	3.066664
36036	-1246.359	-1459.793	213.4338	0.8704527	3.232901	2.928958
36042	-1248.994	-1462.62	213.6255	0.7254319	4.811596	2.573989
36048	-1249.76	-1463.318	213.5576	0.8851517	3.622977	2.754555
36054	-1252.088	-1465.994	213.9055	0.9881533	4.095758	2.372406
36060	-1242.888	-1456.454	213.5668	0.9105388	4.042014	2.643624
36066	-1234.475	-1448.703	214.2281	0.9774987	4.2456	2.140681
36072	-1240.015	-1453.795	213.7791	0.8699324	4.13944	2.517138
36078	-1245.463	-1459.488	214.0247	0.8894797	4.100258	2.358491
36084	-1244.085	-1457.726	213.6415	0.8884246	4.601372	2.501126
36090	-1249.877	-1463.636	213.7593	0.9471276	4.405755	2.42796
36096	-1232.307	-1446.485	214.1784	0.8782083	3.391118	2.42796
36102	-1266.46	-1479.354	212.8935	1.054231	3.829823	3.009448
36108	-1253.666	-1467.843	214.1772	1.015958	3.615991	2.287788
36114	-1258.506	-1472.52	214.0143	0.9591649	4.513921	2.23677
36120	-1278.408	-1492.222	213.8139	1.071754	3.274641	2.563313
36126	-1269.748	-1484.012	214.2636	1.071754	3.518126	2.219622
36132	-1245.885	-1460.443	214.5574	1.066	3.454115	2.047229
36138	-1236.823	-1450.983	214.1595	1.136123	3.108237	2.34813
36144	-1246.04	-1460.651	214.6104	0.9682605	3.258279	2.12665
36150	-1251.859	-1466.813	214.9539	1.119437	2.768474	1.936248
36156	-1246.97	-1462.067	215.097	1.247337	3.829892	1.443904
36162	-1251.118	-1466.12	215.0017	1.192194	4.506388	1.389705
36168	-1253.807	-1468.897	215.0895	1.184546	3.799235	1.505205
36174	-1252.593	-1467.051	214.4579	1.048669	4.15946	1.96002
36180	-1255.757	-1468.879	213.1225	0.9082739	3.940083	2.936631
36186	-1258.701	-1472.076	213.3749	0.629574	3.135412	3.132122
36192	-1261.881	-1475.164	213.2832	0.8664848	3.171881	3.036627
36198	-1255.857	-1469.846	213.9891	0.9106742	3.652733	2.465151
36204	-1244.838	-1457.935	213.097	0.6728429	4.165123	3.048278
36210	-1255.529	-1469.657	214.128	1.070137	4.128599	2.170226
36216	-1257.916	-1471.743	213.8271	0.7865927	3.266282	2.73298
36222	-1246.597	-1459.748	213.1513	0.8761313	3.829274	2.961643
36228	-1259.644	-1472.817	213.1729	0.8154711	3.349187	3.09088
36234	-1270.283	-1484.19	213.9061	0.9397285	4.003412	2.422085
36240	-1252.296	-1465.187	212.8915	1.047197	3.51864	3.082007
36246	-1255.858	-1469.544	213.6857	0.8734825	4.123947	2.576199
36252	-1246.588	-1460.172	213.5841	0.8432445	4.194562	2.643501
36258	-1251.393	-1464.389	212.9964	0.7179	3.724892	3.170722
36264	-1255.443	-1469.017	213.5743	0.868882	3.544154	2.771979
36270	-1268.262	-1483.075	214.8128	1.197477	3.056266	1.89415
36276	-1256.67	-1470.243	213.5722	1.045219	3.211061	2.744183
36282	-1245.122	-1458.665	213.5432	0.860698	4.367156	2.624086
36288	-1239.524	-1453.698	214.174	0.9313242	4.113962	2.233402
36294	-1251.447	-1465.853	214.4056	1.076411	3.911325	2.031735
36300	-1242.839	-1457.325	214.486	0.925434	3.742118	2.117178
36306	-1241.306	-1456.079	214.7724	1.425397	3.543012	1.629134
36312	-1257.472	-1471.168	213.6955	0.8166413	3.488281	2.74266
36318	-1259.765	-1473.272	213.5073	0.8465198	3.558487	2.823191
36324	-1251.242	-1465.884	214.6412	1.056192	4.259273	1.808177
36330	-1252.662	-1465.638	212.9764	0.8393727	3.489783	3.161634
36336	-1245.62	-1459.452	213.8321	0.6748206	3.294899	2.791258
36342	-1249.608	-1463.627	214.0191	0.8015711	3.432754	2.565497
36348	-1258.059	-1470.989	212.9301	0.6122108	3.714463	3.274741
36354	-1247.676	-1462.582	214.9063	1.210017	4.022851	1.565274
36360	-1244.806	-1457.442	212.6359	0.6573531	3.896527	3.383745
36366	-1240.245	-1453.183	212.9386	0.7777161	3.896527	3.13385
36372	-1240.388	-1453.253	212.8649	0.8514305	3.896527	3.13385
36378	-1241.565	-1455.963	214.3975	1.123825	3.531082	2.095455
36384	-1235.589	-1449.483	213.8938	1.082319	3.315395	2.496926
36390	-1242.364	-1456.029	213.6657	0.9331382	2.747564	2.876139
36396	-1249.925	-1462.066	212.1418	0.6094367	3.035578	3.887508
36402	-1247.904	-1460.377	212.4736	0.8338175	3.309687	3.501453
36408	-1246.582	-1460.266	213.6841	0.8908479	4.009936	2.589897
36414	-1251.643	-1465.262	213.6183	0.740951	4.017423	2.721242
36420	-1236.758	-1449.393	212.6352	0.8648337	3.610098	3.321931
36426	-1249.407	-1463.62	214.2133	0.9277239	5.365759	1.968119
36432	-1229.14	-1443.703	214.563	1.199254	4.934776	1.618816
36438	-1236.228	-1451.107	214.8797	1.25408	3.796233	1.60927
36444	-1254.037	-1469.188	215.1505	1.197416	4.433675	1.284538
36450	-1264.776	-1478.941	214.1652	1.016003	3.747432	2.265097
36456	-1251.025	-1465.871	214.8458	1.115194	4.018582	1.678654
36462	-1246.462	-1460.855	214.394	1.115194	3.838904	2.030355
36468	-1257.49	-1472.118	214.628	1.369811	3.52137	1.776458
36474	-1256.626	-1471.454	214.8276	1.233685	3.171853	1.826699
36480	-1248.699	-1463.654	214.9549	1.417474	4.709608	1.194188
36486	-1257	-1471.564	214.5642	1.089877	4.048234	1.885164
36492	-1249.736	-1463.553	213.817	1.145768	4.014917	2.345623
36498	-1255.214	-1469.878	214.6646	1.170228	4.014917	1.768353
36504	-1259.561	-1473.53	213.9687	1.049336	4.586125	2.19381
36510	-1255.488	-1468.767	213.2785	0.7344498	2.360663	3.33699
36516	-1263.239	-1476.138	212.8991	0.733539	3.197985	3.33699
36522	-1262.148	-1475.254	213.1067	0.786993	4.509681	2.9086
36528	-1277.668	-1490.698	213.03	0.7558991	3.508505	3.17518
36534	-1261.941	-1476.571	214.6296	1.289819	3.887047	1.739613
36540	-1258.718	-1473.265	214.5479	1.289819	3.340926	1.933197
36546	-1260.601	-1474.921	214.3207	1.169328	4.69302	1.859123
36552	-1260.515	-1474.977	214.4621	1.174302	5.680738	1.565224
36558	-1250.048	-1464.808	214.7598	1.280471	4.38778	1.534319
36564	-1254.275	-1469.336	215.0613	1.331876	3.68875	1.444771
36570	-1255.617	-1469.731	214.114	0.8277818	3.196534	2.547805
36576	-1247.463	-1460.624	213.1613	0.7926294	3.196534	3.147399
36582	-1270.515	-1484.513	213.9983	1.135858	3.719609	2.301548
36588	-1267.036	-1481.023	213.9876	0.9963032	4.129015	2.308049
36594	-1249.351	-1463.603	214.252	0.6447729	3.469966	2.509344
36600	-1251.056	-1464.189	213.1336	0.8445608	3.469966	3.069363
36606	-1257.356	-1472.165	214.8091	1.378205	3.321253	1.697111
36612	-1241.742	-1457.012	215.27	1.251165	3.321253	1.452298
36618	-1244.615	-1459.536	214.9207	1.205298	3.695495	1.640725
36624	-1248.402	-1462.939	214.5368	0.9324993	2.781731	2.327251
36630	-1259.051	-1472.741	213.6901	0.9988341	3.485691	2.63467
36636	-1254.192	-1467.912	213.7196	0.8362699	3.485691	2.716492
36642	-1250.497	-1463.51	213.013	0.842911	3.57075	3.119832
36648	-1251.897	-1465.93	214.0338	0.9013024	3.57075	2.461745
36654	-1256.704	-1471.48	214.7761	0.9916073	3.073089	2.051972
36660	-1255.586	-1470.257	214.6711	1.105881	3.163936	2.020971
36666	-1245.191	-1459.005	213.8137	0.9670629	2.980674	2.7026
36672	-1254.632	-1468.547	213.9154	0.9057015	3.322456	2.591632
36678	-1255.388	-1468.523	213.1354	0.7578219	3.823474	3.043384
36684	-1245.819	-1459.934	214.1155	0.9856829	4.560769	2.14477
36690	-1262.614	-1476.086	213.4721	0.8338433	3.933147	2.771254
36696	-1272.553	-1486.464	213.9113	0.8127399	4.235603	2.45066
36702	-1253.074	-1467.029	213.9549	1.018135	4.12903	2.315027
36708	-1254.183	-1468.057	213.8743	0.9021821	4.366388	2.391499
36714	-1264.081	-1477.868	213.7866	0.9021821	2.439948	2.910575
36720	-1264.413	-1477.49	213.0772	0.9457511	3.605613	3.012381
36726	-1252.303	-1464.892	212.589	0.7241583	3.877329	3.375947
36732	-1252.475	-1465.218	212.7426	0.8603343	3.108463	3.375947
36738	-1252.572	-1466.021	213.4487	0.8928128	3.779677	2.782058
36744	-1249.64	-1463.718	214.0784	0.9196995	3.401015	2.462309
36750	-1252.317	-1466.427	214.1091	1.128284	3.791197	2.219002
36756	-1245.636	-1459.968	214.3319	1.090585	3.296997	2.218126
36762	-1244.498	-1459.333	214.8348	0.9971049	4.469163	1.667548
36768	-1253.551	-1468.195	214.644	1.10267	3.865496	1.864322
36774	-1241.032	-1455.01	213.9776	1.069301	3.865496	2.324525
36780	-1246.442	-1460.957	214.515	1.182721	3.526811	1.979612
36786	-1248.872	-1463.802	214.9296	1.182721	3.548724	1.688783
36792	-1244.223	-1459.074	214.8511	1.196245	4.116794	1.592969
36798	-1250.66	-1465.322	214.6618	1.213203	3.966916	1.751625
36804	-1249.576	-1463.31	213.7342	0.8762736	4.443081	2.480912
36810	-1252.742	-1465.882	213.1403	0.8270206	4.232191	2.916597
36816	-1256.013	-1468.327	212.3141	0.6352362	2.924503	3.80096
36822	-1252.35	-1466.202	213.8526	0.7963635	2.570213	2.895998
36828	-1260.237	-1473.967	213.7293	0.8827997	2.916935	2.82236
36834	-1256.66	-1470.654	213.9933	0.9245016	3.523853	2.483527
36840	-1255.721	-1469.165	213.4442	0.9082832	3.646233	2.804433
36846	-1258.724	-1473.537	214.8128	1.017056	4.252481	1.717236
36852	-1252.815	-1467.476	214.6606	1.08707	3.473931	1.959435
36858	-1254.967	-1469.403	214.4367	0.9044068	2.948941	2.361889
36864	-1275.961	-1488.446	212.4846	0.6802371	3.07307	3.639959
36870	-1269.082	-1481.642	212.5605	0.6917913	3.688453	3.450546
36876	-1256.613	-1469.577	212.9641	0.6066876	2.939856	3.436478
36882	-1255.446	-1469.603	214.1573	0.8810574	3.520894	2.408457
36888	-1259.967	-1474.306	214.3391	1.014254	3.232691	2.279038
36894	-1263.077	-1477.1	214.0227	1.06493	3.313483	2.427431
36900	-1260.165	-1475.532	215.3667	1.083145	3.313483	1.508405
36906	-1259.706	-1473.872	214.1653	1.021914	5.652431	1.886786
36912	-1267.954	-1480.348	212.3939	0.4164703	2.522476	3.986665
36918	-1257.49	-1469.791	212.3014	0.5125739	2.515283	3.986665
36924	-1248.328	-1461.636	213.3089	0.571446	3.709117	3.075284
36930	-1242.738	-1457.098	214.3608	0.8048748	3.106714	2.430641
36936	-1244.098	-1457.228	213.13	0.7302596	4.132407	3.000528
36942	-1261.421	-1475.303	213.8825	0.9553256	3.539784	2.529767
36948	-1246.222	-1460.158	213.9356	0.9596049	3.774213	2.440688
36954	-1259.682	-1473.62	213.9377	0.9985371	4.029546	2.359404
36960	-1244.457	-1458.237	213.78	0.7072364	4.302198	2.585144
36966	-1249.621	-1463.298	213.6776	0.6866929	4.261428	2.669093
36972	-1255.615	-1468.984	213.3692	0.8679236	4.564502	2.68937
36978	-1256.448	-1470.194	213.7459	0.7790901	3.518901	2.72778
36984	-1249.469	-1463.811	214.3422	1.082972	4.206031	2.00433
36990	-1236.292	-1449.466	213.1741	0.7105358	3.470489	3.124982
36996	-1226.722	-1439.251	212.529	0.7914944	3.403021	3.472684
37002	-1243.944	-1456.554	212.6098	0.7106617	3.403021	3.472684
37008	-1234.614	-1448.394	213.78	0.9036853	3.277847	2.687226
37014	-1240.367	-1453.931	213.5642	0.7631922	3.992042	2.74596
37020	-1252.149	-1466.108	213.9591	0.8848596	3.305753	2.581572
37026	-1249.567	-1463.023	213.4558	0.8781428	3.688798	2.806366
37032	-1249.075	-1462.647	213.5718	0.8361268	3.688798	2.761268
37038	-1252.309	-1465.83	213.5202	0.7534856	3.916608	2.794347
37044	-1245.305	-1459.099	213.7941	0.7596923	3.165178	2.794347
37050	-1244.856	-1458.806	213.95	0.8621334	3.515986	2.5513
37056	-1237.058	-1450.962	213.9039	0.7840137	3.861169	2.5513
37062	-1250.419	-1464.638	214.2196	1.079777	3.861169	2.163011
37068	-1252.784	-1467.065	214.2813	0.8791306	3.941192	2.235181
37074	-1257.634	-1472.042	214.4086	0.8850271	4.283954	2.074919
37080	-1267.738	-1482.912	215.1736	1.330276	4.101575	1.243308
37086	-1258.596	-1473.311	214.715	1.190637	3.432154	1.863227
37092	-1245.371	-1460.07	214.6985	1.135319	3.19932	1.973492
37098	-1262.423	-1477.5	215.077	1.182803	3.19932	1.680009
37104	-1263.624	-1479.012	215.3874	1.568959	2.852128	1.261993
37110	-1253.123	-1466.495	213.3723	0.7688034	4.369597	2.784788
37116	-1261.851	-1476.041	214.19	0.6913972	3.758392	2.452871
37122	-1256.526	-1470.333	213.8065	0.8355163	3.806846	2.591533
37128	-1255.341	-1469.471	214.1301	0.9922876	2.921221	2.50706
37134	-1253.964	-1468.007	214.0431	0.9858838	3.764659	2.35832
37140	-1266.63	-1482.308	215.6772	1.553088	2.751675	1.06068
37146	-1268.888	-1484.72	215.8322	1.773643	2.653758	0.6530387
37152	-1261.509	-1477.175	215.6667	1.773643	2.723069	0.8535911
37158	-1256.38	-1471.699	215.3182	1.618595	4.009574	0.8547804
37164	-1249.069	-1463.141	214.072	0.8424743	3.382669	2.519083
37170	-1244.985	-1458.006	213.0204	0.8334159	3.570968	3.121002
37176	-1251.585	-1465.239	213.6543	0.7595753	3.398656	2.82328
37182	-1253.343	-1468.57	215.2274	2.003304	3.645726	0.445171
37188	-1243.333	-1458.35	215.0177	2.003304	4.261937	0.445171
37194	-1242.122	-1457.167	215.0451	2.028286	4.062954	0.4090377
37200	-1244.425	-1459.466	215.0415	1.805649	4.854201	0.521254
37002	-2703.436	-2915.249	211.8124	0.8862637	3.198473	3.879165
37008	-2800.323	-3004.691	204.3683	1.081858	4.806084	7.56419
37302	-18264.88	-15490.04	-2774.846	469.0583	331560.8	1250.221
37308	-20019.11	-15137.9	-4881.206	375.4016	241840.2	2351.198
37602	-8765141	-22876.2	-8742265	466.2452	2.50383e+08	4370984
37608	-2.519192e+07	-22326.35	-2.516959e+07	485.0496	1.491067e+08	1.258464e+07
37902	-1.594723e+13	-26751.17	-1.594723e+13	405.6153	5.728838e+09	7.973613e+12
37908	-2.24989e+13	-26621.77	-2.24989e+13	433.916	5.54498e+09	1.124945e+13
38202	-1.019356e+21	-23983.98	-1.019356e+21	475.4321	9.647429e+12	5.096781e+20
38208	-1.428369e+21	-22523.15	-1.428369e+21	456.1176	6.169294e+12	7.141846e+20
38502	-1.220155e+25	-42360.26	-1.220155e+25	284.6158	6.99109e+14	6.100775e+24
38508	-9.452801e+24	-10737.73	-9.452801e+24	442.3663	1.003856e+15	4.7264e+24
38802	-8.566519e+23	-32486.04	-8.566519e+23	86.31283	1.040764e+16	4.28326e+23
38808	-1.327535e+24	-11303.49	-1.327535e+24	138.0629	1.009764e+16	6.637673e+23
