Iteration	Posterior	Likelihood	Prior	rate_log_sd	rate_loss	tree_length
0	-1240.597	-1455.343	214.7462	1.335417	4.920692	1.382128
6	-1264.581	-1479.327	214.7462	1.335417	4.920692	1.382128
12	-1271.458	-1486.21	214.7524	1.142391	5.079809	1.491175
18	-1272.534	-1487.078	214.544	1.232778	4.841092	1.627704
24	-1262.959	-1475.808	212.8495	0.7599356	3.42492	3.298228
30	-1262.078	-1476.422	214.3448	0.9789433	5.531415	1.81445
36	-1264.384	-1478.337	213.9525	1.033432	5.531415	2.042592
42	-1259.932	-1472.784	212.8523	0.8442347	3.350418	3.263767
48	-1265.744	-1479.317	213.5726	0.8114269	2.962143	2.948524
54	-1261.23	-1474.794	213.5633	0.8907085	3.934625	2.680298
60	-1258.107	-1471.446	213.3395	0.8510879	4.029966	2.821568
66	-1242.314	-1456.853	214.5393	0.9672768	3.763778	2.049532
72	-1250.639	-1464.902	214.2633	0.8925323	3.294873	2.389008
78	-1244.586	-1458.294	213.7079	0.7810949	3.95721	2.654014
84	-1243.626	-1458.138	214.5121	1.050474	4.014506	1.954603
90	-1246.307	-1460.513	214.206	0.8915036	4.014506	2.259682
96	-1244.256	-1457.834	213.5786	0.9032895	4.223666	2.604008
102	-1233.885	-1446.976	213.0918	0.9638804	2.958477	3.14583
108	-1239.849	-1452.978	213.1291	0.760155	3.339398	3.152173
114	-1245.476	-1458.765	213.2892	0.7959559	3.795985	2.933936
120	-1245.787	-1459.965	214.1774	0.8241657	3.209768	2.507233
126	-1226.066	-1440.11	214.0443	0.9263028	2.996807	2.581328
132	-1232.944	-1447.166	214.2221	0.9602496	3.260755	2.380789
138	-1236.44	-1450.617	214.177	0.7969772	4.16365	2.307167
144	-1231.366	-1444.856	213.4898	0.7291612	3.871977	2.836975
150	-1243.599	-1456.26	212.6607	0.6865884	3.024692	3.545791
156	-1242.687	-1455.45	212.7631	0.757127	3.111582	3.42364
162	-1248.234	-1461.188	212.9543	0.8010106	3.327529	3.234351
168	-1248.577	-1462.355	213.7775	0.7993718	3.278029	2.752626
174	-1246.141	-1459.08	212.9382	0.8504583	4.45182	2.982534
180	-1241.257	-1454.507	213.2498	0.9367131	3.560693	2.923924
186	-1258.186	-1471.593	213.4071	0.7154036	3.50449	2.975122
192	-1255.997	-1469.221	213.2242	0.8529419	3.541075	2.994136
198	-1256.64	-1469.334	212.6939	0.7839506	3.057966	3.461466
204	-1257.971	-1470.898	212.927	0.8281075	4.17502	3.055162
210	-1251.154	-1464.101	212.9476	0.8281075	4.94207	2.903103
216	-1240.119	-1454.451	214.3316	1.05485	3.060309	2.302911
222	-1258.875	-1473.276	214.401	1.104452	3.554173	2.100228
228	-1236.429	-1450.981	214.5511	1.069137	3.750704	1.976986
234	-1245.35	-1459.891	214.5412	1.217771	3.328945	1.989168
240	-1250.133	-1463.943	213.8102	0.8773484	4.840195	2.357711
246	-1237.136	-1451.032	213.8956	0.902427	4.840195	2.287261
252	-1232.86	-1446.801	213.9413	1.035893	4.361413	2.264657
258	-1248.21	-1461.989	213.7792	0.9745539	6.161489	2.093163
264	-1243.414	-1456.689	213.2747	0.6583274	4.045293	2.974124
270	-1234.167	-1447.818	213.6509	0.9946646	3.310012	2.702883
276	-1256.859	-1471.024	214.165	0.9814229	4.743332	2.079567
282	-1253.506	-1467.247	213.741	0.8680253	5.063999	2.367349
288	-1267.775	-1481.947	214.1726	1.029803	4.030079	2.188674
294	-1265.24	-1479.081	213.8411	1.07131	4.381001	2.302236
300	-1262.306	-1475.977	213.6717	0.9769511	4.269834	2.491088
306	-1256.379	-1470.069	213.69	0.8915236	3.854756	2.618614
312	-1251.493	-1465.366	213.8726	1.036336	3.854756	2.414335
318	-1259.406	-1473.952	214.5465	1.357165	3.522076	1.841318
324	-1250.581	-1465.131	214.5502	1.067177	4.118055	1.894365
330	-1252.373	-1466.409	214.0361	1.167205	4.30782	2.129225
336	-1256.14	-1470.217	214.0773	0.848019	3.288637	2.535176
342	-1253.096	-1467.115	214.0196	1.062887	3.929602	2.287723
348	-1253.404	-1467.676	214.272	0.9886084	3.557481	2.25833
354	-1244.809	-1458.831	214.0226	0.9523438	3.557481	2.439797
360	-1260.395	-1474.67	214.2742	1.063981	3.557481	2.208347
366	-1263.877	-1478.043	214.1661	1.111881	3.705962	2.212313
372	-1258.733	-1471.799	213.0659	0.9904149	3.662623	2.979893
378	-1255.731	-1468.894	213.1624	0.8117922	3.195216	3.135691
384	-1251.208	-1465.371	214.163	1.032596	3.922955	2.2165
390	-1253.752	-1467.927	214.1754	1.158511	3.414913	2.245714
396	-1245.78	-1459.993	214.2125	1.108712	3.011243	2.357592
402	-1256.928	-1470.425	213.4965	0.8526803	3.940011	2.743404
408	-1244.872	-1459.364	214.4914	1.016825	3.390174	2.138982
414	-1246.943	-1461.849	214.9068	1.12554	3.107095	1.864705
420	-1260.618	-1475.089	214.4707	0.9291869	3.783159	2.115253
426	-1243.158	-1457.461	214.3033	0.9500685	4.217915	2.115253
432	-1240.894	-1454.879	213.9848	0.8692356	4.411056	2.33343
438	-1245.569	-1459.215	213.6462	0.8744478	3.785455	2.671134
444	-1259.469	-1473.787	214.3172	1.338175	3.682816	1.969717
450	-1249.947	-1464.066	214.1193	0.910684	2.725638	2.61865
456	-1257.126	-1470.494	213.368	1.004119	2.957012	2.956969
462	-1255.349	-1469.907	214.5576	0.973404	3.535635	2.087984
468	-1256.465	-1469.835	213.3699	0.7875317	3.540023	2.946084
474	-1250.473	-1464.193	213.7195	0.7256131	3.63976	2.749392
480	-1245.849	-1460.216	214.3675	1.133064	4.340299	1.925049
486	-1247	-1460.975	213.9755	1.057614	3.99785	2.304491
492	-1262.381	-1476.755	214.3743	1.104687	4.201792	1.96932
498	-1256.945	-1471.271	214.3267	1.104687	4.201792	2.001133
504	-1262.189	-1475.298	213.1089	1.069225	4.554179	2.727478
510	-1251.151	-1465.556	214.4051	1.12974	4.926039	1.781684
516	-1245.527	-1460.404	214.8774	1.197913	4.039583	1.59119
522	-1243.455	-1458.165	214.7104	1.347146	3.516493	1.735987
528	-1240.948	-1455	214.0511	1.284843	4.79666	1.943061
534	-1242.596	-1457.096	214.5002	1.076037	4.504794	1.838813
540	-1242.976	-1456.773	213.7976	1.093689	4.305228	2.33089
546	-1243.026	-1456.865	213.8387	0.9919701	4.782183	2.277156
552	-1239.834	-1454.09	214.2562	1.03477	3.845817	2.171926
558	-1249.654	-1462.353	212.6988	0.9795763	3.12584	3.327404
564	-1259.996	-1472.799	212.8029	0.7986093	3.859307	3.209632
570	-1245.291	-1459.241	213.9499	0.9070134	3.152041	2.611622
576	-1255.262	-1470.001	214.7397	1.114835	3.391321	1.908621
582	-1249.965	-1464.025	214.0604	0.9498298	3.526402	2.424895
588	-1242.801	-1456.533	213.7325	1.132966	5.088044	2.198874
594	-1243.748	-1457.28	213.5323	0.8156521	4.237266	2.683938
600	-1250.557	-1462.991	212.4333	0.8020516	4.331744	3.333542
606	-1247.511	-1461.412	213.9017	0.8098409	4.299101	2.44579
612	-1246.943	-1460.319	213.3759	0.8985572	3.062275	2.988869
618	-1267.126	-1480.35	213.2237	0.7141038	3.958074	2.988869
624	-1259.432	-1472.657	213.2255	0.7023834	3.98762	2.988869
630	-1258.894	-1472.397	213.5032	0.6242718	3.430686	2.988869
636	-1252.311	-1465.139	212.8285	0.703101	4.730219	3.086286
642	-1247.487	-1460.571	213.0839	0.8290107	3.890781	3.017648
648	-1246.846	-1460.385	213.5392	0.6559848	4.241604	2.776575
654	-1256.774	-1471.1	214.3259	0.9776178	3.922919	2.146469
660	-1260.439	-1474.662	214.2238	0.8656809	3.626137	2.351519
666	-1271.668	-1485.875	214.207	1.115247	3.900441	2.139334
672	-1261.661	-1476.176	214.5148	0.945699	3.514605	2.139334
678	-1270.193	-1484.246	214.0534	0.9163799	3.514605	2.453092
684	-1261.871	-1475.997	214.1253	0.949639	3.531269	2.382913
690	-1270.55	-1485.484	214.9346	0.9889415	3.531269	1.825303
696	-1267.577	-1481.91	214.3326	1.088973	3.534194	2.159933
702	-1277.644	-1491.022	213.3776	0.7890217	3.34174	2.985936
708	-1261.73	-1474.671	212.9417	0.9600744	3.34174	3.144203
714	-1252.073	-1465.629	213.5566	0.7715957	4.172883	2.708831
720	-1259.019	-1473.472	214.453	0.9057583	4.023848	2.087987
726	-1247.165	-1460.253	213.0872	0.7366472	3.39434	3.178359
732	-1255.955	-1469.98	214.0249	0.923484	3.910985	2.37715
738	-1254.785	-1468.459	213.6739	0.9359327	3.182785	2.755809
744	-1250.864	-1464.03	213.1666	0.9596326	3.016738	3.089042
750	-1243.564	-1457.07	213.5059	0.9960719	3.643958	2.71364
756	-1264.303	-1478.972	214.6693	1.137678	4.597126	1.657574
762	-1255.164	-1470.133	214.9684	1.251319	3.865355	1.528544
768	-1262.294	-1477.179	214.8857	1.130538	3.865355	1.676498
774	-1253.721	-1466.408	212.6869	0.8499034	3.52456	3.318835
780	-1245.329	-1458.065	212.7363	0.7522203	3.656095	3.318835
786	-1256.449	-1470.388	213.9394	0.8510413	2.433755	2.850946
792	-1251.6	-1464.97	213.3694	0.8093299	3.922104	2.850946
798	-1246.891	-1460.105	213.2147	0.6492978	3.899133	3.045227
804	-1250.968	-1463.935	212.9666	0.6989558	3.765232	3.191173
810	-1249.302	-1462.275	212.9739	0.7658312	3.444683	3.216846
816	-1260.897	-1474.482	213.5849	1.087053	3.166752	2.721759
822	-1249.832	-1463.15	213.3186	0.8874982	3.581037	2.907602
828	-1252.294	-1465.793	213.4985	1.036239	3.770882	2.665609
834	-1248.023	-1462.082	214.0586	0.9355821	3.901557	2.350125
840	-1268.876	-1483.958	215.0823	1.422183	3.587937	1.387065
846	-1267.851	-1483.05	215.1989	1.480201	3.639389	1.230465
852	-1260.505	-1475.515	215.0101	1.405176	3.144837	1.583928
858	-1250.837	-1465.641	214.8035	1.288069	4.056238	1.575269
864	-1264.772	-1480.21	215.4379	1.152784	3.235929	1.424906
870	-1275.47	-1489.911	214.4415	1.171032	3.43495	2.059224
876	-1263.629	-1478.604	214.9744	1.296056	4.726642	1.275596
882	-1269.298	-1482.274	212.9761	0.8724252	3.693351	3.097609
888	-1255.5	-1469.266	213.7656	0.8979938	3.650101	2.612787
894	-1249.49	-1463.764	214.2738	0.9604759	3.650101	2.253461
900	-1258.413	-1473.835	215.4221	1.54641	3.57935	0.9860226
906	-1244.054	-1458.96	214.906	1.266633	3.58545	1.635996
912	-1251.258	-1465.925	214.6669	1.325857	2.810513	1.977645
918	-1251.806	-1466.148	214.3415	1.03289	2.935111	2.344529
924	-1266.94	-1480.113	213.1728	0.9594932	4.82461	2.706536
930	-1250.798	-1463.612	212.8143	0.6596664	3.936574	3.269305
936	-1262.092	-1474.701	212.6086	0.7632262	4.178336	3.282092
942	-1261.435	-1474.46	213.0246	0.8732318	3.004156	3.22792
948	-1257.007	-1470.796	213.7892	0.9583896	3.004156	2.716849
954	-1249.837	-1463.643	213.8056	0.9177887	3.780907	2.546712
960	-1248.983	-1462.734	213.7509	1.015932	4.459068	2.379369
966	-1259.075	-1472.25	213.1745	0.8765853	4.565566	2.802899
972	-1271.379	-1485.203	213.8232	0.9592114	2.927746	2.715551
978	-1268.353	-1481.936	213.5828	0.9892015	4.508656	2.492385
984	-1263.7	-1477.406	213.7062	0.9337338	3.364143	2.693384
990	-1261.966	-1474.823	212.8563	0.8477292	3.304554	3.269958
996	-1260.862	-1473.663	212.801	0.6445294	4.017542	3.269958
1002	-1270.641	-1483.541	212.9	0.7836024	3.356776	3.269958
1008	-1256.611	-1470.672	214.0611	0.9736325	4.443008	2.211233
1014	-1265.41	-1478.966	213.5553	0.9692118	2.995167	2.85511
1020	-1248.243	-1462.599	214.3562	1.137371	4.205923	1.958628
1026	-1249.193	-1464.201	215.0083	1.218697	2.984439	1.765952
1032	-1253.76	-1468.939	215.179	1.404138	2.908183	1.533813
1038	-1246.732	-1461.442	214.7104	1.242864	3.762223	1.746459
1044	-1241.016	-1455.36	214.3441	1.11577	4.207639	1.980878
1050	-1250.759	-1464.936	214.1764	0.9951971	3.899223	2.237243
1056	-1246.852	-1460.92	214.0673	0.885275	3.573073	2.450291
1062	-1248.63	-1463.067	214.4376	1.041023	3.217213	2.202356
1068	-1245.274	-1459.943	214.6688	1.160164	4.534409	1.655378
1074	-1245.815	-1460.068	214.2534	1.103935	4.77595	1.932716
1080	-1234.749	-1448.803	214.0544	0.9927638	4.525305	2.186877
1086	-1233.714	-1447.363	213.6483	0.7915167	3.641787	2.752136
1092	-1237.976	-1451.606	213.6305	0.7421919	3.215097	2.891981
1098	-1259.44	-1472.763	213.3233	0.7795178	3.496433	2.988763
1104	-1265.684	-1479.56	213.8764	0.9746744	3.55891	2.517106
1110	-1251.239	-1465.855	214.6158	0.9436123	3.513517	2.074732
1116	-1258.513	-1472.793	214.2802	1.069875	3.463732	2.223351
1122	-1259.345	-1473.668	214.323	1.076039	3.687006	2.138125
1128	-1266.446	-1480.57	214.1236	1.102325	4.495615	2.076048
1134	-1250.887	-1464.599	213.7121	0.9012065	3.739488	2.623994
1140	-1251.691	-1466.504	214.8123	1.105747	3.902657	1.73679
1146	-1258.157	-1472.832	214.6744	1.330365	3.311225	1.827274
1152	-1253.994	-1467.211	213.217	0.765536	3.357072	3.092551
1158	-1256.51	-1469.398	212.8886	0.8206176	3.040825	3.330013
1164	-1248.067	-1461.477	213.4099	0.8399001	3.505733	2.898079
1170	-1248.286	-1461.918	213.6326	0.8988272	3.713028	2.680296
1176	-1242.4	-1455.288	212.8876	0.8384821	3.242335	3.27146
1182	-1233.921	-1447.082	213.161	0.7954625	3.177836	3.150377
1188	-1244.318	-1458.462	214.1447	0.9243381	3.535131	2.385737
1194	-1243.667	-1458.213	214.5459	1.008706	2.753516	2.280941
1200	-1244.214	-1458.544	214.33	1.084713	4.368914	1.976723
1206	-1245.148	-1459.625	214.4765	0.843811	4.67885	1.976723
1212	-1242.843	-1457.116	214.2723	1.03842	3.357616	2.274807
1218	-1242.601	-1456.977	214.3764	0.8311722	3.625159	2.276441
1224	-1232.442	-1446.243	213.8017	0.7288191	3.609149	2.703897
1230	-1237.984	-1451.981	213.9964	0.9169784	3.788929	2.425989
1236	-1235.492	-1449.321	213.8296	0.9735243	4.113004	2.425989
1242	-1246.814	-1460.815	214.0014	0.9025941	3.815737	2.425989
1248	-1245.137	-1459.221	214.0842	0.9201183	4.14254	2.292218
1254	-1249.857	-1464.196	214.3392	0.9462016	4.183582	2.101582
1260	-1256.499	-1470.591	214.0922	0.8843397	4.169292	2.304403
1266	-1254.783	-1468.378	213.5954	0.8330619	3.326708	2.8314
1272	-1265.252	-1480.007	214.7551	1.029145	3.998373	1.807313
1278	-1254.108	-1468.316	214.2084	0.9790595	3.270638	2.375058
1284	-1256.908	-1470.617	213.7087	0.7419966	3.38684	2.803663
1290	-1248.556	-1461.81	213.2547	0.6985099	3.098354	3.171669
1296	-1245.643	-1458.706	213.0631	0.8378055	4.349307	2.934227
1302	-1248.787	-1462.932	214.1451	0.986512	3.100538	2.453687
1308	-1253.074	-1467.206	214.1321	1.069368	3.854225	2.227967
1314	-1254.66	-1468.925	214.2652	0.6961398	4.598928	2.227967
1320	-1256.616	-1470.926	214.31	1.073178	5.007635	1.870319
1326	-1255.942	-1470.7	214.758	0.9845192	3.852136	1.870319
1332	-1256.064	-1469.753	213.6889	0.9476419	2.731347	2.857786
1338	-1266.066	-1479.891	213.8253	0.9793242	3.010894	2.680099
1344	-1248.037	-1462.441	214.404	0.9472494	4.670477	1.9577
1350	-1244.859	-1458.801	213.9415	0.9794525	4.492376	2.274726
1356	-1240.507	-1454.184	213.6771	1.000134	3.439105	2.652738
1362	-1241.605	-1455.298	213.6937	0.6941425	4.270879	2.652738
1368	-1254.547	-1468.084	213.5368	0.8844457	4.51315	2.58542
1374	-1256.049	-1470.358	214.3092	0.8867703	3.820589	2.239037
1380	-1246.759	-1461.7	214.9411	1.051455	3.638757	1.74991
1386	-1241.268	-1455.745	214.4774	1.069498	2.682352	2.30683
1392	-1240.974	-1455.587	214.6135	0.9664566	3.610071	2.037565
1398	-1245.364	-1459.753	214.3897	0.887462	4.316261	2.079065
1404	-1248.305	-1461.856	213.5503	0.7702443	4.572354	2.636554
1410	-1245.73	-1460.394	214.6641	1.046081	3.628372	1.946177
1416	-1248.735	-1463.328	214.5935	1.046081	4.531408	1.7895
1422	-1259.047	-1472.996	213.9492	0.9323121	3.575358	2.494295
1428	-1233.705	-1447.698	213.9924	0.8866258	3.582078	2.494295
1434	-1239.557	-1453.933	214.3761	0.8133078	3.101609	2.417068
1440	-1251.152	-1464.746	213.5944	0.8942638	3.452578	2.76523
1446	-1251.074	-1463.779	212.7051	0.8704937	3.823321	3.232328
1452	-1251.104	-1465.103	213.9987	0.8187494	3.691073	2.50801
1458	-1250.579	-1465.411	214.832	1.03603	3.126218	1.970536
1464	-1253.331	-1468.564	215.2325	1.087017	2.991654	1.698753
1470	-1274.068	-1487.244	213.1756	0.8319534	3.396566	3.068493
1476	-1260.586	-1474.786	214.2002	1.055155	2.79766	2.457992
1482	-1237.627	-1451.363	213.7353	0.8293252	3.730934	2.655904
1488	-1245.142	-1458.988	213.8467	0.7290882	3.58827	2.680804
1494	-1248.499	-1462.724	214.225	0.9211965	2.99756	2.47166
1500	-1252.395	-1466.823	214.4278	1.125733	2.99756	2.212636
1506	-1252.476	-1467.399	214.9227	1.125733	3.383625	1.777568
1512	-1248.372	-1462.605	214.234	0.9998364	2.994278	2.417458
1518	-1248.514	-1462.667	214.153	0.8131273	3.094159	2.558737
1524	-1243.433	-1457.799	214.3659	0.9926299	3.15264	2.296408
1530	-1251.184	-1465.266	214.0816	0.8190381	2.992256	2.625807
1536	-1256.674	-1470.691	214.0168	0.820992	3.833652	2.463676
1542	-1259.79	-1473.953	214.163	0.9443712	3.263916	2.427304
1548	-1263.899	-1477.972	214.0725	0.985689	2.913242	2.549218
1554	-1259.351	-1473.422	214.0707	0.9265025	4.340482	2.256075
1560	-1250.896	-1465.083	214.187	0.8848393	4.297019	2.216852
1566	-1263.222	-1477.056	213.8339	0.9452209	5.3036	2.216852
1572	-1263.673	-1478.717	215.0439	1.415541	4.636168	1.136984
1578	-1257.474	-1472.679	215.2042	1.351912	3.908935	1.253723
1584	-1252.243	-1467.19	214.9465	1.253452	3.738125	1.576063
1590	-1251.354	-1466.429	215.0752	1.163252	3.738125	1.547713
1596	-1247.724	-1462.767	215.0425	1.080719	4.073838	1.547713
1602	-1260.24	-1473.883	213.6431	0.7600712	2.85756	2.964384
1608	-1245.216	-1458.386	213.1705	0.819176	3.910527	2.9675
1614	-1270.186	-1483.801	213.6157	0.9413344	3.949878	2.613598
1620	-1266.597	-1478.984	212.3875	0.744879	3.793071	3.498883
1626	-1258.509	-1472.597	214.0879	0.8508374	3.105744	2.57272
1632	-1257.095	-1470.661	213.5659	0.8161133	3.62638	2.790839
1638	-1255.094	-1469.04	213.9463	0.7880194	3.190775	2.677528
1644	-1258.261	-1471.271	213.0105	0.7256206	3.944546	3.11224
1650	-1266.508	-1480.728	214.2196	0.9355469	2.69333	2.550333
1656	-1266.898	-1481.22	214.3225	0.902348	2.69333	2.506889
1662	-1260.056	-1474.01	213.9544	0.872687	2.936872	2.685728
1668	-1268.718	-1483.173	214.4553	1.021076	2.926353	2.281917
1674	-1253.643	-1468.16	214.5172	1.084778	3.206877	2.124853
1680	-1258.012	-1471.516	213.5036	0.9139189	2.913186	2.94109
1686	-1261.406	-1475.063	213.6571	0.7780235	3.223852	2.852038
1692	-1263.135	-1477.025	213.8898	0.7984914	3.144534	2.717323
1698	-1253.755	-1468.036	214.2805	0.9337561	2.959981	2.439
1704	-1253.874	-1467.072	213.1983	0.6122054	3.735604	3.111284
1710	-1249.619	-1463.007	213.3878	0.7658929	3.559517	2.943975
1716	-1245.387	-1458.556	213.1694	0.7594904	3.216993	3.157404
1722	-1241.339	-1454.709	213.3707	0.5390974	3.216993	3.168759
1728	-1243.535	-1456.163	212.6276	0.7080406	3.491214	3.444254
1734	-1246.738	-1459.51	212.7718	0.7654756	3.85134	3.249241
1740	-1254.489	-1467.944	213.4549	1.002035	3.205856	2.843218
1746	-1251.983	-1465.309	213.326	0.8115954	4.082019	2.843218
1752	-1254.028	-1467.952	213.9239	0.8983392	3.301754	2.596
1758	-1249.552	-1462.655	213.1024	0.8047251	2.968192	3.231487
1764	-1243.351	-1457.442	214.0913	0.8374808	3.665654	2.443955
1770	-1251.36	-1464.456	213.096	0.8467492	3.670933	3.046191
1776	-1256.41	-1469.949	213.539	0.7599007	3.670933	2.831568
1782	-1256.119	-1468.374	212.2547	0.7217744	3.350453	3.684401
1788	-1263.176	-1475.931	212.7549	0.6669804	3.621427	3.365414
1794	-1262.638	-1475.474	212.8358	0.7166246	3.277713	3.365414
1800	-1250.762	-1463.908	213.1459	0.6708796	3.661098	3.123481
1806	-1252.954	-1466.069	213.1151	0.6999893	3.491876	3.161545
1812	-1252.412	-1465.095	212.6829	0.8275627	2.911368	3.478963
1818	-1252.001	-1466.094	214.0936	0.830819	2.911368	2.632606
1824	-1261.869	-1474.628	212.7593	0.8265868	3.750758	3.24135
1830	-1274.449	-1488.58	214.1313	0.8197242	3.826906	2.393867
1836	-1268.46	-1481.835	213.3747	0.7002376	4.16032	2.865645
1842	-1260.729	-1474.312	213.583	0.7679401	4.138628	2.701716
1848	-1276.316	-1489.249	212.9324	0.6508263	3.156581	3.375906
1854	-1262.071	-1475.453	213.3816	0.8128368	4.202073	2.7848
1860	-1251.631	-1464.456	212.8245	0.6661728	3.507128	3.349853
1866	-1251.254	-1464.292	213.038	0.8012379	3.493156	3.146905
1872	-1255.368	-1468.85	213.4821	0.7824647	3.288935	2.939478
1878	-1254.618	-1469.273	214.6553	1.121733	2.934216	2.084683
1884	-1247.848	-1462.203	214.3551	0.9775389	4.117556	2.084683
1890	-1250.586	-1464.76	214.1737	1.127234	3.391766	2.272621
1896	-1258.472	-1473.034	214.5622	1.33886	3.343877	1.889528
1902	-1258.662	-1473.712	215.0503	1.160008	3.482791	1.636404
1908	-1253.433	-1468.018	214.5857	1.203544	3.543519	1.913834
1914	-1249.644	-1463.025	213.3809	0.8716174	3.267356	2.951869
1920	-1248.816	-1462.551	213.7341	0.9203216	3.450277	2.664145
1926	-1249.493	-1462.156	212.6637	0.7739669	2.778163	3.555844
1932	-1249.979	-1462.217	212.2375	0.6628545	3.490815	3.697393
1938	-1263.314	-1476.779	213.4657	0.7384968	3.188369	2.999901
1944	-1252.886	-1466.828	213.9418	0.88576	3.373986	2.575215
1950	-1250.295	-1463.571	213.2765	0.9746771	3.131473	2.985658
1956	-1246.601	-1460.651	214.0502	0.9801795	2.773174	2.605051
1962	-1236.125	-1449.938	213.8128	1.035973	3.137775	2.620274
1968	-1236.757	-1450.704	213.9469	0.8338907	3.539554	2.565334
1974	-1254.022	-1467.899	213.8768	1.159013	2.905183	2.565334
1980	-1266.235	-1479.733	213.4985	0.9835747	2.816716	2.927812
1986	-1268.221	-1481.894	213.6724	0.7292209	2.816716	2.976242
1992	-1261.446	-1474.064	212.6186	0.6279859	3.12369	3.580384
1998	-1267.42	-1480.166	212.7462	0.7807096	3.03374	3.438768
2004	-1254.308	-1467.822	213.5147	1.069925	3.035439	2.808227
2010	-1272.734	-1485.25	212.5163	0.6824274	3.769923	3.464876
2016	-1279.352	-1493.373	214.0215	1.15192	3.634546	2.296085
2022	-1265.207	-1480.186	214.9787	1.407386	4.808886	1.157004
2028	-1257.845	-1472.75	214.905	1.407386	4.173326	1.379146
2034	-1251.034	-1465.742	214.7075	1.290048	4.173326	1.615698
2040	-1252.072	-1467.053	214.9809	1.251442	4.519547	1.356361
2046	-1267.41	-1481.652	214.2419	0.9103518	4.519547	2.119588
2052	-1252.554	-1465.275	212.7208	0.7921943	3.372513	3.366804
2058	-1258.077	-1470.913	212.8361	0.8203939	4.7898	3.001167
2064	-1259.382	-1474.302	214.9199	1.096493	3.360955	1.805906
2070	-1259.763	-1473.404	213.6409	0.9079247	3.978349	2.612679
2076	-1263.227	-1476.093	212.8664	0.6792347	3.978349	3.21856
2082	-1261.193	-1474.383	213.1897	0.721273	3.35356	3.13598
2088	-1265.042	-1478.763	213.7213	0.9737436	3.35356	2.662037
2094	-1263.354	-1476.768	213.4131	0.8192081	3.491464	2.911907
2100	-1263.392	-1477.774	214.3826	1.044089	3.012521	2.290051
2106	-1265.261	-1478.82	213.5589	0.9866512	3.443627	2.73254
2112	-1242.21	-1455.661	213.4512	0.8430391	3.453171	2.883237
2118	-1251.054	-1464.099	213.045	0.8599744	3.807551	3.039674
2124	-1260.935	-1474.22	213.2848	0.7356864	3.153957	3.11811
2130	-1250.742	-1463.852	213.1105	0.6370506	4.095838	3.075183
2136	-1242.743	-1456.68	213.9366	1.063908	3.826444	2.362607
2142	-1247.137	-1460.37	213.2328	0.7140066	4.299602	2.916031
2148	-1236.102	-1449.663	213.5604	0.8538211	3.754112	2.743187
2154	-1235.162	-1448.761	213.5985	0.860796	3.754112	2.715582
2160	-1233.434	-1447.089	213.6549	0.8133368	3.747127	2.711593
2166	-1241.325	-1455.141	213.8151	0.8781479	3.593221	2.607251
2172	-1247.872	-1462.385	214.5136	1.088917	3.924094	1.948374
2178	-1249.183	-1463.764	214.5807	1.101379	3.924094	1.894593
2184	-1242.301	-1456.713	214.412	1.014528	3.574959	2.146846
2190	-1249.294	-1463.043	213.7493	1.084987	4.369946	2.354187
2196	-1248.104	-1462.722	214.6182	0.978493	3.650494	2.016692
2202	-1251.335	-1465.843	214.5081	1.107803	3.484131	2.044727
2208	-1255.962	-1469.863	213.9013	1.007176	4.489083	2.283354
2214	-1255.787	-1470.184	214.3973	0.8354994	3.786802	2.222956
2220	-1251.946	-1466.374	214.4284	0.9816766	3.867934	2.089111
2226	-1273.679	-1488.849	215.1701	1.200578	3.207213	1.597966
2232	-1270.97	-1485.083	214.1126	0.9867055	3.715503	2.324718
2238	-1268.958	-1482.783	213.8243	0.8835253	3.643938	2.586798
2244	-1253.994	-1467.504	213.51	0.8408238	4.355626	2.659044
2250	-1255.21	-1466.852	211.6424	0.6302672	3.733601	4.007061
2256	-1255.129	-1468.491	213.3614	0.700183	4.116585	2.882378
2262	-1254.133	-1468.204	214.0708	0.9144181	3.349961	2.482747
2268	-1252.189	-1466.478	214.2894	1.061611	3.47065	2.221071
2274	-1254.386	-1468.944	214.5574	1.061611	3.804776	1.96503
2280	-1254.987	-1469.654	214.6663	1.071592	3.804776	1.884725
2286	-1264.27	-1479.093	214.8231	1.094441	2.843149	2.018139
2292	-1260.282	-1474.987	214.7054	1.03269	3.848572	1.874225
2298	-1258.288	-1473.245	214.9563	1.262935	3.737841	1.561995
2304	-1261.002	-1476.094	215.0923	1.380142	3.217224	1.520082
2310	-1259.365	-1474.638	215.2736	1.231125	2.961496	1.574645
2316	-1254.575	-1469.341	214.7662	1.275536	3.205528	1.830741
2322	-1247.847	-1461.855	214.0085	1.165822	2.864165	2.490203
2328	-1247.857	-1462.58	214.7234	1.1605	3.025068	1.988105
2334	-1243.328	-1457.107	213.7785	1.03637	3.342668	2.590634
2340	-1251.546	-1464.711	213.165	0.7576935	3.342668	3.13154
2346	-1244.384	-1458.504	214.12	1.063795	3.342668	2.359411
2352	-1253.223	-1468.387	215.1641	1.444694	2.976911	1.492578
2358	-1243.245	-1457.936	214.6904	0.9558631	4.887259	1.711374
2364	-1242.732	-1456.786	214.0539	1.081852	5.639883	1.923832
2370	-1247.779	-1462.008	214.2283	1.121242	4.502626	1.99262
2376	-1247.544	-1461.559	214.0151	1.046233	4.179065	2.248012
2382	-1261.688	-1475.984	214.2958	1.19999	4.952035	1.803664
2388	-1249.481	-1464.4	214.919	1.19999	4.050055	1.556642
2394	-1245.689	-1460.626	214.9366	1.285299	3.65026	1.583044
2400	-1238.212	-1452.507	214.2952	1.164864	4.180766	1.986512
2406	-1248.526	-1463.242	214.7156	1.013682	3.810714	1.889196
2412	-1246.403	-1461.037	214.6341	1.162314	3.503825	1.919011
2418	-1246.107	-1461.06	214.9526	1.288035	4.088161	1.456085
2424	-1237.379	-1452.488	215.1088	1.401286	4.259873	1.194438
2430	-1242.98	-1458.32	215.3408	1.56921	3.350879	1.123953
2436	-1245.763	-1461.02	215.2568	1.593947	3.854981	1.00532
2442	-1239.1	-1454.316	215.2159	1.502952	4.25082	1.00532
2448	-1242.031	-1457.27	215.2398	1.480005	4.474034	0.9319427
2454	-1230.942	-1446.534	215.5914	1.408714	3.271593	1.069677
2460	-1233.768	-1448.896	215.1284	1.482678	3.634212	1.288453
2466	-1241.998	-1457.31	215.312	1.482678	3.777938	1.084906
2472	-1249.93	-1465.121	215.1907	1.421208	3.944799	1.196256
2478	-1244.314	-1459.327	215.0132	1.421208	4.608378	1.16648
2484	-1243.244	-1458.286	215.0416	1.380279	3.609912	1.444688
2490	-1238.119	-1453.037	214.9181	1.312861	3.902726	1.510579
2496	-1252.444	-1467.34	214.8955	1.254826	3.675542	1.628404
2502	-1236.902	-1451.818	214.9161	1.23678	3.062174	1.794624
2508	-1244.84	-1459.26	214.42	1.233382	4.280263	1.83393
2514	-1250.09	-1464.519	214.4288	0.9644732	4.355542	1.993884
2520	-1254.767	-1469.666	214.8988	1.15806	3.295742	1.795509
2526	-1254.977	-1469.093	214.1158	1.155137	3.983231	2.154389
2532	-1249.963	-1463.916	213.9528	0.8321397	3.302329	2.618928
2538	-1260.463	-1473.915	213.4521	0.9170663	3.732722	2.775344
2544	-1258.099	-1471.913	213.8139	0.9518973	3.446508	2.596268
2550	-1245.299	-1458.394	213.0952	0.8561362	3.830918	3.007003
2556	-1252.217	-1465.095	212.8783	0.7207529	3.073722	3.386672
2562	-1247.584	-1461.154	213.5697	0.792687	3.643862	2.798896
2568	-1251.858	-1466.083	214.225	0.8704477	2.831358	2.548479
2574	-1246.058	-1460.513	214.4554	1.011889	4.793745	1.854521
2580	-1255.583	-1469.776	214.1934	1.337159	3.93065	1.995089
2586	-1275.642	-1490.794	215.1518	1.277272	2.810388	1.677131
2592	-1247.43	-1461.458	214.0281	0.9103891	3.971577	2.370344
2598	-1242.593	-1455.86	213.2671	0.9004934	3.465108	2.95688
2604	-1261.324	-1475.803	214.4795	1.110686	3.690778	2.011342
2610	-1253.305	-1468.068	214.763	1.110686	3.047835	1.988549
2616	-1247.448	-1461.983	214.5354	1.087464	3.324231	2.080618
2622	-1262.591	-1476.157	213.5662	0.8135747	2.982426	2.945855
2628	-1251.058	-1464.203	213.1446	0.7765105	3.290723	3.144554
2634	-1250.166	-1464.393	214.2272	0.8831956	3.290723	2.418691
2640	-1266.352	-1480.153	213.8013	0.8732699	4.175403	2.493903
2646	-1264.963	-1479	214.0365	0.8448564	4.332072	2.331824
2652	-1251.422	-1465.354	213.9326	0.7888271	4.19095	2.461355
2658	-1248.315	-1461.286	212.9708	0.755472	3.71469	3.165829
2664	-1252.131	-1465.281	213.1506	0.9254771	3.849051	2.928241
2670	-1252.894	-1467.149	214.2555	0.9271293	4.157023	2.174305
2676	-1251.394	-1465.313	213.9183	0.9795439	3.149563	2.586931
2682	-1246.362	-1460.55	214.1876	1.024057	4.242738	2.137336
2688	-1247.047	-1461.451	214.4039	1.057594	4.760008	1.865144
2694	-1267.669	-1482.318	214.6496	0.9613936	3.627888	2.012634
2700	-1255.889	-1470.117	214.2278	0.9967056	4.029256	2.174498
2706	-1244.403	-1458.164	213.7606	0.8933072	3.360604	2.685651
2712	-1244.446	-1458.606	214.16	1.051481	4.04002	2.180602
2718	-1249.885	-1464.212	214.327	0.9057382	4.441659	2.082437
2724	-1263.594	-1478.4	214.8056	0.9361552	3.057012	2.073503
2730	-1260.615	-1474.622	214.0061	1.069342	3.368675	2.421558
2736	-1275.347	-1489.514	214.1668	0.967795	2.703549	2.560171
2742	-1262.637	-1476.593	213.9561	1.056778	3.357238	2.463672
2748	-1249.858	-1464.532	214.6732	1.249399	3.042339	1.957294
2754	-1253.624	-1468.523	214.8993	1.512508	4.535361	1.205022
2760	-1248.179	-1462.83	214.6513	1.198991	4.30019	1.69203
2766	-1255.017	-1469.584	214.5661	1.193246	4.695058	1.670775
2772	-1253.982	-1469.009	215.0263	1.43205	4.695058	1.12232
2778	-1257.984	-1472.315	214.3309	1.123755	4.37334	1.948986
2784	-1248.538	-1461.86	213.3221	0.9261343	4.582753	2.679176
2790	-1240.779	-1455	214.2217	0.9994706	4.582753	2.061686
2796	-1246.818	-1461.662	214.8441	1.267139	5.507684	1.228985
2802	-1248.206	-1463.06	214.8538	1.267139	4.036211	1.558598
2808	-1244.069	-1459.305	215.2363	1.331237	4.00485	1.216749
2814	-1247.952	-1462.694	214.7425	1.36913	4.928306	1.356717
2820	-1239.194	-1454.517	215.3227	1.477804	3.708486	1.102251
2826	-1235.751	-1451.1	215.3493	1.54579	3.608843	1.047586
2832	-1257.027	-1472.496	215.4686	1.731838	3.402579	0.7966232
2838	-1251.599	-1467.015	215.4154	1.645567	3.344159	0.9825017
2844	-1261.217	-1474.985	213.7675	0.9795236	3.208751	2.665233
2850	-1255.712	-1470.339	214.6271	1.002923	3.102328	2.134409
2856	-1254.892	-1469.726	214.8337	1.317643	3.695983	1.622376
2862	-1245.417	-1460.27	214.8526	1.310346	2.950252	1.820518
2868	-1245.121	-1459.226	214.1049	1.085439	3.604869	2.292209
2874	-1250.785	-1465.473	214.6879	1.119288	3.604869	1.886325
2880	-1267.6	-1482.686	215.0859	1.798785	4.693004	0.5754392
2886	-1255.732	-1470.97	215.2384	1.889484	3.932608	0.5671541
2892	-1255.455	-1469.841	214.3862	1.157337	3.152519	2.177312
2898	-1256.693	-1470.327	213.6344	0.8567906	3.922896	2.65989
2904	-1242.925	-1457.723	214.7981	2.360419	3.55001	0.2978119
2910	-1251.813	-1464.629	212.8156	0.6616994	3.256608	3.414409
2916	-1244.77	-1458.776	214.0061	0.9369571	3.204939	2.544917
2922	-1245.839	-1460.705	214.8661	2.24767	3.782733	0.3310589
2928	-1263.49	-1478.028	214.5378	2.491492	3.611425	0.2370945
2934	-1253.132	-1467.774	214.6418	2.491492	3.352459	0.2400066
2940	-1249.212	-1463.795	214.5821	2.503355	3.352459	0.2196528
2946	-1260.431	-1475.031	214.5993	2.406645	3.54091	0.2166066
2952	-1253.361	-1467.958	214.5972	2.547871	3.269565	0.2307722
2958	-1256.675	-1471.273	214.5983	2.507833	3.214024	0.2070298
2964	-1266.395	-1481.491	215.0957	1.25886	3.766591	1.453039
2970	-1254.855	-1469.034	214.1794	2.489449	4.676058	0.2322918
2976	-1257.442	-1472.045	214.6027	2.328212	4.067673	0.2678518
2982	-1257.832	-1473.077	215.2451	1.36431	3.153238	1.436177
2988	-1248.047	-1463.292	215.2451	1.36431	3.153238	1.436177
2994	-1249.01	-1463.535	214.5249	1.09569	3.878466	1.946785
3000	-1246.765	-1460.952	214.1874	0.9813164	3.391941	2.356892
3006	-1243.859	-1457.709	213.8507	1.015091	3.20792	2.592146
3012	-1246.262	-1460.27	214.008	1.085003	4.288244	2.204974
3018	-1249.787	-1463.714	213.9261	1.0015	3.385568	2.510193
3024	-1251.429	-1465.729	214.3005	1.219104	3.714977	2.052419
3030	-1281.04	-1494.331	213.2912	0.7380884	3.296705	3.078707
3036	-1287.466	-1500.774	213.3081	0.8039849	3.286815	3.031536
3042	-1251.506	-1465.073	213.5675	1.116167	3.854771	2.555346
3048	-1240.402	-1453.768	213.3654	0.8815899	3.598394	2.879032
3054	-1242.055	-1454.331	212.2755	0.6992793	3.633721	3.623684
3060	-1242.247	-1455.462	213.2147	0.8443217	3.982482	2.910952
3066	-1237.043	-1450.559	213.5161	1.043235	3.666359	2.673466
3072	-1263.084	-1476.924	213.8404	1.040333	4.475017	2.303841
3078	-1250.932	-1464.862	213.9292	0.9622562	4.440249	2.303841
3084	-1264.936	-1478.658	213.7225	0.947313	4.302462	2.471312
3090	-1246.237	-1461.072	214.8351	1.216654	3.824802	1.661199
3096	-1251.436	-1465.568	214.1321	1.07425	4.394758	2.109366
3102	-1269.012	-1484.349	215.337	1.97127	3.451615	0.5218272
3108	-1259.379	-1474.698	215.3191	1.97127	3.499102	0.5218272
3114	-1250.576	-1465.87	215.2945	1.957095	3.603667	0.5218272
3120	-1253.958	-1468.031	214.0723	0.8193609	3.144861	2.591977
3126	-1259.128	-1472.762	213.6336	0.9104917	4.09267	2.591977
3132	-1249.388	-1462.943	213.5543	0.6794813	4.114042	2.778339
3138	-1249.101	-1462.971	213.8703	0.9641236	3.829147	2.466767
3144	-1247.188	-1460.517	213.3293	0.7515207	3.923572	2.909869
3150	-1244.374	-1457.638	213.2643	0.8337238	3.676504	2.951808
3156	-1247.31	-1461.228	213.9182	0.8693981	3.711658	2.521988
3162	-1250.865	-1464.452	213.5878	1.15049	3.27467	2.654411
3168	-1245.447	-1459.324	213.8762	0.8848738	3.044107	2.69821
3174	-1246.475	-1459.17	212.6943	0.7588663	3.000751	3.489984
3180	-1244.139	-1456.63	212.4917	0.6706028	3.751589	3.489984
3186	-1236.377	-1450.051	213.6737	0.8048451	3.920442	2.66819
3192	-1232.582	-1446.921	214.3391	0.8383247	3.313923	2.370567
3198	-1241.943	-1455.916	213.9731	1.003535	3.859047	2.370567
3204	-1246.325	-1461.261	214.9365	1.400319	4.199027	1.353272
3210	-1257.908	-1472.285	214.3777	1.017523	3.880207	2.096077
3216	-1255.185	-1469.149	213.964	1.084614	3.880207	2.320192
3222	-1252.988	-1467.295	214.3075	0.9477606	4.073919	2.144805
3228	-1244.361	-1458.919	214.5574	1.248577	3.202627	1.991258
3234	-1244.169	-1458.52	214.3512	1.146505	3.400968	2.143117
3240	-1251.501	-1465.568	214.0664	0.9887534	4.038951	2.281573
3246	-1250.431	-1464.336	213.905	1.052824	3.427616	2.481174
3252	-1249.117	-1464.037	214.9196	1.163125	4.173896	1.55332
3258	-1249.545	-1463.836	214.2905	1.04926	4.227329	2.056473
3264	-1253.368	-1467.821	214.4524	1.32117	4.227329	1.762422
3270	-1258.349	-1473.34	214.99	1.198501	4.236785	1.458915
3276	-1252.615	-1467.757	215.142	1.220599	4.338819	1.296704
3282	-1250.49	-1463.212	212.7218	0.793729	3.463595	3.344851
3288	-1244.291	-1457.768	213.4764	0.6664009	3.740488	2.911004
3294	-1250.189	-1465.128	214.9392	0.9609982	3.735633	1.79001
3300	-1265.931	-1479.049	213.1185	0.7190683	3.455728	3.156295
3306	-1251.724	-1465.168	213.4431	0.9142708	3.553917	2.822069
3312	-1257.35	-1470.803	213.4533	0.9464633	3.440972	2.822069
3318	-1254.51	-1468.773	214.2633	1.146136	3.278452	2.231309
3324	-1255.718	-1469.505	213.7872	1.06587	4.384601	2.339322
3330	-1246.456	-1460.419	213.9628	1.014969	2.985822	2.57976
3336	-1247.661	-1460.669	213.0077	0.6923807	3.540428	3.218964
3342	-1247.634	-1460.626	212.9922	0.8283165	5.063478	2.855397
3348	-1242.864	-1456.132	213.2678	0.8500438	4.0811	2.855397
3354	-1248.722	-1461.836	213.1143	0.885094	4.941418	2.76741
3360	-1251.649	-1465.034	213.3848	0.903844	4.281834	2.711575
3366	-1250.29	-1464.184	213.8942	1.072773	3.865657	2.375244
3372	-1257.015	-1469.954	212.9383	0.8395532	3.783738	3.120584
3378	-1257.024	-1471.94	214.9157	0.9935096	3.754337	1.779118
3384	-1271.589	-1486	214.4107	1.137409	4.892602	1.779118
3390	-1263.655	-1477.706	214.0512	1.203238	4.942547	1.969711
3396	-1254.244	-1469.026	214.7822	1.1258	3.842438	1.7584
3402	-1255.08	-1469.15	214.0696	1.003284	3.832947	2.315182
3408	-1248.778	-1462.691	213.9131	0.928469	3.774814	2.474245
3414	-1248.17	-1462.379	214.2084	1.057469	3.487141	2.27182
3420	-1258.485	-1473.131	214.6455	1.164696	3.593525	1.887087
3426	-1255.877	-1469.504	213.6272	0.922664	4.400158	2.527075
3432	-1254.82	-1469.3	214.479	0.9763797	3.894381	2.053246
3438	-1258.767	-1473.065	214.2976	0.9763797	3.856902	2.180455
3444	-1260.997	-1474.372	213.3752	0.7084309	4.977362	2.709685
3450	-1254.033	-1469.426	215.3925	1.44248	3.734875	1.061498
3456	-1261.989	-1477.238	215.2488	1.388809	4.567016	0.9881705
3462	-1252.95	-1466.747	213.7971	0.8073478	2.964194	2.814594
3468	-1255.96	-1469.45	213.4906	0.9117376	3.352601	2.841131
3474	-1253.949	-1467.927	213.9777	0.9041908	3.286217	2.562763
3480	-1269.241	-1484.144	214.9034	1.357712	5.265728	1.154837
3486	-1275.505	-1490.233	214.7275	1.373242	4.989445	1.351716
3492	-1265.473	-1480.726	215.2525	1.338031	3.544008	1.331892
3498	-1265.516	-1480.533	215.0168	1.296621	4.429213	1.313659
3504	-1269.365	-1484.798	215.4333	1.367982	3.366648	1.213637
3510	-1260.545	-1475.63	215.0847	1.28562	4.520218	1.244022
3516	-1252.757	-1467.668	214.9106	1.353933	4.762711	1.271795
3522	-1263.573	-1477.196	213.6235	0.8612981	4.542868	2.540318
3528	-1268.018	-1481.445	213.427	0.8612981	4.560907	2.658545
3534	-1276.302	-1491.043	214.7417	1.298851	4.794829	1.441902
3540	-1270.185	-1482.992	212.8069	0.7535631	3.857611	3.23425
3546	-1269.852	-1484.115	214.2631	0.885118	3.369983	2.375228
3552	-1254.809	-1468.972	214.1634	1.11282	5.860311	1.790033
3558	-1245.063	-1460.064	215.0015	1.226165	4.147075	1.451225
3564	-1248.901	-1463.731	214.83	1.230124	4.147075	1.576398
3570	-1252.395	-1467.489	215.0937	1.134492	2.966804	1.770361
3576	-1255.039	-1469.659	214.6206	1.022548	4.61061	1.770361
3582	-1243.115	-1457.67	214.555	1.08811	4.61061	1.770361
3588	-1257.281	-1471.835	214.5541	1.146039	4.423586	1.770361
3594	-1241.301	-1456.109	214.8088	1.112804	3.123711	1.935234
3600	-1256.933	-1470.88	213.9469	0.8848261	3.778063	2.479714
3606	-1255.392	-1469.388	213.9956	0.999138	3.983698	2.331997
3612	-1242.883	-1456.045	213.1621	0.9456041	4.074185	2.862957
3618	-1245.065	-1459.129	214.0642	1.203677	3.944684	2.164865
3624	-1245.187	-1459.524	214.3364	1.25974	3.756512	1.991699
3630	-1251.032	-1465.683	214.6508	1.264512	3.960548	1.724828
3636	-1253.318	-1467.948	214.63	1.119849	3.857691	1.864012
3642	-1253.9	-1468.692	214.7921	1.470839	3.394231	1.622745
3648	-1245.037	-1458.786	213.7489	0.9663311	3.435046	2.630259
3654	-1253.825	-1467.621	213.7959	0.7595026	3.862782	2.633078
3660	-1246.614	-1460.127	213.5131	0.9441094	4.091957	2.645794
3666	-1248.83	-1462.68	213.8501	0.9925709	3.647855	2.502008
3672	-1251.788	-1465.69	213.9027	1.075453	5.507828	2.051777
3678	-1251.635	-1465.857	214.2212	1.075453	4.385662	2.051777
3684	-1246.512	-1460.728	214.2169	1.205024	3.418965	2.18792
3690	-1254.468	-1468.873	214.4049	1.172821	4.803374	1.776388
3696	-1239.634	-1454.376	214.7422	1.080867	3.748705	1.840025
3702	-1240.433	-1454.627	214.1936	1.165213	3.706082	2.159912
3708	-1241.912	-1455.076	213.1632	1.069136	3.73668	2.857645
3714	-1259.208	-1473.266	214.0578	0.9876823	2.756743	2.600294
3720	-1247.684	-1460.776	213.0917	0.826922	3.27924	3.148737
3726	-1249.044	-1461.454	212.4099	0.7639126	4.232096	3.388339
3732	-1246.308	-1459.88	213.5723	0.6938699	3.666984	2.852307
3738	-1244.201	-1456.193	211.9915	0.7901234	3.535218	3.756387
3744	-1234.172	-1447.788	213.6162	0.8072082	3.535218	2.786103
3750	-1241.613	-1454.517	212.9049	0.6904516	3.043094	3.39637
3756	-1256.874	-1469.521	212.6472	0.6511511	3.819688	3.39637
3762	-1242.326	-1456.886	214.5594	1.031607	4.859963	1.75573
3768	-1244.78	-1459.945	215.1655	1.145517	3.936953	1.441176
3774	-1241.178	-1456.346	215.1678	1.340001	3.543808	1.397236
3780	-1230.22	-1445.1	214.8797	1.377709	4.672394	1.299352
3786	-1243.208	-1458.241	215.0335	1.377709	3.339747	1.529544
3792	-1249.677	-1464.578	214.9013	1.150387	4.160905	1.57927
3798	-1254.821	-1469.275	214.4534	0.9567689	5.051583	1.843439
3804	-1258.424	-1472.985	214.5616	1.257222	4.602533	1.647893
3810	-1252.081	-1466.295	214.2147	1.109524	4.459148	2.018419
3816	-1248.669	-1462.908	214.2393	0.9049291	4.477217	2.133291
3822	-1248.963	-1463.642	214.6781	1.128011	3.882462	1.819522
3828	-1256.298	-1470.852	214.5532	1.0115	3.876577	1.984643
3834	-1246.881	-1460.799	213.9173	1.150354	3.823442	2.320617
3840	-1248.889	-1462.57	213.6809	0.7819438	4.01325	2.658509
3846	-1239.796	-1453.154	213.3574	0.7954297	4.289211	2.793125
3852	-1245.881	-1459.833	213.9518	0.9870919	4.043572	2.354728
3858	-1245.189	-1459.014	213.8247	1.14096	3.864402	2.376385
3864	-1253.943	-1468.399	214.4558	1.14096	3.571308	2.035846
3870	-1251.14	-1465.464	214.3235	0.9772224	3.74228	2.189252
3876	-1250.182	-1464.213	214.0309	0.9772224	3.989513	2.322241
3882	-1253.924	-1467.706	213.7822	0.9772224	3.695468	2.543185
3888	-1264.187	-1478.034	213.8465	1.035165	4.891274	2.224173
3894	-1254.067	-1468.202	214.1349	1.08539	4.130461	2.155419
3900	-1254.623	-1469.624	215.0004	1.436797	3.444897	1.479779
3906	-1253.307	-1468.38	215.073	1.419298	4.524866	1.137608
3912	-1257.615	-1471.837	214.2224	0.9938129	3.623034	2.271359
3918	-1261.352	-1475.291	213.9388	1.099678	3.623034	2.384551
3924	-1263.601	-1477.297	213.6956	0.9956875	3.15952	2.711761
3930	-1252.884	-1467.059	214.175	0.9196691	4.727131	2.116642
3936	-1253.103	-1467.131	214.0278	0.9292346	4.78998	2.194292
3942	-1252.313	-1466.287	213.9746	0.9784643	4.803523	2.194292
3948	-1254.284	-1468.959	214.6757	1.010745	4.803523	1.700026
3954	-1246.285	-1460.383	214.0978	1.010745	4.803523	2.092935
3960	-1253.27	-1467.135	213.8654	0.8666583	4.226536	2.447505
3966	-1262.501	-1476.853	214.3523	1.056528	5.103252	1.834555
3972	-1236.511	-1451.167	214.6562	1.120129	3.399673	1.95916
3978	-1240.371	-1454.534	214.1631	1.151874	4.673563	1.981371
3984	-1248.94	-1462.803	213.8628	0.9416722	3.660585	2.522955
3990	-1251.041	-1464.915	213.8735	0.9773868	4.570475	2.304322
3996	-1252.243	-1466.923	214.6794	1.15293	3.214953	1.970299
4002	-1246.201	-1460.916	214.7152	1.069126	3.336201	1.970299
4008	-1241.049	-1455.398	214.3491	0.9317274	3.867003	2.173795
4014	-1249.209	-1463.105	213.8953	0.9190853	3.83901	2.477191
4020	-1255.756	-1469.376	213.6196	0.9415149	3.531492	2.702731
4026	-1257.936	-1471.634	213.6981	0.830488	3.61966	2.702731
4032	-1257.093	-1471.236	214.1429	0.8783365	3.382347	2.452305
4038	-1258.879	-1472.998	214.1182	0.8471951	3.129355	2.550116
4044	-1247.277	-1460.48	213.2029	0.6939181	3.386904	3.136757
4050	-1253.536	-1467.275	213.739	0.9024733	3.357829	2.693915
4056	-1249.397	-1463.169	213.7719	1.072131	3.357829	2.56887
4062	-1245.487	-1458.903	213.4162	0.9718612	3.724631	2.765532
4068	-1248.771	-1463.022	214.2508	0.7924819	3.604323	2.385867
4074	-1241.224	-1455.154	213.9297	0.8912835	3.604323	2.525403
4080	-1238.657	-1453.015	214.358	0.8378972	3.046463	2.427468
4086	-1243.536	-1456.934	213.398	0.8830148	4.229003	2.726617
4092	-1244.697	-1458.881	214.1838	0.870248	4.848533	2.120127
4098	-1243.772	-1457.644	213.8723	1.03691	5.374026	2.120127
4104	-1252.257	-1466.241	213.984	0.9610622	4.026956	2.354334
4110	-1256.279	-1471.084	214.8048	1.247142	3.39754	1.771414
4116	-1258.832	-1473.164	214.3317	1.121074	4.171855	1.993317
4122	-1253.87	-1468.38	214.5105	1.14697	4.616557	1.759159
4128	-1250.984	-1465.92	214.9367	1.317636	3.881404	1.498573
4134	-1253.677	-1468.155	214.4784	1.296076	4.068892	1.797813
4140	-1243.47	-1458.922	215.4522	1.274131	2.911734	1.424501
4146	-1260.206	-1475.447	215.2407	1.545107	2.820173	1.409709
4152	-1243.425	-1458.433	215.0085	1.119384	3.726339	1.631452
4158	-1241.807	-1456.727	214.9199	1.377297	3.971041	1.442869
4164	-1257.763	-1471.745	213.9817	0.9693713	3.459315	2.477873
4170	-1239.305	-1454.156	214.8506	1.153607	3.055098	1.898615
4176	-1237.57	-1452.07	214.4999	1.007337	4.458714	1.895551
4182	-1232.892	-1447.284	214.3925	1.072813	4.21175	1.976356
4188	-1235.342	-1449.743	214.4019	1.009448	3.831047	2.096725
4194	-1242.596	-1456.964	214.3674	1.036511	3.940204	2.076836
4200	-1238.966	-1453.258	214.2929	1.144376	3.615358	2.130139
4206	-1242.11	-1456.436	214.3253	1.279441	3.693486	2.000979
4212	-1238.41	-1452.964	214.5541	1.141829	3.446578	2.000979
4218	-1239.185	-1453.829	214.6445	1.161099	3.167521	2.000979
4224	-1237.262	-1452.058	214.7958	1.219175	4.836497	1.45219
4230	-1249.762	-1464.627	214.8649	1.289543	3.880909	1.572752
4236	-1239.836	-1454.494	214.658	1.20659	4.599814	1.615455
4242	-1233.733	-1448.631	214.8984	1.294639	4.075787	1.495189
4248	-1224.263	-1438.739	214.476	1.331005	4.76685	1.621356
4254	-1236.716	-1450.412	213.696	0.9505392	4.816787	2.387959
4260	-1235.171	-1449.892	214.7212	1.170488	4.363316	1.648239
4266	-1238.264	-1452.763	214.4991	1.227928	3.593008	1.943549
4272	-1260.287	-1475.138	214.8505	1.257561	3.116581	1.810046
4278	-1255.928	-1470.186	214.2576	1.237538	3.627049	2.089414
4284	-1246.992	-1461.641	214.6485	1.145495	3.950588	1.811766
4290	-1243.047	-1457.29	214.2436	1.170007	3.856448	2.089414
4296	-1241.041	-1455.839	214.7977	1.423875	3.646276	1.584396
4302	-1248.759	-1463.543	214.784	1.381314	3.646276	1.62526
4308	-1247.197	-1461.438	214.2409	1.012409	3.403682	2.300149
4314	-1252.882	-1466.812	213.93	1.005029	3.403682	2.501197
4320	-1250.979	-1463.806	212.8272	0.9592463	3.734555	3.125819
4326	-1251.332	-1464.178	212.8459	1.000167	3.734555	3.090312
4332	-1251.275	-1465.594	214.3188	0.9962035	3.525835	2.230928
4338	-1249.616	-1464.057	214.4412	1.035095	4.310493	1.947758
4344	-1271.223	-1485.101	213.8782	1.134929	4.311501	2.251703
4350	-1249.722	-1463.119	213.3977	0.9596211	3.052063	2.941601
4356	-1252.146	-1465.682	213.5362	0.9604076	3.213812	2.817185
4362	-1267.087	-1481.425	214.3385	1.176522	5.004324	1.780145
4368	-1261.383	-1475.595	214.2124	1.302581	5.004324	1.780145
4374	-1253.575	-1468.219	214.6441	1.357077	3.688815	1.731228
4380	-1255.309	-1470.106	214.7975	1.214434	3.404511	1.797346
4386	-1263.166	-1477.732	214.5667	1.086551	2.886594	2.17908
4392	-1255.926	-1469.907	213.9817	1.197062	2.810059	2.502458
4398	-1258.534	-1472.753	214.219	1.044336	3.645306	2.235857
4404	-1262.248	-1475.51	213.2616	0.976323	3.815386	2.8374
4410	-1266.514	-1480.202	213.6876	0.875218	4.913027	2.423371
4416	-1257.521	-1471.286	213.7657	0.9982523	4.459721	2.381072
4422	-1259.845	-1473.471	213.6254	1.110829	4.089183	2.472954
4428	-1264.74	-1478.432	213.6915	0.9396372	3.678172	2.62656
4434	-1253.579	-1467.181	213.6026	0.961618	3.045736	2.818027
4440	-1249.904	-1464.254	214.35	1.003853	3.869789	2.125532
4446	-1243.056	-1457.199	214.1439	1.007178	3.710252	2.292896
4452	-1238.207	-1452.403	214.1959	0.960182	3.083182	2.442826
4458	-1248.633	-1462.805	214.1723	0.9394519	3.191312	2.442826
4464	-1252.398	-1465.021	212.6228	0.6709024	3.210676	3.532381
4470	-1249.6	-1464.519	214.9191	1.006836	3.284434	1.888456
4476	-1239.36	-1452.921	213.5614	0.9679546	3.401151	2.752358
4482	-1237.059	-1449.823	212.7634	0.7343413	3.401151	3.369293
4488	-1247.074	-1459.632	212.5583	0.7431537	3.944441	3.369293
4494	-1246.273	-1459.941	213.6673	1.044797	3.340582	2.654632
4500	-1264.572	-1478.641	214.0693	0.966873	4.246578	2.250183
4506	-1256.172	-1469.792	213.6202	0.9649366	3.91698	2.603155
4512	-1254.297	-1468.332	214.0349	0.8169042	4.471742	2.322915
4518	-1245.812	-1458.742	212.9305	0.7928883	3.939861	3.12077
4524	-1233.038	-1446.943	213.9048	0.7634991	4.249156	2.482889
4530	-1231.316	-1444.709	213.3928	0.8611675	3.046144	3.005255
4536	-1241.977	-1455.623	213.6461	0.7673241	4.155643	2.659893
4542	-1238.674	-1452.185	213.5111	0.9689378	3.910357	2.669413
4548	-1242.3	-1455.938	213.6378	0.9024739	3.160435	2.803746
4554	-1243.938	-1457.118	213.1801	0.8235732	3.703095	3.002747
4560	-1260.215	-1474.143	213.928	0.9376123	2.641314	2.743808
4566	-1256.139	-1470.561	214.4215	1.01334	3.37548	2.190354
4572	-1255.338	-1470.038	214.6992	1.081266	3.085769	2.039993
4578	-1251.516	-1465.682	214.1663	0.9984438	3.637151	2.301007
4584	-1269.655	-1483.846	214.1918	0.9040729	3.585978	2.356791
4590	-1254.805	-1467.875	213.0702	0.8673299	3.074614	3.186828
4596	-1245.805	-1459.919	214.1143	0.8483667	2.939029	2.601538
4602	-1247.454	-1460.442	212.9883	0.8471407	3.806929	3.081366
4608	-1252.67	-1465.115	212.4456	0.8312554	3.332249	3.51411
4614	-1255.23	-1470.155	214.9246	1.21529	3.907082	1.576774
4620	-1258.157	-1472.644	214.4872	1.09254	3.337911	2.105439
4626	-1264.394	-1479.629	215.2347	1.318672	3.458569	1.386636
4632	-1243.456	-1457.908	214.4527	1.249914	4.648565	1.720758
4638	-1245.178	-1459.896	214.7175	1.316105	3.801549	1.679952
4644	-1242.699	-1456.641	213.942	0.9974563	3.801549	2.406769
4650	-1243.683	-1457.193	213.5096	0.9421544	4.89043	2.497097
4656	-1240.561	-1454.412	213.8512	1.183858	3.588585	2.394676
4662	-1246.713	-1461.597	214.8845	1.079557	3.434844	1.822451
4668	-1252.64	-1466.802	214.1624	1.120257	5.388308	1.868279
4674	-1265.992	-1480.205	214.2122	1.15873	5.397346	1.806046
4680	-1245.07	-1459.598	214.528	1.196282	4.055843	1.835427
4686	-1242.783	-1457.575	214.792	1.41062	4.008984	1.504733
4692	-1239.877	-1454.512	214.6355	1.365574	4.008984	1.652317
4698	-1240.955	-1455.68	214.7252	1.317076	4.237284	1.568035
4704	-1239.598	-1453.796	214.1975	0.9745305	4.59535	2.091612
4710	-1260.186	-1474.784	214.5982	1.086576	3.711052	1.943149
4716	-1263.353	-1477.589	214.2366	0.909798	3.224127	2.412718
4722	-1273.977	-1488.369	214.3925	0.9768148	3.848757	2.12024
4728	-1253.103	-1467.359	214.256	1.081522	4.083823	2.088822
4734	-1239.453	-1453.47	214.0169	1.073523	4.511975	2.161436
4740	-1241.845	-1456.112	214.2669	0.831544	3.859023	2.293058
4746	-1240.526	-1453.759	213.2328	0.8405485	3.872305	2.925009
4752	-1239.044	-1451.629	212.5851	0.7708697	3.302969	3.474629
4758	-1247.706	-1460.348	212.642	0.6962592	3.348309	3.474629
4764	-1254.792	-1468.03	213.2383	0.7158592	2.851872	3.233586
4770	-1257.201	-1471.821	214.6199	1.173163	4.409685	1.708178
4776	-1263.851	-1478.828	214.9776	1.256086	3.998176	1.484108
4782	-1245.505	-1459.443	213.9382	0.9365433	4.725799	2.259471
4788	-1237.144	-1450.171	213.0268	0.8260968	3.571559	3.121439
4794	-1245.694	-1460.14	214.4452	0.831794	4.178736	2.108112
4800	-1252.586	-1466.74	214.1538	0.9703801	4.178736	2.20755
4806	-1240.891	-1455.469	214.5778	0.9603975	4.139449	1.943164
4812	-1235.578	-1450.158	214.5803	0.9445169	3.848124	2.017854
4818	-1246.812	-1460.907	214.0958	0.9279973	3.214028	2.492276
4824	-1249.547	-1463.983	214.4353	1.098216	4.119736	1.950696
4830	-1250.228	-1463.963	213.7347	1.168962	4.899047	2.208525
4836	-1241.596	-1455.741	214.1451	1.114027	4.930327	1.968919
4842	-1240.65	-1455.289	214.6389	1.114027	4.121146	1.800748
4848	-1243.61	-1457.909	214.2989	0.9830198	4.121146	2.117193
4854	-1240.463	-1454.043	213.5798	0.9644741	3.028449	2.834581
4860	-1238.037	-1452.516	214.479	0.9649022	4.687856	1.891596
4866	-1235.807	-1450.473	214.6659	1.052077	3.728323	1.916578
4872	-1240.285	-1453.925	213.6402	1.086317	5.075676	2.290458
4878	-1243.723	-1457.463	213.7394	1.006038	4.459352	2.392828
4884	-1239.523	-1453.463	213.9397	1.006038	4.10123	2.338187
4890	-1238.821	-1452.486	213.6659	0.9558761	3.861188	2.592357
4896	-1247.187	-1461.28	214.0931	0.9579512	3.684734	2.36244
4902	-1251.727	-1465.433	213.7063	0.8757303	3.916854	2.605112
4908	-1255.939	-1470.455	214.5157	0.9726189	4.574128	1.8845
4914	-1246.276	-1459.594	213.3179	1.03638	4.336298	2.660615
4920	-1262.075	-1475.74	213.6654	1.016325	3.062984	2.741995
4926	-1250.834	-1464.592	213.7582	0.7930511	3.451866	2.727124
4932	-1249.355	-1463.391	214.0356	1.009238	3.831186	2.333422
4938	-1257.501	-1471.179	213.6773	1.029477	3.831575	2.545979
4944	-1260.197	-1473.279	213.0818	0.8295331	3.727422	3.052815
4950	-1274.456	-1487.826	213.3706	0.8360675	4.051856	2.807334
4956	-1262.456	-1475.573	213.1164	0.8962044	3.726822	2.992294
4962	-1268.018	-1480.962	212.9438	0.830628	3.825687	3.113823
4968	-1246.926	-1460.377	213.4517	0.9222421	3.825687	2.752413
4974	-1244.692	-1459.177	214.4848	1.174046	3.972638	1.899151
4980	-1256.54	-1470.752	214.2119	1.099558	3.774594	2.174864
4986	-1254.01	-1468.682	214.672	1.04439	3.903155	1.876127
4992	-1265.996	-1481.193	215.1973	1.241429	3.35567	1.504467
4998	-1271.982	-1486.953	214.9709	1.245008	3.970608	1.504467
5004	-1266.684	-1481.818	215.1336	1.257328	3.110698	1.611787
5010	-1248.425	-1463.731	215.3061	1.336627	3.272065	1.373209
5016	-1253.704	-1468.327	214.6237	1.336627	3.336588	1.851031
5022	-1260.079	-1474.477	214.398	0.9970014	4.231508	2.018984
5028	-1257.945	-1472.022	214.0775	1.06611	4.348243	2.159847
5034	-1257.406	-1471.768	214.3613	1.148613	4.767989	1.830374
5040	-1250.68	-1464.984	214.3049	1.001402	3.958851	2.136724
5046	-1246.777	-1460.492	213.7158	1.038276	3.072427	2.695236
5052	-1246.801	-1460	213.1987	0.7645003	3.072427	3.172155
5058	-1236.88	-1450.778	213.8978	0.9330806	3.319157	2.586396
5064	-1240.111	-1454.276	214.1649	0.9943796	2.561696	2.586396
5070	-1238.072	-1451.672	213.5999	0.9536453	2.977757	2.841995
5076	-1250.047	-1463.864	213.8172	0.8962217	2.35293	2.92245
5082	-1249.829	-1463.122	213.293	0.9044595	3.387113	2.956868
5088	-1247.263	-1460.875	213.6117	0.8852923	3.104018	2.844117
5094	-1241.168	-1454.085	212.917	0.7603405	2.869889	3.391925
5100	-1241.79	-1453.836	212.0462	0.5705832	3.238073	3.91701
5106	-1247.425	-1461.216	213.7904	0.8141798	3.877713	2.599471
5112	-1245.141	-1459.057	213.9158	0.8208382	3.038267	2.714703
5118	-1247.559	-1460.274	212.7148	0.6439322	3.24063	3.487477
5124	-1253.55	-1466.072	212.5222	0.7576927	2.95702	3.601703
5130	-1255.533	-1469.502	213.9689	0.841444	2.709242	2.758225
5136	-1256.102	-1469.878	213.7758	0.8091224	3.23473	2.758225
5142	-1254.328	-1468.477	214.149	0.9463439	3.797093	2.30886
5148	-1261.605	-1474.903	213.2982	0.8945077	3.274103	2.986252
5154	-1258.081	-1472.157	214.0759	0.8908675	2.743983	2.652518
5160	-1254.897	-1469.42	214.5221	0.892857	3.2747	2.228672
5166	-1260.166	-1474.708	214.5423	1.08137	4.20816	1.870091
5172	-1268.673	-1483.33	214.6565	1.193656	2.48846	2.171339
5178	-1255.121	-1468.858	213.7368	0.7945332	3.70591	2.681927
5184	-1257.07	-1470.553	213.4832	0.862709	2.805328	3.012717
5190	-1244.799	-1457.558	212.7589	0.6954312	2.823382	3.534339
5196	-1247.905	-1460.769	212.8642	0.9165778	2.823382	3.343323
5202	-1237.88	-1451.743	213.8625	0.9534683	3.817904	2.480797
5208	-1242.402	-1456.059	213.6571	1.019535	3.668116	2.600684
5214	-1247.05	-1461.772	214.7218	1.096871	3.433196	1.922041
5220	-1249.031	-1464.136	215.1046	1.335048	3.281602	1.525412
5226	-1246.275	-1461.489	215.2138	1.335048	3.183791	1.472865
5232	-1245.689	-1459.834	214.1457	1.107413	3.752135	2.217784
5238	-1255.104	-1469.835	214.7319	0.9720839	3.502382	1.981579
5244	-1255.529	-1470.332	214.8028	1.401416	4.685855	1.33896
5250	-1231.089	-1445.93	214.8412	1.17162	4.288141	1.577661
5256	-1237.635	-1452.477	214.8424	1.158215	4.174551	1.613217
5262	-1247.89	-1462.902	215.0117	1.154136	3.061701	1.785791
5268	-1252.962	-1466.751	213.7889	0.9774312	3.323699	2.625256
5274	-1242.147	-1457.196	215.0489	1.217743	4.236143	1.398984
5280	-1260.652	-1474.937	214.2846	1.036874	3.490115	2.235383
5286	-1266.165	-1481.106	214.9404	0.9468867	3.113353	1.961211
5292	-1259.789	-1473.883	214.0945	0.9792776	3.649182	2.356185
5298	-1272.146	-1485.391	213.2458	0.8045327	3.136362	3.104627
5304	-1247.808	-1461.279	213.471	1.050066	4.235381	2.577398
5310	-1256.609	-1470.68	214.0702	1.045404	4.235381	2.201261
5316	-1254.647	-1469.104	214.4574	1.086662	5.145082	1.732585
5322	-1256.357	-1470.268	213.911	0.8761326	3.286586	2.621427
5328	-1253.333	-1466.482	213.1488	0.7260507	3.66126	3.088842
5334	-1253.87	-1466.622	212.7518	0.6645462	3.20746	3.461598
5340	-1256.613	-1470.011	213.3982	0.6745406	4.056173	2.887705
5346	-1260.04	-1473.985	213.9448	0.9543475	3.472979	2.507106
5352	-1273.18	-1487.552	214.3719	1.057671	3.206677	2.236746
5358	-1262.887	-1476.959	214.0724	1.115872	3.853123	2.236746
5364	-1258.134	-1472.132	213.9977	1.072546	3.853123	2.312368
5370	-1260.913	-1474.587	213.6732	0.980884	3.394685	2.677451
5376	-1250.205	-1464.448	214.2423	1.053761	3.47568	2.255197
5382	-1265.159	-1480.023	214.8637	1.214066	3.175318	1.814375
5388	-1265.639	-1480.367	214.7276	1.020645	4.46041	1.728711
5394	-1261.409	-1475.07	213.6611	0.92054	4.225193	2.541793
5400	-1256.863	-1470.263	213.4002	0.9029604	3.354719	2.900673
5406	-1257.366	-1470.326	212.9601	0.8130897	3.244049	3.243252
5412	-1261.291	-1475.724	214.4333	1.014366	3.230489	2.218948
5418	-1257.202	-1471.255	214.0535	0.9607896	2.940558	2.569131
5424	-1252.487	-1467.625	215.1376	1.234099	2.813487	1.716797
5430	-1254.283	-1469.153	214.8697	1.117751	2.975344	1.932819
5436	-1249.693	-1464.471	214.7777	1.274997	2.975057	1.88872
5442	-1242.046	-1457.442	215.3959	1.413872	2.898038	1.364127
5448	-1252.579	-1466.917	214.3379	1.220478	3.955576	1.970821
5454	-1250.262	-1464.496	214.2348	1.212811	3.306382	2.199518
5460	-1248.329	-1461.977	213.648	1.109668	3.884464	2.502792
5466	-1254.747	-1468.996	214.249	1.077145	4.389741	2.03139
5472	-1260.961	-1474.731	213.7696	1.070515	3.439319	2.55188
5478	-1267.846	-1482.049	214.2024	0.9803969	3.846603	2.241729
5484	-1249.849	-1462.603	212.7535	0.8941273	3.292118	3.30607
5490	-1237.904	-1451.096	213.1913	0.8660189	3.5699	2.999648
5496	-1239.066	-1452.277	213.2115	0.9376689	3.327898	2.999648
5502	-1253.775	-1468.211	214.4362	1.143747	4.008183	1.944406
5508	-1267.916	-1482.076	214.1603	1.0222	4.202777	2.164679
5514	-1255.499	-1469.996	214.4965	1.118816	3.512832	2.037989
5520	-1251.922	-1465.832	213.9101	0.9786672	3.507467	2.505496
5526	-1247.06	-1460.599	213.5383	0.9201354	3.27249	2.826147
5532	-1243.365	-1456.859	213.4937	0.9201354	3.386524	2.826147
5538	-1247.026	-1460.425	213.3988	0.91226	4.397507	2.67545
5544	-1251.003	-1465.246	214.2431	1.038644	3.814613	2.185033
5550	-1246.256	-1460.415	214.1597	0.9422162	3.44277	2.386919
5556	-1244.408	-1458.077	213.6696	0.9864427	3.29689	2.699616
5562	-1245.93	-1460.136	214.2064	0.8883239	3.13316	2.468409
5568	-1235.566	-1449.478	213.9125	0.9520947	2.881481	2.677538
5574	-1260.618	-1475.647	215.0295	1.158694	2.725881	1.871576
5580	-1244.716	-1459.341	214.6244	1.158694	3.676787	1.884924
5586	-1254.313	-1468.524	214.2105	1.049092	4.163216	2.122798
5592	-1253.778	-1468.501	214.7222	1.165683	3.95524	1.745389
5598	-1256.618	-1470.796	214.1778	1.072026	5.878062	1.805252
5604	-1246.681	-1460.895	214.2139	1.214964	4.71648	1.896071
5610	-1236.876	-1451.322	214.4459	1.082424	4.388298	1.896071
5616	-1250.522	-1464.489	213.9666	1.123865	3.83382	2.303749
5622	-1253.702	-1468.047	214.3451	0.8518219	3.431977	2.329209
5628	-1252.625	-1466.797	214.1714	1.118942	3.839522	2.173793
5634	-1265.271	-1479.957	214.6856	1.021378	3.470811	1.987497
5640	-1253.015	-1467.116	214.1007	0.9706442	4.135823	2.25062
5646	-1250.718	-1464.595	213.8776	0.9491914	2.896138	2.696764
5652	-1257.165	-1471.772	214.6076	1.154743	3.105115	2.046724
5658	-1263.076	-1477.498	214.4223	0.9889268	3.17869	2.255871
5664	-1269.217	-1482.078	212.861	0.9720081	2.986938	3.270546
5670	-1265.328	-1480.043	214.7147	1.235838	3.003717	1.949532
5676	-1287.277	-1501.636	214.3589	1.249454	3.44924	2.058418
5682	-1277.257	-1490.769	213.5121	1.101675	3.194603	2.75049
5688	-1273.127	-1486.217	213.0901	0.8477491	3.020244	3.200169
5694	-1275.999	-1489.633	213.6344	1.062505	3.341147	2.66385
5700	-1271.136	-1483.822	212.6856	0.8011755	3.839994	3.281393
5706	-1266.339	-1479.457	213.1183	0.7418062	4.055051	3.015954
5712	-1259.297	-1472.447	213.1501	0.8862875	2.777571	3.204624
5718	-1257.66	-1471.717	214.0573	1.250037	3.074445	2.349557
5724	-1258.766	-1473.29	214.5238	1.168849	3.181928	2.071971
5730	-1268.054	-1482.482	214.4282	1.234798	3.379282	2.040003
5736	-1261.877	-1476.123	214.2452	1.1916	3.168596	2.242049
5742	-1259.889	-1474.506	214.6163	1.231918	3.576299	1.865534
5748	-1264.371	-1479.029	214.6588	1.24555	3.426507	1.865534
5754	-1256.413	-1471.083	214.6695	1.086781	3.804404	1.872271
5760	-1249.297	-1462.988	213.6908	0.9172058	3.618106	2.654263
5766	-1258.228	-1472.131	213.9027	0.975823	3.704466	2.466732
5772	-1265.491	-1477.668	212.1772	0.790427	3.15566	3.734362
5778	-1257.007	-1469.149	212.1423	0.8012359	3.15566	3.748265
5784	-1261.424	-1474.227	212.8032	0.8601229	3.733934	3.199083
5790	-1254.815	-1468.317	213.5021	1.068257	3.806957	2.635856
5796	-1257.313	-1470.871	213.5585	1.077991	3.622005	2.635856
5802	-1252.162	-1466.713	214.5513	1.121201	3.225914	2.073541
5808	-1251.768	-1466.12	214.3529	0.9475247	3.571577	2.229399
5814	-1261.189	-1474.841	213.6523	0.8728462	3.039504	2.843359
5820	-1252.857	-1466.237	213.3799	0.87889	3.967948	2.792823
5826	-1258.838	-1471.407	212.569	0.8003004	3.583403	3.404412
5832	-1258.695	-1472.822	214.1275	1.032407	3.347787	2.373325
5838	-1240.599	-1453.55	212.9512	0.9174239	3.750041	3.073539
5844	-1252.693	-1466.804	214.1112	1.037051	4.094407	2.209873
5850	-1256.473	-1470.414	213.9408	0.9438246	3.784234	2.445119
5856	-1267.894	-1479.347	211.4529	0.6139174	3.220633	4.234454
5862	-1260.617	-1471.982	211.3653	0.5859864	3.3292	4.275572
5868	-1259.189	-1470.975	211.7853	0.4027863	2.765881	4.275572
5874	-1258.663	-1471.8	213.1368	0.7614644	3.285564	3.159384
5880	-1248.126	-1461.533	213.4076	0.6863016	3.277725	3.044605
5886	-1251.311	-1464.456	213.1446	0.6593598	3.277725	3.217128
5892	-1281.128	-1494.615	213.4866	1.185338	2.75512	2.829706
5898	-1267.174	-1481.65	214.4761	1.154146	2.892158	2.192425
5904	-1270.465	-1484.477	214.0116	1.040653	3.72427	2.352703
5910	-1257.34	-1471.225	213.8851	0.8299944	3.313794	2.659251
5916	-1257.479	-1471.354	213.875	0.8400719	3.313794	2.659251
5922	-1265.62	-1479.507	213.8872	0.9603822	3.459179	2.542544
5928	-1262.51	-1476.198	213.6888	1.076434	3.022397	2.701259
5934	-1256.143	-1469.611	213.4675	0.7519407	3.295839	2.964995
5940	-1263.849	-1477.862	214.0128	0.9536571	3.956583	2.355812
5946	-1258.269	-1472.878	214.6088	1.040899	3.889736	1.9245
5952	-1263.408	-1478.485	215.0774	1.393688	4.053095	1.283686
5958	-1263.926	-1479.243	215.3175	1.374159	3.192323	1.359798
5964	-1259.641	-1474.96	215.3192	1.517063	3.258997	1.219734
5970	-1255.141	-1470.557	215.4159	1.618569	3.216553	1.058046
5976	-1254.566	-1470.097	215.5313	1.618569	2.93574	1.059546
5982	-1262.137	-1477.395	215.2582	1.330362	3.617673	1.311604
5988	-1263.742	-1478.489	214.7475	1.06609	3.769122	1.841558
5994	-1265.204	-1480.819	215.6151	1.404414	2.42226	1.374563
6000	-1258.607	-1473.689	215.0822	1.209956	2.817768	1.771245
6006	-1254.266	-1468.592	214.3257	1.020146	3.806725	2.145157
6012	-1258.303	-1471.983	213.6792	0.9914406	3.915232	2.550473
6018	-1256.459	-1470.474	214.0146	1.000703	3.533566	2.42002
6024	-1244.087	-1458.638	214.5509	0.9693303	3.483896	2.10776
6030	-1246.23	-1460.061	213.8314	0.9962587	4.467692	2.339073
6036	-1253.181	-1466.966	213.7853	1.008893	4.512298	2.351689
6042	-1257.472	-1472.423	214.9513	1.094123	2.981326	1.891779
6048	-1252.911	-1467.75	214.8387	1.213026	4.150302	1.581755
6054	-1246.723	-1461.347	214.6245	1.380794	5.471421	1.323808
6060	-1254.366	-1469.257	214.8909	1.221909	4.596298	1.431399
6066	-1252.631	-1467.557	214.9263	1.194404	3.570619	1.677111
6072	-1249.499	-1464.3	214.8008	1.281854	4.62322	1.448352
6078	-1264.065	-1478.735	214.67	1.24607	5.44441	1.399947
6084	-1258.039	-1471.788	213.7489	0.8519216	3.610764	2.660344
6090	-1262.085	-1476.292	214.207	1.05522	3.456934	2.281492
6096	-1266.544	-1480.796	214.2521	0.9785018	4.509899	2.070061
6102	-1258.114	-1472.883	214.7687	1.157988	3.214666	1.906791
6108	-1262.771	-1477.146	214.3742	1.161589	3.703702	2.044336
6114	-1270.568	-1485.046	214.4776	1.167801	2.769428	2.217943
6120	-1261.531	-1475.523	213.9918	1.131762	3.585836	2.33924
6126	-1251.238	-1465.303	214.0653	0.9847401	3.153919	2.491046
6132	-1251.701	-1466.558	214.8577	1.088278	3.166553	1.906948
6138	-1243.259	-1457.149	213.8899	1.043736	3.23813	2.542494
6144	-1253.744	-1465.812	212.0676	0.8586789	3.818832	3.613563
6150	-1251.454	-1464.938	213.4841	0.9293224	2.74313	2.989085
6156	-1259.384	-1472.585	213.2008	0.8996666	3.159274	3.069102
6162	-1258.994	-1472.112	213.1189	0.7248262	3.583481	3.124249
6168	-1258.442	-1470.801	212.359	0.6673528	3.303079	3.666255
6174	-1257.151	-1470.083	212.9317	0.7785095	2.788344	3.393976
6180	-1250.799	-1464.881	214.0814	0.9483162	3.117933	2.512979
6186	-1245.23	-1459.489	214.2594	1.101837	3.339744	2.246847
6192	-1251.394	-1465.986	214.5919	1.254191	3.556098	1.872037
6198	-1253.704	-1467.912	214.2082	1.076759	3.639531	2.22327
6204	-1252.833	-1467.753	214.9201	1.117782	3.519378	1.748991
6210	-1256.871	-1471.489	214.6179	1.237486	3.93255	1.773446
6216	-1255.798	-1470.305	214.5066	1.071384	3.558613	2.051426
6222	-1249.094	-1463.639	214.5458	1.033238	3.54645	2.053686
6228	-1250.963	-1465.116	214.1526	1.046785	3.54645	2.300173
6234	-1254.918	-1469.002	214.084	0.9326053	3.78665	2.361268
6240	-1257.056	-1470.28	213.2245	0.8596646	3.387758	3.024723
6246	-1251.653	-1464.766	213.1128	0.757331	2.530961	3.370866
6252	-1256.847	-1471.013	214.1658	0.7959158	2.619667	2.691142
6258	-1250.988	-1463.455	212.4665	0.8609256	3.186804	3.518337
6264	-1265.847	-1478.509	212.662	0.667962	3.6877	3.405258
6270	-1272.19	-1486.702	214.5124	1.063369	4.221099	1.899856
6276	-1264.724	-1479.209	214.4851	1.058087	3.766289	2.024684
6282	-1262.72	-1476.237	213.517	1.094973	3.396449	2.70288
6288	-1259.458	-1473.485	214.0272	1.003947	4.218387	2.259242
6294	-1265.026	-1479.141	214.1151	1.034183	3.864719	2.259242
6300	-1251.924	-1465.848	213.9239	0.9823941	4.016276	2.381171
6306	-1254.316	-1467.558	213.242	0.7059658	3.745958	3.026941
6312	-1267.592	-1481.137	213.5451	0.7870233	2.823385	3.016175
6318	-1263.357	-1477.233	213.8765	0.8777529	2.999873	2.71386
6324	-1270.655	-1484.766	214.1115	0.925358	2.994162	2.540832
6330	-1273.324	-1486.123	212.7989	0.8970051	3.329394	3.268965
6336	-1250.951	-1464.619	213.6679	0.8996447	3.675555	2.666334
6342	-1260.237	-1473.24	213.003	0.7540726	3.623244	3.167122
6348	-1256.335	-1469.834	213.4998	0.9398035	2.940379	2.920658
6354	-1256.267	-1470.277	214.0102	1.114985	2.921635	2.505182
6360	-1241.864	-1455.88	214.0158	0.9629463	3.488586	2.453613
6366	-1238.769	-1452.699	213.9306	0.9584819	3.606724	2.482353
6372	-1247.82	-1461.726	213.9064	1.062887	3.582272	2.437614
6378	-1249.232	-1464.281	215.0487	1.266653	3.456681	1.567206
6384	-1255.365	-1469.918	214.5529	1.068734	2.978504	2.1738
6390	-1252.456	-1466.854	214.3978	1.204115	3.895741	1.955289
6396	-1254.808	-1468.889	214.0818	1.204115	4.89602	1.957462
6402	-1239.337	-1454.282	214.9446	1.275754	4.238581	1.434183
6408	-1254.678	-1469.137	214.4592	1.194135	3.703108	1.966193
6414	-1247.421	-1461.854	214.4336	1.194135	4.150362	1.880132
6420	-1244.363	-1459.067	214.7047	1.077281	3.699513	1.880132
6426	-1248.314	-1463.135	214.8206	1.319441	5.407327	1.226758
6432	-1245.86	-1460.157	214.2969	1.217869	4.727964	1.835083
6438	-1253.205	-1468.198	214.9935	1.33466	3.620829	1.512506
6444	-1264.935	-1479.876	214.9417	1.304953	5.192906	1.184721
6450	-1258.056	-1473.139	215.0828	1.389839	4.135746	1.25996
6456	-1257.023	-1471.853	214.8292	1.397764	3.980465	1.493733
6462	-1258.079	-1472.881	214.8016	1.350815	4.55834	1.409717
6468	-1256.664	-1471.675	215.0107	1.485967	3.659703	1.372689
6474	-1261.905	-1475.458	213.553	0.8433704	3.784311	2.747559
6480	-1251.767	-1465.709	213.9426	0.9831274	3.784311	2.419264
6486	-1264.571	-1478.886	214.3152	1.267787	4.48948	1.837405
6492	-1263.633	-1478.734	215.1001	1.317474	3.38104	1.512941
6498	-1271.222	-1486.247	215.0249	1.276154	3.38104	1.598782
6504	-1260.971	-1476.039	215.0678	1.312995	3.787371	1.427373
6510	-1245.332	-1460.074	214.7413	1.509485	4.557197	1.332532
6516	-1247.323	-1461.272	213.949	0.9756945	3.584805	2.465037
6522	-1268.998	-1482.985	213.9868	0.9275928	3.612825	2.465037
6528	-1260.103	-1473.325	213.2215	0.7931163	3.612825	3.015778
6534	-1266.699	-1479.633	212.9341	0.7869754	3.050773	3.320621
6540	-1255.366	-1469.668	214.302	1.071626	3.285957	2.252454
6546	-1253.836	-1467.501	213.6652	0.9926025	4.569228	2.426981
6552	-1247.146	-1461.592	214.4459	0.9990711	3.865441	2.066703
6558	-1246.599	-1459.895	213.2961	0.8614054	3.974263	2.853034
6564	-1247.198	-1460.632	213.4336	0.8750405	3.974263	2.761111
6570	-1252.732	-1466.561	213.8282	0.8804657	4.100557	2.487862
6576	-1248.306	-1461.169	212.863	0.8589755	3.923837	3.124873
6582	-1247.894	-1461.351	213.4573	0.869784	3.925561	2.75994
6588	-1243.59	-1457.092	213.5019	0.9312728	4.33062	2.613057
6594	-1252.538	-1466.36	213.8221	0.9265972	3.906812	2.503611
6600	-1257.949	-1471.111	213.1617	0.8438985	4.629923	2.818843
6606	-1255.717	-1469.213	213.4959	0.8825651	4.056624	2.70147
6612	-1247.393	-1460.894	213.5015	0.7809052	4.525339	2.668839
6618	-1253.782	-1467.861	214.0786	0.980796	3.059343	2.509655
6624	-1246.739	-1461.259	214.5207	1.059643	4.547737	1.826969
6630	-1243.073	-1457.552	214.4792	1.166102	4.640523	1.762625
6636	-1247.801	-1462.174	214.3731	0.9557702	3.863141	2.143406
6642	-1263.547	-1477.725	214.1786	0.9563457	4.049117	2.228128
6648	-1253.078	-1467.115	214.0376	1.008588	4.32287	2.228128
6654	-1257.115	-1471.701	214.5861	1.01711	4.09894	1.908243
6660	-1257.056	-1469.914	212.8584	0.8259994	3.358672	3.269054
6666	-1252.269	-1465.717	213.4473	0.8582698	3.097717	2.961301
6672	-1246.342	-1459.03	212.6878	0.7428116	3.489656	3.388955
6678	-1250.834	-1464.88	214.0466	1.033604	4.07462	2.257899
6684	-1234.639	-1448.459	213.8208	0.9090501	4.079838	2.478939
6690	-1242.444	-1456.138	213.6945	0.9428732	4.380413	2.476289
6696	-1252.943	-1467.379	214.436	0.9912253	4.295822	1.98381
6702	-1259.361	-1473.273	213.9116	1.025713	3.704888	2.429706
6708	-1249.895	-1463.991	214.0964	1.043601	3.704888	2.301199
6714	-1236.247	-1449.921	213.6734	0.8944738	4.365187	2.52269
6720	-1252.47	-1466.48	214.0099	0.9679843	4.091347	2.319848
6726	-1259.549	-1473.519	213.97	1.102921	4.188181	2.238624
6732	-1262.394	-1476.894	214.4999	1.208251	4.531181	1.741685
6738	-1250.353	-1464.582	214.2292	1.156886	5.283867	1.816354
6744	-1243.589	-1457.518	213.9287	1.023358	5.428881	2.082548
6750	-1250.062	-1464.377	214.3154	0.9061061	4.703286	2.037733
6756	-1255.217	-1469.411	214.1937	1.027827	4.703286	2.037733
6762	-1255.673	-1469.107	213.4339	0.9919262	4.005561	2.682874
6768	-1256.163	-1470.255	214.0919	1.045452	4.577308	2.117868
6774	-1257.38	-1470.891	213.5108	0.9914	4.496058	2.538365
6780	-1270.199	-1485.504	215.3058	1.22088	3.755942	1.321436
6786	-1253.977	-1469.161	215.1848	1.381998	4.231242	1.153047
6792	-1265.168	-1479.799	214.6304	1.148837	4.559152	1.685532
6798	-1254.309	-1468.848	214.5382	1.112438	3.803356	1.944096
6804	-1257.209	-1471.411	214.2012	1.076366	4.295533	2.083083
6810	-1254.894	-1469.196	214.3022	0.9719013	4.109306	2.124865
6816	-1254.181	-1467.899	213.7183	1.006692	4.466404	2.404393
6822	-1267.888	-1482.093	214.2058	1.066792	3.977845	2.154445
6828	-1247.489	-1461.999	214.5107	0.9419048	3.554251	2.134828
6834	-1256.024	-1469.133	213.1085	0.8592536	3.761613	3.011779
6840	-1265.451	-1479.767	214.316	1.099303	3.40619	2.19538
6846	-1267.596	-1482.092	214.4953	0.9285269	3.06795	2.276974
6852	-1268.58	-1482.072	213.4921	0.9180177	4.012766	2.69103
6858	-1253.221	-1466.577	213.3567	0.899426	3.696203	2.851994
6864	-1263.757	-1477.004	213.2464	0.7695038	3.147224	3.122466
6870	-1257.302	-1471.215	213.9126	0.8829817	3.696203	2.520486
6876	-1252.427	-1467.064	214.637	1.149552	4.239561	1.750594
6882	-1246.739	-1461.12	214.3812	1.20773	3.513074	2.055371
6888	-1254.273	-1468.742	214.4692	0.8065773	3.675169	2.220913
6894	-1258.401	-1472.741	214.3391	0.8713384	4.611533	2.063073
6900	-1240.51	-1454.36	213.8501	0.8179737	3.51571	2.640567
6906	-1250.561	-1464.23	213.6688	0.8808912	3.844199	2.640567
6912	-1256.638	-1471.002	214.3642	0.9306142	2.883782	2.409057
6918	-1249.536	-1463.799	214.2628	0.9994458	3.609186	2.245034
6924	-1249.406	-1464.291	214.8846	1.210267	3.152308	1.809005
6930	-1251.228	-1464.388	213.1597	0.8205335	3.723437	3.012427
6936	-1253.51	-1466.801	213.2904	0.7470308	3.565889	3.012427
6942	-1243.382	-1457.582	214.2004	0.8940255	3.81152	2.306224
6948	-1253.898	-1467.362	213.4636	1.037094	4.452399	2.54764
6954	-1244.882	-1458.145	213.2626	0.9842502	4.121037	2.768948
6960	-1249.966	-1463.017	213.0507	0.7387006	3.490862	3.177054
6966	-1258.169	-1471.9	213.7312	0.8841672	3.794057	2.610826
6972	-1255.136	-1468.868	213.7328	1.027088	4.653563	2.34645
6978	-1249.762	-1463.771	214.0089	0.9737444	3.773696	2.38567
6984	-1254.587	-1469.4	214.8129	1.17276	2.902479	1.955213
6990	-1256.444	-1470.055	213.6112	0.9023943	4.395154	2.550682
6996	-1254.979	-1468.281	213.3017	0.7732761	4.580008	2.785686
7002	-1243.539	-1456.21	212.6704	0.7959924	2.945981	3.495953
7008	-1242.878	-1455.69	212.8117	0.7177652	2.776342	3.502816
7014	-1242.422	-1455.212	212.7899	0.8673425	3.194965	3.323254
7020	-1252.067	-1466.182	214.1154	1.05326	4.116033	2.192015
7026	-1251.886	-1465.205	213.3193	0.9212355	4.346537	2.728499
7032	-1249.728	-1462.902	213.1735	0.8808162	3.606566	2.993315
7038	-1256.08	-1469.548	213.4684	0.7405718	2.943049	3.058455
7044	-1247.391	-1460.9	213.5091	0.8061327	2.716483	3.055235
7050	-1248.116	-1461.977	213.861	0.8816472	3.297772	2.64616
7056	-1252.962	-1465.81	212.8474	0.819171	4.298144	3.084432
7062	-1253.176	-1466.995	213.8187	1.085229	3.682229	2.455832
7068	-1256.386	-1469.975	213.5884	0.8473223	4.361137	2.605576
7074	-1259.719	-1473.399	213.6797	0.9649498	3.560172	2.644792
7080	-1252.163	-1466.027	213.8645	0.8779556	3.303738	2.644792
7086	-1250.15	-1464.17	214.0204	0.844408	4.380513	2.332678
7092	-1265.288	-1479.859	214.5709	0.9653155	3.6666	2.052892
7098	-1267.924	-1481.512	213.5878	0.8041902	3.611734	2.787997
7104	-1263.274	-1476.808	213.5335	0.8711069	3.851251	2.728182
7110	-1277.609	-1491.719	214.11	0.9111532	3.482118	2.428451
7116	-1276.948	-1490.36	213.4119	0.9058491	3.403901	2.880379
7122	-1261.015	-1473.754	212.739	0.8141765	2.967887	3.43975
7128	-1262.313	-1475.07	212.7562	0.8546273	3.479474	3.28521
7134	-1254.555	-1467.308	212.7529	0.8117352	2.904041	3.449191
7140	-1252.507	-1466.266	213.7588	0.8005714	2.999922	2.832702
7146	-1243.498	-1456.687	213.1891	0.69118	3.542056	3.11163
7152	-1259.521	-1472.506	212.9847	0.6161089	3.447923	3.298174
7158	-1266.402	-1480.514	214.1113	0.8057881	3.777385	2.426221
7164	-1250.172	-1463.862	213.6904	0.786387	3.429324	2.777853
7170	-1252.385	-1465.322	212.9371	0.7062453	4.561766	3.049539
7176	-1260.422	-1473.104	212.6826	0.7600126	4.139923	3.247713
7182	-1256.373	-1470.273	213.9008	0.9445652	3.782406	2.470163
7188	-1255.526	-1470.417	214.8905	0.9955921	4.03828	1.726959
7194	-1259.596	-1473.815	214.2192	0.9960784	3.401871	2.32485
7200	-1249.541	-1463.205	213.6642	0.9463215	2.965427	2.810591
7206	-1245.847	-1459.533	213.6857	0.7405178	3.420982	2.810591
7212	-1253.402	-1466.308	212.9057	0.6703677	3.341356	3.336867
7218	-1250.758	-1464.839	214.0812	0.7769979	4.155213	2.382543
7224	-1242.668	-1456.828	214.1608	0.9634811	3.432182	2.375263
7230	-1236.122	-1450.346	214.224	0.9577277	3.875574	2.23596
7236	-1248.758	-1463.079	214.3203	0.9318448	3.675947	2.23596
7242	-1246.296	-1460.334	214.0376	1.045203	3.240613	2.448587
7248	-1253.351	-1467.864	214.513	0.990596	3.395081	2.140765
7254	-1260.721	-1474.629	213.9081	0.9070102	3.709648	2.50529
7260	-1251.898	-1465.65	213.7521	0.7675708	3.368017	2.766075
7266	-1257.756	-1471.529	213.7734	0.7162189	2.625054	2.976292
7272	-1278.797	-1493.802	215.0048	1.056191	4.393028	1.517741
7278	-1274.251	-1488.958	214.7072	1.241944	4.349402	1.609967
7284	-1265.397	-1480.278	214.8812	1.170516	3.660453	1.702776
7290	-1252.55	-1467.731	215.1802	1.102331	3.295086	1.636418
7296	-1249.005	-1463.082	214.0778	0.9718933	3.825671	2.331571
7302	-1250.319	-1463.899	213.58	0.9718933	3.924189	2.622146
7308	-1268.19	-1482.151	213.9611	0.9125021	4.550605	2.293682
7314	-1283.978	-1497.833	213.8555	0.9215186	3.741317	2.521995
7320	-1268.947	-1482.863	213.9154	1.085508	3.795619	2.369239
7326	-1269.185	-1484.125	214.94	1.136934	4.105308	1.574099
7332	-1256.934	-1470.862	213.9276	0.9013263	4.610751	2.310595
7338	-1253.494	-1467.246	213.752	0.9122297	4.954413	2.351801
7344	-1250.777	-1464.494	213.7169	0.9218703	4.019602	2.548274
7350	-1249.474	-1463.127	213.6531	0.8031356	3.260382	2.830393
7356	-1252.669	-1465.679	213.0097	0.6168854	3.389936	3.296026
7362	-1256.684	-1471.373	214.6887	1.11713	2.82945	2.09597
7368	-1258.601	-1472.935	214.3338	0.8754409	2.863953	2.468397
7374	-1251.8	-1465.745	213.9452	0.9854072	3.383966	2.508721
7380	-1248.539	-1462.89	214.351	0.9151524	4.314454	2.086634
7386	-1252.152	-1465.949	213.7965	0.9461354	4.043685	2.478439
7392	-1254.495	-1467.846	213.3507	1.010798	3.980976	2.727392
7398	-1252.674	-1466.567	213.8934	0.8400597	3.911172	2.512226
7404	-1259.39	-1473.438	214.0474	1.004616	3.395611	2.42975
7410	-1255.66	-1469.744	214.0849	0.8378523	3.745736	2.42975
7416	-1258.682	-1472.836	214.1534	0.9323683	3.871699	2.298337
7422	-1266.705	-1480.796	214.0915	1.036806	2.701631	2.564578
7428	-1266.922	-1480.987	214.0647	1.155718	3.57363	2.280315
7434	-1261.186	-1474.824	213.6374	0.8324126	3.348171	2.801136
7440	-1250.323	-1463.746	213.4234	0.8520939	3.879093	2.801136
7446	-1256.594	-1470.428	213.8337	0.9398528	3.978285	2.472835
7452	-1269.314	-1482.668	213.3542	0.8466761	4.5241	2.719155
7458	-1257.976	-1472.121	214.1454	1.0074	3.958478	2.236263
7464	-1253.585	-1468.567	214.9823	1.273246	3.707443	1.54321
7470	-1248.72	-1462.595	213.8751	1.024305	4.064758	2.375298
7476	-1251.726	-1465.852	214.1261	1.202167	3.797203	2.158776
7482	-1247.233	-1461.745	214.5121	1.248505	4.605115	1.688929
7488	-1255.476	-1469.863	214.387	1.297816	4.428585	1.779963
7494	-1255.389	-1468.975	213.5864	0.974747	3.275602	2.762806
7500	-1248.533	-1462.848	214.315	0.9068025	3.102211	2.396448
7506	-1254.889	-1469.003	214.1136	0.9366071	3.233285	2.470907
7512	-1256.064	-1469.687	213.6226	1.036498	3.56869	2.633952
7518	-1255.846	-1469.579	213.7326	0.8663527	3.73448	2.633952
7524	-1255.944	-1470.009	214.0649	0.8093755	4.891107	2.228973
7530	-1267.03	-1480.984	213.9534	0.9933508	3.922273	2.375697
7536	-1266.71	-1480.669	213.9587	0.8084352	4.698541	2.333328
7542	-1256.27	-1468.744	212.4748	0.929355	4.560656	3.192147
7548	-1245.937	-1459.71	213.7731	0.9933975	4.078505	2.456221
7554	-1248.59	-1462.096	213.5062	1.005661	4.271137	2.576017
7560	-1253.279	-1466.16	212.8806	0.8273742	4.020837	3.113663
7566	-1259.393	-1472.388	212.9946	0.9072057	4.333995	2.936574
7572	-1252.109	-1466.462	214.3529	1.056082	3.959436	2.069213
7578	-1261.461	-1475.566	214.1053	1.226213	4.193062	2.069213
7584	-1253.629	-1467.989	214.36	1.190165	3.560749	2.069213
7590	-1247.157	-1462.434	215.2771	1.305497	3.067494	1.483482
7596	-1249.227	-1464.232	215.0047	1.260129	3.564268	1.57469
7602	-1262.405	-1476.818	214.4134	0.9180612	3.109928	2.324843
7608	-1261.061	-1476	214.9394	1.005927	3.355555	1.856231
7614	-1252.503	-1467.996	215.4935	1.542213	3.536622	0.9323436
7620	-1246.304	-1459.618	213.3133	0.9659795	3.329244	2.921073
7626	-1246.078	-1460.363	214.2852	1.094103	3.884979	2.105472
7632	-1247.636	-1462.495	214.8586	1.262282	4.344503	1.484239
7638	-1241.094	-1456.097	215.0026	1.031559	3.671732	1.712298
7644	-1255.086	-1469.199	214.1128	0.9510807	3.343848	2.43487
7650	-1256.672	-1470.552	213.8807	0.8695693	4.20009	2.441378
7656	-1251.073	-1465.318	214.244	1.132154	3.803941	2.125944
7662	-1250.361	-1464.163	213.8016	0.7683894	3.59577	2.682703
7668	-1244.74	-1459.112	214.3725	0.8682882	3.248496	2.346809
7674	-1258.432	-1472.669	214.2376	0.9298252	3.444495	2.34495
7680	-1250.572	-1463.61	213.0376	0.7941432	3.258957	3.205075
7686	-1249.812	-1463.017	213.2048	0.7555344	3.179305	3.14775
7692	-1257.771	-1473.029	215.2581	1.392904	2.976764	1.46064
7698	-1250.946	-1465.827	214.881	1.16295	3.537765	1.739967
7704	-1241.852	-1455.586	213.7332	0.9110047	3.066948	2.763879
7710	-1245.949	-1459.389	213.4405	0.9666938	4.786351	2.543628
7716	-1244.383	-1458.34	213.957	1.001566	3.996044	2.352335
7722	-1247.957	-1462.714	214.7563	1.107833	4.515701	1.634182
7728	-1253.021	-1467.691	214.6705	1.193691	4.515701	1.634182
7734	-1238.398	-1452.447	214.0496	0.976991	4.212602	2.26335
7740	-1239.859	-1454.265	214.4068	1.156962	4.69123	1.808808
7746	-1251.267	-1465.269	214.0015	0.936212	5.372113	2.10176
7752	-1263.583	-1477.947	214.3645	1.104738	4.955748	1.821303
7758	-1258.934	-1473.433	214.4987	1.070243	4.955748	1.752061
7764	-1254.497	-1469.394	214.8973	1.237162	4.112582	1.529921
7770	-1259.173	-1473.501	214.3279	1.086611	4.754416	1.898252
7776	-1256.817	-1471.093	214.2753	1.046676	3.864697	2.147498
7782	-1254.888	-1469.206	214.3179	1.01808	4.391099	2.024585
7788	-1243.193	-1457.762	214.5689	1.021839	3.6595	2.018448
7794	-1247.621	-1462.192	214.5707	1.091475	3.466455	2.018448
7800	-1252.347	-1467.152	214.8045	1.201681	3.47405	1.78296
7806	-1249.95	-1464.11	214.1595	1.01756	4.925876	2.024524
7812	-1240.002	-1455.067	215.0652	1.195415	3.492608	1.597307
7818	-1244.986	-1459.85	214.864	1.142451	2.984994	1.917168
7824	-1251.786	-1466.627	214.8414	1.02226	3.562925	1.85835
7830	-1247.071	-1461.241	214.1706	1.013719	3.184456	2.398839
7836	-1243.89	-1457.679	213.7891	0.8538537	3.624486	2.631295
7842	-1250.638	-1464.269	213.6308	0.8693532	4.033658	2.631295
7848	-1252.43	-1466.271	213.8407	0.9474968	4.342829	2.388731
7854	-1255.976	-1469.734	213.7572	0.9991098	3.437193	2.60435
7860	-1249.405	-1463.53	214.1248	0.9908844	3.244541	2.426899
7866	-1254.673	-1468.512	213.8392	0.9908844	4.2519	2.380532
7872	-1261.063	-1475.363	214.2999	1.005137	3.631232	2.212312
7878	-1256.587	-1471.006	214.4193	0.8842901	2.93741	2.388803
7884	-1269.295	-1483.294	213.9988	0.9468907	3.574664	2.454227
7890	-1270.976	-1485.122	214.1465	1.054591	3.100966	2.409876
7896	-1277.853	-1492.038	214.185	0.8502495	3.523181	2.409876
7902	-1254.925	-1468.682	213.7568	0.855618	4.45073	2.478239
7908	-1258.911	-1472.719	213.808	0.9136067	3.826981	2.537733
7914	-1260.26	-1473.335	213.0749	0.8932765	3.737349	3.016712
7920	-1264.778	-1479.668	214.8903	1.134761	2.541814	2.039497
7926	-1251.736	-1467.01	215.2742	1.180464	2.946985	1.61565
7932	-1257.657	-1472.709	215.0523	1.39322	4.098012	1.292433
7938	-1243.266	-1457.246	213.9807	1.025568	4.790874	2.162191
7944	-1249.267	-1463.083	213.8162	0.9591593	4.547365	2.356876
7950	-1241.267	-1455.817	214.5502	1.026533	3.749681	2.006303
7956	-1251.92	-1466.303	214.383	1.009582	3.768676	2.123377
7962	-1243.416	-1456.973	213.5567	0.9252375	3.771357	2.697922
7968	-1249.348	-1463.227	213.8799	0.9233531	3.072346	2.665058
7974	-1253.845	-1467.979	214.134	1.097232	2.821276	2.466456
7980	-1250.715	-1464.894	214.1788	1.037084	2.855955	2.466456
7986	-1256.491	-1470.558	214.0674	0.7866678	3.993404	2.419038
7992	-1249.594	-1463.642	214.0481	1.058527	3.210248	2.441255
7998	-1277.634	-1491.805	214.1711	0.9661022	3.135103	2.441255
8004	-1255.051	-1469.243	214.192	0.9746249	4.073929	2.202357
8010	-1237.034	-1451.965	214.9314	1.119398	3.480306	1.750198
8016	-1246.976	-1462.175	215.1986	1.26219	3.345329	1.49088
8022	-1235.109	-1449.616	214.507	1.081698	4.457573	1.840162
8028	-1237.156	-1451.221	214.0645	0.9768863	4.457573	2.204071
8034	-1250.85	-1464.654	213.804	0.9219774	4.454156	2.40617
8040	-1252.828	-1466.959	214.1307	1.086559	5.239352	1.939585
8046	-1264.451	-1478.982	214.5307	0.976881	4.175223	1.955906
8052	-1248.382	-1461.487	213.1043	0.9514012	4.236947	2.862247
8058	-1244.183	-1458.588	214.4053	0.9514012	4.582072	1.971754
8064	-1247.119	-1460.035	212.916	0.6953066	4.054793	3.164424
8070	-1239.199	-1452.806	213.607	0.8303791	3.627963	2.75672
8076	-1241.768	-1455.016	213.2488	0.8307718	4.171945	2.860554
8082	-1253.994	-1468.287	214.2939	1.064697	3.191052	2.286371
8088	-1254.714	-1468.351	213.6369	0.9393246	3.683109	2.659331
8094	-1247.098	-1461.443	214.3452	1.10212	3.883715	2.060975
8100	-1250.597	-1464.703	214.106	1.10212	5.099701	1.971353
8106	-1250.011	-1464.389	214.3777	1.148688	3.745036	2.040815
8112	-1238.192	-1451.909	213.7164	0.9464642	3.791182	2.582019
8118	-1248.105	-1461.537	213.4318	0.7727766	3.649589	2.893388
8124	-1242.508	-1455.887	213.3789	0.7727766	4.085016	2.834107
8130	-1253.905	-1467.843	213.9376	0.9670633	3.904758	2.406143
8136	-1249.8	-1463.64	213.8397	0.9131669	3.740362	2.537249
8142	-1248.055	-1462.384	214.3288	1.030899	4.06339	2.078686
8148	-1253.71	-1467.616	213.9061	1.083087	3.985245	2.335179
8154	-1239.37	-1453.894	214.5236	1.074817	3.277385	2.108769
8160	-1246.502	-1459.8	213.2984	1.093909	3.894125	2.72667
8166	-1251.669	-1465.111	213.4414	0.8991055	3.877341	2.761844
8172	-1259.193	-1472.656	213.463	0.7453517	4.275809	2.761844
8178	-1262.323	-1476.316	213.993	0.7481803	3.958241	2.497359
8184	-1258.913	-1472.162	213.2492	0.7497854	4.19616	2.904542
8190	-1252.72	-1465.721	213.0004	0.6435321	4.19616	3.11743
8196	-1241.64	-1454.692	213.0524	0.7004783	3.727393	3.14732
8202	-1253.948	-1467.757	213.8086	0.9806449	4.545399	2.348414
8208	-1251.058	-1465.402	214.344	0.962358	4.01125	2.125085
8214	-1250.558	-1465.059	214.5009	1.070762	4.377848	1.868766
8220	-1259.73	-1472.134	212.4034	0.6948207	3.857984	3.505605
8226	-1246.661	-1460.11	213.4487	0.7682713	3.27069	2.972436
8232	-1255.956	-1469.676	213.7197	0.7978691	3.470329	2.743478
8238	-1256.748	-1470.286	213.5381	0.8461684	3.4435	2.830863
8244	-1259.858	-1474.221	214.3633	0.9437968	3.826767	2.165794
8250	-1257.773	-1471.398	213.6252	0.9043503	3.917066	2.637469
8256	-1248.573	-1462.017	213.4447	0.9530779	3.335949	2.8478
8262	-1258.075	-1471.219	213.1435	0.7208651	4.412946	2.944264
8268	-1253.089	-1466.467	213.3781	0.8825005	3.27898	2.944264
8274	-1261.597	-1475.295	213.6981	0.9560339	3.691208	2.609475
8280	-1277.673	-1491.632	213.9591	1.097378	4.613112	2.163617
8286	-1276.164	-1490.482	214.318	1.13046	4.168004	1.997079
8292	-1271.597	-1485.875	214.2782	1.255638	3.800477	2.022886
8298	-1261.903	-1476.608	214.7043	1.041334	3.234585	2.022886
8304	-1267.328	-1481.725	214.3971	1.089365	4.652044	1.869844
8310	-1250.373	-1464.294	213.9211	1.06543	4.048973	2.323297
8316	-1248.468	-1461.745	213.277	0.9010558	3.512319	2.93989
8322	-1245.303	-1458.717	213.4138	0.8136882	4.264151	2.752456
8328	-1238.987	-1452.37	213.3837	0.8356039	3.842796	2.84291
8334	-1238.469	-1451.953	213.484	0.9070436	3.489856	2.81609
8340	-1242.432	-1455.758	213.3262	1.002905	4.980036	2.557717
8346	-1239.459	-1453.369	213.9105	0.8319738	4.207151	2.444866
8352	-1241.574	-1456.101	214.5272	1.042951	4.207151	1.906742
8358	-1255.127	-1468.933	213.806	0.7396372	4.207151	2.567805
8364	-1254.112	-1467.386	213.2737	0.7373809	3.606302	3.01934
8370	-1248.323	-1461.798	213.475	0.8261026	3.496593	2.869173
8376	-1240.844	-1455.095	214.2509	1.134075	4.200863	2.032196
8382	-1246.325	-1459.563	213.2385	0.9895676	3.248685	2.971043
8388	-1243.657	-1457.663	214.0063	0.9232105	3.765211	2.421101
8394	-1237.961	-1451.918	213.957	0.9667711	4.518159	2.267841
8400	-1253.724	-1467.675	213.9517	0.8549582	4.249173	2.39592
8406	-1259.654	-1473.373	213.7189	0.9113792	3.910516	2.576538
8412	-1268.612	-1482.265	213.6525	1.044655	3.306775	2.671939
8418	-1275.485	-1489.947	214.462	0.9781722	3.306775	2.204243
8424	-1261.338	-1475.036	213.6978	0.8416434	3.763516	2.664306
8430	-1259.472	-1473.886	214.4142	1.156018	3.669342	2.029709
8436	-1248.644	-1463.265	214.6216	1.156018	3.333994	1.975372
8442	-1252.651	-1466.74	214.0887	0.9089317	4.623351	2.199839
8448	-1257.16	-1471.381	214.2205	1.069986	3.603255	2.228295
8454	-1252.451	-1466.123	213.6726	0.968317	3.901368	2.571894
8460	-1265.406	-1478.887	213.4812	0.6408258	5.260982	2.638091
8466	-1251.083	-1464.221	213.1388	0.8161839	3.943632	2.981553
8472	-1266.152	-1479.485	213.3331	1.010056	3.322232	2.884168
8478	-1263.45	-1477.704	214.2533	1.178919	2.394761	2.467783
8484	-1268.132	-1482.028	213.8954	1.074419	2.605322	2.690349
8490	-1263.694	-1478.243	214.5487	1.088181	3.093645	2.132315
8496	-1261.414	-1475.271	213.8567	0.9163452	3.487139	2.582276
8502	-1260.199	-1474.695	214.4959	0.9958985	4.781622	1.840082
8508	-1263.929	-1478.156	214.227	1.177302	4.084236	2.044639
8514	-1251.378	-1465.902	214.5239	1.042785	3.618848	2.044187
8520	-1247.186	-1461.653	214.4672	1.183321	3.537099	2.008537
8526	-1252.617	-1467.147	214.5295	0.9875787	3.910928	2.008537
8532	-1248.718	-1462.843	214.1251	1.140053	3.983163	2.158146
8538	-1253.962	-1468.381	214.4185	1.056345	3.983163	2.020327
8544	-1245.493	-1459.373	213.8799	1.094173	3.553125	2.441417
8550	-1253.108	-1467.369	214.2617	1.061325	2.706801	2.441417
8556	-1247.792	-1461.784	213.9924	0.8823329	3.443958	2.529228
8562	-1242.493	-1455.781	213.2879	0.7165783	3.062888	3.149969
8568	-1249.904	-1462.998	213.0946	0.8570183	3.22399	3.142188
8574	-1249.303	-1461.949	212.6459	0.7308923	3.713177	3.372446
8580	-1248.913	-1462.349	213.4351	0.8262981	4.098414	2.764581
8586	-1249.712	-1462.657	212.9445	0.9236803	3.489184	3.130629
8592	-1256.443	-1470.496	214.0525	0.8047164	3.907458	2.435443
8598	-1260.292	-1473.932	213.6403	0.8460729	3.970588	2.652855
8604	-1258.308	-1472.447	214.1383	0.7084798	2.930138	2.675428
8610	-1258.784	-1471.806	213.0215	0.7701998	4.70132	2.935409
8616	-1274.778	-1487.035	212.2575	0.9201735	5.067378	3.23938
8622	-1272.165	-1485.892	213.7271	0.7394884	2.979892	2.894084
8628	-1265.206	-1479.282	214.0766	0.934354	3.137911	2.519582
8634	-1251.446	-1465.576	214.13	1.040439	3.923299	2.232628
8640	-1264.618	-1478.517	213.8997	0.8989165	3.627124	2.534188
8646	-1255.872	-1470.648	214.7754	1.09825	3.921412	1.763375
8652	-1261.07	-1476.091	215.0204	1.242344	3.24666	1.664405
8658	-1256.628	-1471.425	214.7966	1.231165	4.006911	1.633595
8664	-1261.189	-1476.38	215.1913	1.455848	4.254678	1.073192
8670	-1265.503	-1479.734	214.2309	0.8992839	4.484306	2.141027
8676	-1264.465	-1478.731	214.2659	1.069056	3.56783	2.207975
8682	-1253.654	-1467.153	213.4983	0.7988189	4.148924	2.732641
8688	-1239.958	-1453.949	213.991	0.938531	3.210239	2.551985
8694	-1253.374	-1467.384	214.0097	0.9499141	3.377563	2.49208
8700	-1248.462	-1462.727	214.2652	1.065832	3.85559	2.143708
8706	-1255.9	-1469.756	213.8559	1.038677	3.728559	2.451265
8712	-1277.152	-1489.921	212.7684	0.87669	3.946141	3.166081
8718	-1264.434	-1476.782	212.3479	0.6975509	3.655732	3.578001
8724	-1249.533	-1464.112	214.5791	1.077537	3.378073	2.044489
8730	-1247.68	-1462.565	214.8847	1.183582	3.494923	1.734075
8736	-1242.772	-1457.302	214.5304	1.096732	3.786313	1.963969
8742	-1252.633	-1466.794	214.1609	1.064046	2.889313	2.451518
8748	-1249.869	-1462.388	212.5196	1.028522	2.952013	3.446685
8754	-1248.42	-1462.96	214.5402	1.138998	2.836069	2.176684
8760	-1251.772	-1466.173	214.4011	1.184141	2.889193	2.222306
8766	-1259.634	-1473.881	214.247	1.201389	4.129184	2.005572
8772	-1259.714	-1473.249	213.5354	1.059947	3.670641	2.650335
8778	-1252.465	-1465.805	213.3404	1.010195	3.727454	2.787802
8784	-1244.788	-1457.989	213.2014	0.9178267	4.074631	2.855869
8790	-1252.464	-1466.186	213.7221	0.9889995	3.681157	2.576399
8796	-1267.038	-1480.534	213.4956	1.070371	3.593552	2.685657
8802	-1248.18	-1461.729	213.5495	0.9759286	3.705433	2.685657
8808	-1242.05	-1455.938	213.888	1.083177	3.495829	2.456615
8814	-1250.72	-1465.239	214.5193	1.143452	3.196954	2.08763
8820	-1261.133	-1475.7	214.5669	1.229478	2.899588	2.08183
8826	-1253.872	-1467.959	214.0873	0.9818971	2.899588	2.546057
8832	-1259.803	-1473.172	213.369	0.8891372	3.298748	2.941029
8838	-1253.126	-1467.049	213.9223	0.95518	3.316278	2.558187
8844	-1266.419	-1480.158	213.7386	1.147078	3.295328	2.558187
8850	-1265.512	-1479.353	213.8401	0.9601259	4.113976	2.427614
8856	-1264.058	-1477.101	213.0423	0.8865658	3.663612	3.056047
8862	-1265.961	-1479.656	213.695	0.9537535	3.623832	2.627842
8868	-1263.384	-1477.331	213.946	1.03299	4.256032	2.284882
8874	-1265.032	-1479.289	214.257	1.162856	4.564365	1.932911
8880	-1260.979	-1475.977	214.9981	1.273069	3.321574	1.637122
8886	-1262.712	-1477.739	215.0271	1.182263	3.321574	1.681333
8892	-1256.926	-1469.998	213.0725	0.6749208	3.264569	3.253651
8898	-1250.965	-1463.96	212.9957	0.6043705	3.412859	3.306445
8904	-1253.987	-1467.676	213.6885	0.7330013	3.35669	2.82854
8910	-1251.629	-1464.722	213.0927	0.6637316	3.640392	3.163801
8916	-1249.202	-1461.798	212.5964	0.7451996	3.915559	3.351518
8922	-1260.574	-1474.704	214.1303	0.7937231	4.777534	2.217965
8928	-1264.08	-1478.208	214.1275	0.9009086	3.868617	2.335576
8934	-1252.879	-1467.075	214.1962	0.9087357	3.652633	2.335576
8940	-1252.358	-1466.833	214.4747	0.8746565	4.529277	1.987314
8946	-1238.429	-1452.36	213.9305	0.8639708	4.772647	2.302097
8952	-1249.236	-1463.222	213.9857	0.9904737	4.181408	2.302097
8958	-1246.317	-1460.712	214.3954	0.9904737	3.452822	2.202904
8964	-1240.277	-1454.758	214.4807	1.018229	3.850694	2.034452
8970	-1252.222	-1467.626	215.4037	1.342119	3.074878	1.354992
8976	-1242.22	-1457.598	215.3786	1.342119	3.154778	1.348794
8982	-1249.215	-1464.784	215.568	1.658142	2.960749	0.973795
8988	-1252.922	-1468.466	215.5447	1.658142	3.198457	0.8923212
8994	-1254.871	-1469.153	214.2826	1.042275	4.440752	2.021763
9000	-1261.005	-1476.391	215.386	1.736876	3.847559	0.6605954
9006	-1260.194	-1475.542	215.348	1.604365	4.128861	0.7839986
9012	-1259.443	-1474.696	215.2529	1.643314	4.362227	0.7572925
9018	-1243.145	-1458.512	215.3668	1.643314	4.051695	0.7368793
9024	-1249.041	-1464.219	215.1779	1.643314	4.703348	0.7123372
9030	-1255.344	-1470.769	215.4251	1.886941	3.196595	0.7536662
9036	-1244.48	-1459.754	215.2742	1.498961	3.019616	1.351716
9042	-1241.721	-1456.832	215.1109	1.364315	3.115633	1.548686
9048	-1250.521	-1465.867	215.3456	1.279804	2.745057	1.556322
9054	-1249.058	-1464.457	215.3988	1.344115	2.861463	1.428714
9060	-1262.45	-1476.352	213.9022	0.8749189	2.743365	2.768961
9066	-1256.6	-1470.372	213.7715	1.015628	4.033778	2.452622
9072	-1253.471	-1467.703	214.2318	0.9697799	2.418808	2.603828
9078	-1249.604	-1464.039	214.4357	1.059699	3.297679	2.170755
9084	-1257.083	-1471.236	214.1531	1.069311	4.057163	2.169819
9090	-1259.114	-1472.391	213.2769	0.9029619	3.201056	3.011438
9096	-1260.798	-1473.868	213.0697	0.9175267	3.381908	3.084034
9102	-1257.388	-1470.365	212.9775	1.125799	3.596644	2.966091
9108	-1260.486	-1474.589	214.1027	0.9397588	3.235422	2.475219
9114	-1254.613	-1468.613	213.9999	0.9901495	3.759534	2.384152
9120	-1265.376	-1480.003	214.6268	1.208327	3.163272	1.982403
9126	-1264.466	-1478.822	214.3556	1.036498	3.198141	2.263053
9132	-1252.807	-1466.847	214.0401	1.050526	3.678205	2.338812
9138	-1252.865	-1467.562	214.6961	1.04687	3.0605	2.07171
9144	-1261.094	-1474.599	213.5049	0.8780031	3.122919	2.908412
9150	-1248.918	-1464.568	215.6499	1.743469	2.937716	0.7916305
9156	-1252.898	-1468.454	215.5562	1.669162	3.382972	0.7727387
9162	-1263.938	-1479.521	215.5829	1.652232	3.382972	0.7586298
9168	-1247.139	-1462.425	215.286	1.652232	4.148314	0.7946058
9174	-1260.43	-1474.714	214.2841	0.9409095	3.775076	2.230636
9180	-1248.877	-1464.501	215.6233	1.61622	2.998856	0.9428212
9186	-1243.828	-1459.403	215.5747	1.614483	3.424986	0.8001827
9192	-1236.501	-1451.869	215.3687	1.754477	3.542771	0.8283098
9198	-1247.028	-1462.666	215.6379	1.754477	3.119231	0.6715999
9204	-1251.847	-1467.238	215.3908	1.754477	3.804372	0.644875
9210	-1252.607	-1467.892	215.2853	1.754477	4.002464	0.7157793
9216	-1243.41	-1458.759	215.3492	1.834743	3.674783	0.6607029
9222	-1245.462	-1460.87	215.4072	1.834743	3.441293	0.7131413
9228	-1250.314	-1465.749	215.4353	1.834743	3.313769	0.7466626
9234	-1245.874	-1461.618	215.7446	1.749778	2.823608	0.7157478
9240	-1253.473	-1469.164	215.6905	1.957286	2.621308	0.5828981
9246	-1256.221	-1471.677	215.4556	2.087495	2.86126	0.4415585
9252	-1255.265	-1470.783	215.5187	2.031733	2.86126	0.5040118
9258	-1253.717	-1469.236	215.5187	2.031733	2.86126	0.5040118
9264	-1255.65	-1471.158	215.5081	2.031733	2.86126	0.4306851
9270	-1266.806	-1482.124	215.3179	1.777777	3.944125	0.6477987
9276	-1272.516	-1488.222	215.706	1.729568	2.761351	0.8380867
9282	-1276.437	-1491.894	215.4575	1.764698	3.351175	0.7940804
9288	-1270.292	-1485.403	215.111	1.87926	4.086089	0.749695
9294	-1271.642	-1485.125	213.4832	0.8809988	3.960373	2.730016
9300	-1272.677	-1487.86	215.1831	1.816334	4.323275	0.5681884
9306	-1266.238	-1481.606	215.3676	1.816334	3.706947	0.6354708
9312	-1272.132	-1487.692	215.5601	1.777773	2.996347	0.8311056
9318	-1272.145	-1487.703	215.5587	1.777773	3.084699	0.7842718
9324	-1250.78	-1465.243	214.4629	1.048686	3.224775	2.179087
9330	-1250.208	-1464.722	214.5145	0.9979348	2.653636	2.337287
9336	-1243.393	-1457.511	214.1187	0.9370558	5.066531	2.078574
9342	-1246.567	-1460.886	214.3193	1.040765	4.901623	1.906373
9348	-1247.922	-1462.547	214.6248	1.132488	3.687438	1.899877
9354	-1248.658	-1463.038	214.3797	1.211192	4.174255	1.899877
9360	-1246.272	-1461.062	214.79	1.322593	3.613638	1.671565
9366	-1242.517	-1457.088	214.571	1.323266	3.450149	1.866274
9372	-1234.416	-1449.431	215.0155	1.323266	3.017311	1.677331
9378	-1255.717	-1470.752	215.0357	1.12764	4.5863	1.394648
9384	-1246.756	-1462.123	215.3663	1.647719	3.911847	0.799045
9390	-1260.387	-1475.442	215.0543	1.429116	4.241327	1.222263
9396	-1245.088	-1459.712	214.6237	1.374097	3.762224	1.715127
9402	-1235.755	-1450.522	214.7672	1.230638	3.762224	1.715127
9408	-1242.301	-1456.843	214.5415	0.9775712	4.200023	1.94281
9414	-1237.988	-1452.126	214.1385	0.846933	3.740063	2.391456
9420	-1246.885	-1461.466	214.5812	0.9751826	4.191954	1.919398
9426	-1265.394	-1479.201	213.807	0.9622976	5.249336	2.232541
9432	-1257.174	-1472.692	215.5175	1.38623	3.614993	1.037071
9438	-1253.991	-1469.157	215.1664	1.28002	4.083592	1.295548
9444	-1254.596	-1469.491	214.8943	1.1529	4.364756	1.534567
9450	-1258.908	-1473.186	214.2784	1.013716	3.554579	2.238798
9456	-1245.014	-1459.775	214.7615	1.013716	4.320506	1.740488
9462	-1239.768	-1454.57	214.8018	1.154982	3.776339	1.740488
9468	-1247.777	-1463.106	215.3291	1.214572	3.150698	1.48692
9474	-1263.043	-1475.858	212.8154	0.768439	3.330524	3.334776
9480	-1237.084	-1449.982	212.8983	0.7303268	3.330524	3.308383
9486	-1236.153	-1449.051	212.898	0.5986426	3.757726	3.292587
9492	-1247.188	-1459.389	212.2012	0.7190801	3.070238	3.781973
9498	-1250.59	-1464.261	213.6708	0.8551108	3.539317	2.722541
9504	-1247.03	-1461.154	214.1235	0.7447257	3.101543	2.617515
9510	-1249.904	-1462.757	212.8526	0.7439025	3.551143	3.27785
9516	-1245.643	-1458.42	212.7768	0.8483674	3.474658	3.27785
9522	-1249.6	-1462.524	212.9232	0.7668399	3.298876	3.279541
9528	-1256.422	-1468.732	212.3102	0.7955026	3.943045	3.484136
9534	-1250.155	-1463.848	213.6928	0.9109803	3.471038	2.69044
9540	-1249.431	-1462.547	213.1157	0.8283263	3.238449	3.143309
9546	-1262.145	-1474.898	212.7529	0.7326221	4.044527	3.240988
9552	-1247.491	-1461.185	213.6937	0.8361332	3.588623	2.70893
9558	-1242.786	-1456.445	213.6591	0.9310894	3.644592	2.659317
9564	-1248.36	-1462.221	213.8609	0.8647529	3.987138	2.500931
9570	-1243.087	-1456.422	213.3347	0.8197748	3.958771	2.858039
9576	-1246.677	-1460.235	213.5582	0.7107977	3.958771	2.788446
9582	-1239.823	-1453.257	213.4339	0.7645181	3.934653	2.836397
9588	-1246.873	-1460.108	213.2348	0.8875052	4.162749	2.836397
9594	-1245.204	-1459.211	214.0069	0.9824315	3.403277	2.467277
9600	-1247.498	-1461.591	214.0935	0.9600322	3.409204	2.425491
9606	-1247.865	-1461.579	213.7144	0.9555947	3.582384	2.624094
9612	-1249.734	-1464.845	215.1107	1.170207	3.606341	1.551486
9618	-1251.701	-1466.534	214.8328	1.170207	3.639677	1.742389
9624	-1259.256	-1473.459	214.2022	1.104433	3.001503	2.369467
9630	-1253.989	-1467.282	213.2937	0.8604967	4.442609	2.76294
9636	-1252.205	-1466.318	214.1127	0.8746953	3.695534	2.400264
9642	-1242.893	-1456.336	213.4435	0.9003532	3.073774	2.944287
9648	-1245.482	-1459.275	213.7925	0.8551737	3.52562	2.650841
9654	-1247.112	-1461.643	214.5306	0.9065626	4.048307	2.030786
9660	-1245.494	-1459.42	213.9256	1.001477	4.464871	2.276216
9666	-1249.161	-1462.791	213.6298	0.7757652	3.339005	2.842351
9672	-1249.354	-1463.269	213.9155	0.885294	3.623706	2.533569
9678	-1259.896	-1473.857	213.961	0.8340375	3.816907	2.494137
9684	-1260.553	-1475.226	214.6732	0.9175813	3.816907	1.981074
9690	-1253.439	-1468.392	214.9524	1.180506	3.163121	1.779594
9696	-1249.792	-1464.926	215.1342	1.456664	3.222219	1.428941
9702	-1256.536	-1471.15	214.6141	1.248624	4.05284	1.739989
9708	-1262.244	-1477.441	215.1971	1.314377	4.230044	1.201409
9714	-1259.926	-1474.837	214.9112	1.1504	3.928084	1.628452
9720	-1273.305	-1488.457	215.1521	1.091605	3.243963	1.678744
9726	-1270.17	-1484.611	214.4403	1.246997	3.327544	2.037217
9732	-1267.051	-1481.255	214.2045	1.222599	3.845348	2.08307
9738	-1269.943	-1484.775	214.8317	1.222599	3.788376	1.668477
9744	-1265.652	-1480.087	214.4353	1.250664	4.028529	1.867907
9750	-1246.213	-1460.242	214.0291	0.9676418	3.228365	2.505568
9756	-1252.806	-1465.314	212.5081	0.7868852	3.555869	3.453891
9762	-1246.592	-1458.793	212.2018	0.6486881	2.871095	3.871169
9768	-1246.036	-1459.05	213.0141	0.7277763	2.97847	3.326363
9774	-1244.82	-1457.756	212.9357	0.9332245	3.483096	3.131526
9780	-1260.893	-1474.63	213.7373	1.147993	3.363498	2.541878
9786	-1257.595	-1471.205	213.6102	0.9704839	2.972956	2.826792
9792	-1260.072	-1474.209	214.1366	0.9405007	3.943205	2.288225
9798	-1251.485	-1465.846	214.361	1.17823	3.56072	2.076424
9804	-1261.645	-1476.633	214.9884	1.146598	3.520431	1.68015
9810	-1278.162	-1492.411	214.2492	0.8735806	3.888387	2.270986
9816	-1259.164	-1472.271	213.107	0.799183	2.985985	3.22752
9822	-1250.716	-1463.94	213.2243	0.6407661	3.083773	3.22752
9828	-1246.706	-1460.719	214.013	1.015166	3.672903	2.37961
9834	-1238.472	-1452.758	214.2856	0.8617997	2.951047	2.483352
9840	-1239.636	-1453.659	214.0227	0.7535504	3.920859	2.483352
9846	-1240.302	-1454.314	214.0121	0.9818356	3.166404	2.522947
9852	-1249.81	-1464.509	214.6987	1.073918	3.111285	2.038222
9858	-1248.612	-1463.341	214.7293	1.165898	2.83091	2.036557
9864	-1239.345	-1453.599	214.254	0.9689398	3.574414	2.278509
9870	-1236.088	-1450.643	214.5545	0.9611336	3.167455	2.191461
9876	-1239.722	-1453.205	213.4831	0.958331	3.077152	2.884494
9882	-1251.667	-1463.2	211.5327	0.8071408	3.406742	4.037645
9888	-1263.609	-1477.341	213.7323	0.8440627	4.082708	2.573973
9894	-1269.445	-1482.76	213.3159	0.7948864	3.960996	2.884071
9900	-1257.09	-1470.379	213.2894	0.8592351	3.169197	3.037901
9906	-1267.331	-1481.075	213.7442	0.9840226	3.394733	2.63175
9912	-1271.859	-1484.897	213.0384	0.9225576	3.702451	3.0285
9918	-1254.153	-1466.774	212.6212	0.6629048	3.667544	3.436392
9924	-1249.495	-1462.246	212.7509	0.7175832	3.185045	3.436392
9930	-1242.798	-1456.898	214.1	1.050618	4.224085	2.180945
9936	-1254.939	-1469.31	214.3707	1.135679	3.230404	2.180945
9942	-1255.674	-1470.13	214.4562	1.013323	3.327464	2.179944
9948	-1260.864	-1475.829	214.9654	1.30546	3.104542	1.699649
9954	-1257.523	-1472.927	215.4046	1.466596	3.766445	1.015764
9960	-1267.01	-1482.423	215.4134	1.543065	3.082403	1.178251
9966	-1260.512	-1475.792	215.2798	1.457656	3.648801	1.17761
9972	-1262.937	-1478.129	215.1924	1.428631	3.767801	1.240539
9978	-1259.917	-1474.997	215.08	1.405669	3.96858	1.294963
9984	-1251.375	-1466.773	215.3984	1.362234	3.863494	1.088777
9990	-1243.902	-1459.06	215.158	1.217956	3.279002	1.573184
9996	-1246.916	-1461.386	214.4699	0.9942871	5.565792	1.710221
10002	-1259.769	-1474.534	214.7658	1.015952	3.627071	1.898092
10008	-1253.801	-1467.953	214.1521	0.8884079	3.276357	2.46619
10014	-1253.554	-1467.496	213.9413	0.902137	3.833101	2.460237
10020	-1277.062	-1490.379	213.3171	0.7699234	2.984554	3.120565
10026	-1268.962	-1481.754	212.7917	0.6421326	4.118228	3.257109
10032	-1250.608	-1464.401	213.7923	0.7826778	3.257894	2.758685
10038	-1254.721	-1468.067	213.3461	0.6941415	3.494835	3.026617
10044	-1261.038	-1473.127	212.0894	0.6386401	2.62792	4.004822
10050	-1256.406	-1470.873	214.4666	1.240528	4.78839	1.688422
10056	-1261.479	-1476.309	214.8291	1.14212	4.987764	1.452769
10062	-1261.823	-1476.372	214.5481	1.054226	3.773326	1.983622
10068	-1248.447	-1463.062	214.6148	0.9817851	3.773549	1.987423
10074	-1236.281	-1450.627	214.3459	1.147269	4.204294	1.959272
10080	-1245.2	-1459.183	213.9826	0.9796118	4.204294	2.306293
10086	-1240.429	-1454.338	213.9091	1.002012	4.359849	2.307271
10092	-1243.58	-1457.556	213.9755	1.054551	3.993979	2.307271
10098	-1255.767	-1470.404	214.6375	1.053501	3.087549	2.098497
10104	-1250.313	-1464.541	214.2286	1.084067	3.147313	2.327073
10110	-1270.774	-1485.393	214.619	1.12689	2.899334	2.115029
10116	-1257.613	-1471.636	214.0226	1.07637	3.441045	2.389202
10122	-1249.627	-1463.754	214.1273	1.25441	3.268577	2.251648
10128	-1245.923	-1460.715	214.792	1.163527	3.095651	1.920184
10134	-1231.734	-1446.271	214.5365	1.018665	3.53994	2.071057
10140	-1240.315	-1454.776	214.4611	1.018242	3.267174	2.189017
10146	-1236.681	-1450.685	214.0046	1.075546	3.990733	2.275952
10152	-1253.824	-1467.888	214.0646	0.8836521	4.526341	2.250517
10158	-1244.983	-1458.58	213.5973	0.7541077	4.458793	2.638867
10164	-1246.037	-1460.332	214.2954	1.025277	4.093121	2.097815
10170	-1237.878	-1452.88	215.0016	1.138826	4.173543	1.510595
10176	-1243.988	-1458.343	214.3556	0.918884	4.481852	2.046782
10182	-1251.357	-1465.734	214.3774	1.066725	4.723575	1.884263
10188	-1251.788	-1466.022	214.2339	1.090413	3.252114	2.292623
10194	-1253.796	-1468.835	215.0387	1.297104	3.091939	1.65713
10200	-1261.337	-1475.517	214.1801	1.138799	4.708062	1.971913
10206	-1245.346	-1459.735	214.3889	0.9071522	4.40133	2.048925
10212	-1244.655	-1457.279	212.6239	0.7506888	3.496555	3.420272
10218	-1248.787	-1461.598	212.8105	0.4475401	3.081385	3.583852
10224	-1238.134	-1450.806	212.6724	0.5797848	3.0957	3.583852
10230	-1253.2	-1465.346	212.146	0.8157052	3.488909	3.662314
10236	-1252.706	-1465.372	212.666	0.5634129	2.833382	3.662314
10242	-1254.385	-1467.122	212.7373	0.6388097	2.798269	3.586374
10248	-1256.183	-1468.988	212.8053	0.8210852	3.065518	3.372622
10254	-1262.181	-1474.877	212.6955	0.5723491	4.151904	3.348403
10260	-1248.878	-1461.057	212.1793	0.7765687	3.70398	3.619963
10266	-1249.233	-1462.967	213.7343	0.8506364	4.11998	2.561035
10272	-1247.819	-1461.157	213.3386	0.8384048	4.1087	2.813959
10278	-1252.005	-1465.184	213.1796	0.7551535	3.819339	3.019396
10284	-1247.65	-1461.387	213.7366	0.6844078	3.44369	2.8085
10290	-1245.446	-1458.507	213.0612	0.7014158	3.512666	3.18809
10296	-1259.932	-1473.782	213.8506	0.6411811	2.930623	2.89168
10302	-1242.756	-1457.057	214.3012	0.9797716	3.648341	2.223815
10308	-1252.924	-1466.71	213.7857	0.9332965	4.014637	2.499295
10314	-1256.493	-1469.909	213.4156	0.6997332	4.39212	2.796234
10320	-1251.877	-1465.571	213.6941	0.9382744	2.906669	2.812752
10326	-1261.834	-1475.51	213.6756	0.7699711	4.043064	2.663007
10332	-1252.153	-1465.53	213.3764	0.6806932	3.705804	2.970053
10338	-1256.49	-1469.12	212.6293	0.5958064	2.842899	3.662392
10344	-1257.008	-1469.221	212.2126	0.8233533	3.295763	3.662392
10350	-1255.084	-1468.805	213.7212	0.9425738	2.580477	2.884107
10356	-1251.68	-1464.989	213.3094	0.9056886	3.090975	3.017342
10362	-1256.249	-1469.277	213.0281	0.8397525	3.503089	3.127719
10368	-1249.297	-1462.993	213.6961	0.9192606	3.768786	2.616322
10374	-1246.269	-1460.292	214.0237	0.8763201	3.857851	2.419289
10380	-1249.992	-1463.771	213.7786	1.023906	3.706715	2.513807
10386	-1257.958	-1471.56	213.6016	1.061986	4.111441	2.513807
10392	-1246.912	-1461.174	214.2613	1.083961	3.500659	2.217496
10398	-1252.648	-1467.312	214.6634	1.026252	3.706997	1.940847
10404	-1247.649	-1462.882	215.2338	1.201931	3.482443	1.470181
10410	-1253.904	-1467.871	213.9669	0.8769222	3.730333	2.482729
10416	-1246.177	-1460.428	214.2518	0.7355648	4.045243	2.32356
10422	-1253.965	-1468.347	214.3818	0.890729	3.260504	2.32356
10428	-1246.501	-1459.523	213.0214	0.7859232	2.975726	3.288512
10434	-1244.202	-1458.173	213.9714	1.010296	3.033085	2.564868
10440	-1240.85	-1454.883	214.0328	1.019127	3.561036	2.390428
10446	-1248.411	-1462.496	214.0848	0.842749	3.385607	2.510192
10452	-1247.08	-1459.975	212.8947	0.727871	3.211017	3.339858
10458	-1246.794	-1458.102	211.3078	0.7271471	3.314395	4.231422
10464	-1242.038	-1454.637	212.5988	0.6479455	4.168212	3.357666
10470	-1250.038	-1463.625	213.5871	1.072256	4.168212	2.50483
10476	-1259.842	-1473.465	213.623	0.9545183	5.041285	2.391274
10482	-1260.687	-1474.694	214.0064	1.198236	3.007401	2.432316
10488	-1257.891	-1471.453	213.5615	1.018108	3.914025	2.607181
10494	-1264.769	-1477.782	213.0128	0.8814101	3.639309	3.08204
10500	-1266.164	-1479.273	213.1094	0.7417569	3.759181	3.08204
10506	-1267.171	-1479.841	212.6699	0.6643735	3.967218	3.345465
10512	-1260.422	-1475.083	214.6603	1.391971	3.131415	1.844204
10518	-1267.243	-1482.293	215.0497	1.245385	3.608971	1.540334
10524	-1255.929	-1469.398	213.4696	0.9086063	3.347629	2.856889
10530	-1244.325	-1457.816	213.4914	0.968077	3.584999	2.752839
10536	-1251.808	-1465.158	213.3492	0.7202733	3.399882	3.030723
10542	-1251.703	-1466.107	214.4035	1.020927	4.410691	1.961491
10548	-1247.576	-1460.891	213.3141	0.9455418	3.287478	2.942766
10554	-1255.99	-1469.513	213.5225	0.8464181	3.11486	2.918858
10560	-1255.863	-1469.691	213.8279	1.01377	4.538421	2.316394
10566	-1255.886	-1470.214	214.3275	0.9069574	4.314222	2.107483
10572	-1249.896	-1463.528	213.6319	1.066247	3.96736	2.522289
10578	-1251.763	-1465.31	213.547	0.8118163	3.460356	2.842422
10584	-1259.179	-1473.019	213.8404	0.9366665	3.553973	2.564269
10590	-1253.893	-1467.515	213.6216	0.7915604	3.254563	2.857928
10596	-1250.644	-1464.221	213.5769	0.9044363	3.271297	2.812529
10602	-1259.869	-1473.614	213.7457	0.9756623	4.597668	2.38149
10608	-1272.762	-1487.238	214.4764	1.422165	4.693456	1.570406
10614	-1257.915	-1472.602	214.6864	1.243239	3.807929	1.751708
10620	-1247.322	-1462.073	214.7507	1.243239	3.628045	1.751708
10626	-1249.77	-1464.256	214.4862	1.079385	3.914345	1.975398
10632	-1245.553	-1459.312	213.7586	1.067661	3.854679	2.466322
10638	-1250.813	-1464.406	213.5925	1.045384	3.245388	2.723227
10644	-1248.19	-1461.953	213.7631	1.007493	3.678627	2.540019
10650	-1255.929	-1470.013	214.0831	1.007493	4.326206	2.198762
10656	-1256.096	-1470.847	214.7511	1.179629	3.852302	1.74011
10662	-1243.11	-1457.934	214.8232	1.229346	3.948093	1.63005
10668	-1250.615	-1465.11	214.4947	1.263222	3.764029	1.880858
10674	-1256.31	-1470.926	214.6155	1.103158	4.012181	1.849299
10680	-1249.047	-1463.407	214.36	1.021088	4.012181	2.075881
10686	-1245.83	-1459.646	213.8169	1.140241	4.200799	2.310256
10692	-1243.938	-1458.629	214.6913	1.164187	4.036429	1.748917
10698	-1248.739	-1463.213	214.4742	1.166748	4.20491	1.859022
10704	-1252.163	-1466.564	214.4006	1.057128	4.638937	1.892078
10710	-1247.674	-1461.924	214.2507	0.9993684	3.636699	2.24641
10716	-1241.816	-1454.747	212.9316	0.9021478	3.470873	3.155165
10722	-1248.717	-1462.825	214.1084	0.9162881	4.559922	2.194667
10728	-1253.335	-1467.893	214.5585	1.029249	4.149417	1.907483
10734	-1242.267	-1456.117	213.8498	0.8831641	4.097748	2.473222
10740	-1235.534	-1449.378	213.8442	0.8389733	4.251041	2.473222
10746	-1246.96	-1460.873	213.9128	0.9167164	4.634839	2.305648
10752	-1235.663	-1449.912	214.2494	1.035353	3.876881	2.16899
10758	-1240.083	-1454.786	214.7029	0.9635227	3.201014	2.084149
10764	-1251.79	-1465.725	213.9353	0.8152707	3.207033	2.663524
10770	-1252.747	-1466.521	213.7738	0.9168713	4.513191	2.416997
10776	-1260.709	-1473.7	212.9913	0.8067002	4.392621	2.987975
10782	-1260.25	-1474.392	214.142	0.840193	3.515384	2.445089
10788	-1251.097	-1464.779	213.6818	0.7345458	3.382525	2.825595
10794	-1246.852	-1459.414	212.5617	0.7345458	3.256009	3.520338
10800	-1248.38	-1461.916	213.5368	0.808719	3.758127	2.784249
10806	-1246.304	-1459.751	213.4474	0.9914523	3.502016	2.784249
10812	-1252.595	-1464.273	211.6783	0.8269806	3.291434	3.968742
10818	-1241.296	-1454.513	213.2171	0.7230108	4.260456	2.927571
10824	-1245.644	-1460.247	214.6036	0.9003308	3.777621	2.048052
10830	-1237.535	-1451.882	214.3471	1.098705	3.537887	2.143214
10836	-1245.485	-1460.284	214.7988	1.229294	3.84482	1.673058
10842	-1255.811	-1470.864	215.0532	1.195984	3.739534	1.539417
10848	-1250.907	-1465.864	214.9567	1.272972	3.979138	1.491994
10854	-1254.903	-1466.865	211.9627	0.6128877	3.176689	3.954741
10860	-1254.983	-1468.208	213.2252	0.5815337	3.760962	3.108176
10866	-1245.973	-1460.022	214.0493	0.6258357	3.375516	2.669032
10872	-1256.79	-1470.885	214.0946	0.7339099	3.857382	2.464321
10878	-1246.899	-1460.34	213.441	0.9658352	4.168307	2.661427
10884	-1248.791	-1461.612	212.8211	0.7509801	4.206178	3.158234
10890	-1249.234	-1463.106	213.8713	0.9013827	3.279562	2.632053
10896	-1250.907	-1464.164	213.2578	0.8665871	3.135397	3.060622
10902	-1250.522	-1464.369	213.8468	0.7392762	3.611334	2.669312
10908	-1262.375	-1475.92	213.5449	0.662322	4.078816	2.801547
10914	-1242.033	-1455.811	213.7785	0.9622536	3.596536	2.577082
10920	-1250.196	-1462.314	212.1184	0.6913492	3.545263	3.738019
10926	-1257.204	-1469.722	212.5178	0.6078095	3.557317	3.552367
10932	-1252.149	-1465.821	213.6716	0.8336005	3.029711	2.857968
10938	-1259.96	-1473.21	213.2498	0.8448911	2.877598	3.143562
10944	-1254.634	-1467.406	212.7718	0.8095372	3.647162	3.265999
10950	-1241.46	-1455.937	214.4769	1.033458	3.709841	2.059714
10956	-1248.996	-1463.43	214.4336	1.169515	3.512763	2.046053
10962	-1255.355	-1469.21	213.8543	1.123733	4.115933	2.31454
10968	-1265.702	-1479.696	213.9941	1.011238	4.271653	2.264843
10974	-1255.966	-1470.818	214.852	1.095074	3.385467	1.847084
10980	-1250.232	-1465.18	214.9478	1.318631	3.385467	1.62267
10986	-1254.937	-1469.581	214.6441	1.219729	4.36024	1.668871
10992	-1249.747	-1464.528	214.7812	1.286662	3.748314	1.668871
10998	-1252.974	-1467.342	214.3682	1.099394	4.977235	1.818247
11004	-1255.662	-1470.976	215.3144	1.461395	3.78166	1.10109
11010	-1268.081	-1483.248	215.1675	1.613835	3.823216	1.082578
11016	-1253.54	-1469.065	215.5247	1.584884	3.012722	1.066434
11022	-1256.221	-1470.732	214.5114	1.295764	5.046012	1.563312
11028	-1250.919	-1465.328	214.4091	1.088303	4.145045	1.969354
11034	-1258.687	-1472.802	214.1148	1.061478	3.086317	2.429317
11040	-1241.116	-1455.875	214.7586	1.059235	3.654637	1.866712
11046	-1247.925	-1462.345	214.4193	1.048289	3.898862	2.044174
11052	-1243.276	-1457.402	214.1259	1.058599	3.25841	2.379961
11058	-1246.173	-1460.328	214.1556	1.093833	3.181016	2.358523
11064	-1255.417	-1469.142	213.7249	0.997639	3.315237	2.654291
11070	-1246.529	-1460.159	213.6301	0.8580517	3.958405	2.654291
11076	-1242.245	-1455.784	213.5392	0.8806506	4.168631	2.653321
11082	-1240.4	-1453.852	213.4518	0.8730102	3.294265	2.901858
11088	-1249.017	-1462.369	213.352	0.7808631	3.811619	2.901858
11094	-1252.945	-1466.603	213.6578	0.8338084	3.451509	2.763663
11100	-1227.96	-1441.348	213.3878	0.9016475	3.164232	2.954563
11106	-1243.057	-1456.216	213.1596	0.663821	3.828768	3.083994
11112	-1239.958	-1453.351	213.3929	0.8972527	3.276269	2.927103
11118	-1238.695	-1452.76	214.0648	0.7875138	4.28898	2.358912
11124	-1237.761	-1452.39	214.6294	1.005421	3.650979	1.99113
11130	-1236.886	-1450.18	213.2936	0.7722624	3.650979	2.97667
11136	-1250.081	-1462.743	212.6614	0.7241773	2.507197	3.66009
11142	-1242.108	-1455.926	213.8182	0.8102647	2.858902	2.827837
11148	-1254.085	-1467.861	213.7755	0.9037659	3.608469	2.612466
11154	-1257.256	-1471.322	214.066	0.6836647	3.133	2.682563
11160	-1257.294	-1471.509	214.215	0.8716357	2.822081	2.556484
11166	-1247.419	-1461.908	214.4885	0.9468208	2.794554	2.345203
11172	-1256.18	-1471.727	215.5474	1.675857	3.345589	0.7955236
11178	-1263.374	-1478.952	215.578	1.907699	2.977249	0.5898751
11184	-1244.278	-1457.166	212.8884	0.7691754	3.061462	3.355288
11190	-1258.764	-1474.436	215.6717	1.861893	2.822787	0.6418439
11196	-1256.72	-1471.839	215.1191	2.046138	3.8462	0.4816672
11202	-1263.465	-1478.454	214.9894	1.73812	5.129789	0.6615442
11208	-1262.604	-1477.894	215.29	1.880412	3.812831	0.5625221
11214	-1258.821	-1473.509	214.6887	1.245031	3.452791	1.838613
11220	-1248.321	-1463.485	215.164	1.667808	4.499248	0.7884412
11226	-1258.18	-1473.626	215.4463	1.621719	3.436483	0.9380886
11232	-1263.919	-1478.223	214.3035	0.8365108	4.758751	2.08077
11238	-1256.325	-1470.147	213.8223	0.9690048	5.284289	2.212336
11244	-1256.105	-1469.935	213.8299	0.8926911	4.596518	2.380929
11250	-1265.681	-1480.016	214.3355	0.8508773	3.387426	2.346788
11256	-1270.547	-1484.759	214.2123	1.001799	3.587346	2.281111
11262	-1272.414	-1486.42	214.006	0.9174594	3.587346	2.465235
11268	-1266.774	-1480.066	213.2917	0.8897759	3.587346	2.921055
11274	-1257.115	-1470.735	213.6195	0.8948495	4.235576	2.581571
11280	-1269.921	-1485.289	215.3683	1.4798	3.954421	0.9734567
11286	-1268.805	-1484.01	215.2047	1.408918	3.400756	1.356576
11292	-1251.306	-1466.701	215.3952	1.437823	3.845745	1.025943
11298	-1263.143	-1478.101	214.9575	1.437823	4.628196	1.195204
11304	-1255.919	-1471.14	215.2206	1.437823	4.21808	1.073661
11310	-1248.645	-1463.5	214.8558	1.42379	3.744019	1.515601
11316	-1252.161	-1467.4	215.2386	1.48905	4.164549	1.024125
11322	-1250.154	-1465.09	214.9356	1.409709	3.01905	1.67213
11328	-1254.618	-1468.774	214.1564	1.242695	3.555233	2.169424
11334	-1254.62	-1470.066	215.4458	1.197596	2.82312	1.516937
11340	-1252.809	-1467.408	214.5997	1.194946	3.529383	1.91374
11346	-1249.56	-1464.278	214.7177	0.9492513	3.298367	2.058248
11352	-1254.989	-1468.938	213.9489	0.9302498	3.298367	2.561534
11358	-1259.693	-1473.466	213.7726	1.106509	3.298367	2.561534
11364	-1270.551	-1484.033	213.4823	0.7613298	4.34951	2.726001
11370	-1268.586	-1482.455	213.8691	1.131967	2.932482	2.579529
11376	-1262.393	-1476.661	214.2677	1.109995	4.406904	1.993569
11382	-1261.637	-1475.696	214.0596	1.050317	3.612893	2.341592
11388	-1260.766	-1475.112	214.3463	1.049252	4.529188	1.956441
11394	-1258.281	-1472.343	214.0615	1.349639	4.477984	1.956441
11400	-1255.039	-1469.245	214.2064	1.175533	3.145334	2.283327
11406	-1247.744	-1461.873	214.129	1.051719	3.364341	2.356032
11412	-1251.497	-1465.991	214.4939	1.296235	4.731131	1.641109
11418	-1251.785	-1466.477	214.6924	1.296235	3.446157	1.802453
11424	-1256.134	-1470.89	214.7558	1.085084	3.591527	1.8667
11430	-1261.834	-1475.901	214.0676	0.8870607	3.713116	2.416954
11436	-1248.838	-1462.889	214.0512	0.9882469	3.973313	2.30576
11442	-1259.998	-1472.974	212.976	0.8973796	3.719749	3.077166
11448	-1266.942	-1479.246	212.304	0.7407236	4.355551	3.440978
11454	-1249.673	-1464.503	214.8301	1.02939	2.41604	2.188766
11460	-1258.589	-1472.692	214.1033	1.11855	4.498901	2.078034
11466	-1267.612	-1480.353	212.7407	0.9371237	3.931289	3.14962
11472	-1266.253	-1480.864	214.611	1.00037	2.890801	2.205029
11478	-1257.24	-1472.211	214.9716	1.10393	3.3973	1.754999
11484	-1254.259	-1468.609	214.3497	0.9824951	3.676692	2.184082
11490	-1249.494	-1463.668	214.1745	0.9199983	3.265708	2.434963
11496	-1247.447	-1462.04	214.5936	0.9199983	3.277396	2.16417
11502	-1253.328	-1467.463	214.1348	0.8974451	3.090731	2.518416
11508	-1258.349	-1472.862	214.5129	0.9422482	3.152658	2.234388
11514	-1249.512	-1463.809	214.2977	1.012068	5.103772	1.902044
11520	-1246.558	-1460.564	214.0062	0.8719543	4.042319	2.393462
11526	-1252.027	-1465.499	213.4724	0.6070101	4.755933	2.751122
11532	-1247.59	-1461.308	213.7184	0.7684871	3.51871	2.751122
11538	-1242.198	-1455.737	213.5388	0.8857578	3.859063	2.714339
11544	-1246.267	-1459.542	213.2754	0.9637913	4.30346	2.737635
11550	-1253.912	-1468.217	214.3052	0.9671115	4.087086	2.130824
11556	-1243.173	-1457.1	213.9271	0.8953347	4.080275	2.420661
11562	-1241.823	-1455.524	213.7008	0.844499	3.821052	2.648233
11568	-1251.108	-1465.323	214.2143	1.014603	3.709405	2.243167
11574	-1245.468	-1459.442	213.974	1.035426	4.365436	2.243167
11580	-1254.722	-1468.279	213.5572	0.8464663	3.19641	2.877793
11586	-1255.222	-1468.937	213.7144	0.8440751	3.19641	2.78378
11592	-1252.407	-1464.785	212.3787	0.7219471	3.324769	3.618304
11598	-1257.558	-1470.845	213.287	0.9052321	3.103482	3.027936
11604	-1263.355	-1478.211	214.8563	0.9018862	2.66915	2.174795
11610	-1257.557	-1471.855	214.2983	1.179279	3.298616	2.182065
11616	-1260.371	-1473.959	213.5883	1.11684	3.213256	2.68987
11622	-1258.397	-1473.356	214.9587	1.032336	3.723104	1.729691
11628	-1261.209	-1474.899	213.6904	0.9262426	3.803407	2.607981
11634	-1262.653	-1476.62	213.9666	0.9256624	4.253427	2.340748
11640	-1254.643	-1468.222	213.5796	0.9635726	3.119833	2.812082
11646	-1253.828	-1468.303	214.4751	0.9112332	2.93559	2.336776
11652	-1246.206	-1460.105	213.8987	0.8941551	3.637528	2.535403
11658	-1257.586	-1471.665	214.0794	0.8643712	3.637528	2.44095
11664	-1251.859	-1466.473	214.6136	1.062078	3.380872	2.031174
11670	-1255.694	-1470.82	215.1259	1.269838	2.751671	1.71953
11676	-1257.465	-1472.208	214.7429	1.304612	2.818755	1.93845
11682	-1259.6	-1474.51	214.9103	1.543184	3.323682	1.502731
11688	-1243.071	-1458.389	215.3184	1.511628	3.323682	1.203401
11694	-1246.3	-1461.701	215.4012	1.51109	3.118675	1.203401
11700	-1244.021	-1459.288	215.267	1.384637	3.805558	1.203401
11706	-1252.941	-1467.932	214.9912	1.384637	3.721547	1.449067
11712	-1254.706	-1469.275	214.5696	1.117182	4.343528	1.797005
11718	-1248.361	-1462.879	214.5178	1.169054	4.343528	1.797005
11724	-1261.077	-1475.888	214.8107	1.171424	3.92305	1.68659
11730	-1247.593	-1461.934	214.3401	0.9954001	4.227501	2.059254
11736	-1259.949	-1474.409	214.4598	1.00746	4.425932	1.929495
11742	-1250.912	-1465.158	214.2465	0.9871604	3.23063	2.355844
11748	-1247.847	-1461.969	214.1222	0.9907348	3.003893	2.490784
11754	-1239.827	-1453.043	213.216	0.8186101	3.95295	2.931697
11760	-1248	-1460.916	212.916	0.9621792	3.896888	3.037175
11766	-1248.798	-1461.878	213.0798	0.9256581	3.17311	3.122418
11772	-1248.846	-1462.023	213.177	0.9083171	2.565163	3.234297
11778	-1235.041	-1448.587	213.5457	0.8951284	3.539651	2.774434
11784	-1253.437	-1467.349	213.9126	0.8964028	3.496466	2.557774
11790	-1248.583	-1462.356	213.7729	0.8913384	3.496466	2.647407
11796	-1243.146	-1458.115	214.9691	1.135567	3.44136	1.722743
11802	-1240.328	-1454.798	214.4697	1.096741	4.222018	1.90599
11808	-1240.666	-1455.147	214.481	1.117878	2.697645	2.269013
11814	-1242.96	-1457.193	214.2332	1.104383	3.203227	2.296677
11820	-1247.332	-1461.036	213.7038	0.9301763	3.880369	2.580693
11826	-1253.904	-1467.788	213.8841	0.8605508	5.068294	2.2802
11832	-1269.607	-1482.797	213.1898	0.9345925	3.470693	2.981618
11838	-1274.476	-1487.473	212.9975	0.8106682	3.331729	3.202091
11844	-1269.524	-1481.878	212.3535	0.5624076	3.334463	3.723005
11850	-1249.482	-1462.67	213.1881	0.5994302	3.048881	3.281922
11856	-1253.442	-1466.604	213.1618	0.7785544	3.413153	3.104786
11862	-1260.341	-1472.508	212.1667	0.4884981	3.227026	3.897543
11868	-1254.563	-1466.422	211.859	0.7304943	3.227026	3.935165
11874	-1247.419	-1460.981	213.5615	0.8857846	3.227026	2.843913
11880	-1258.01	-1471.298	213.2881	0.8857846	3.970421	2.843913
11886	-1251.021	-1463.924	212.9026	0.7853704	3.528368	3.228812
11892	-1244.882	-1457.766	212.8833	0.7382949	3.093562	3.368596
11898	-1242.448	-1455.072	212.6234	0.6759742	3.771258	3.405711
11904	-1243.376	-1456.502	213.1266	0.8500268	3.153255	3.144363
11910	-1258.971	-1471.647	212.6763	0.7143386	3.153255	3.489442
11916	-1251.71	-1465.167	213.4572	0.7639814	2.97302	3.043432
11922	-1256.454	-1469.983	213.5291	0.8032391	4.208043	2.699269
11928	-1251.209	-1465.442	214.2326	0.8854079	3.628853	2.332749
11934	-1248.422	-1462.584	214.1618	0.8783956	2.821182	2.585615
11940	-1243.801	-1457.82	214.0189	0.9666206	2.490082	2.714988
11946	-1235.308	-1449.044	213.7362	0.8944655	2.490082	2.930631
11952	-1238.585	-1452.241	213.6557	0.7818604	2.90697	2.930631
11958	-1256.57	-1469.919	213.3488	0.9058163	2.485987	3.156835
11964	-1252.3	-1465.613	213.3134	0.7807243	2.962962	3.121805
11970	-1252.41	-1466.282	213.8718	0.9031164	2.962962	2.710867
11976	-1239.726	-1453.114	213.3873	0.7221155	2.962962	3.112719
11982	-1247.549	-1460.814	213.2651	0.653781	3.117615	3.187297
11988	-1248.594	-1462.254	213.6594	0.8559796	3.607417	2.713618
11994	-1252.659	-1466.355	213.6968	0.8936748	3.406952	2.713618
12000	-1243.193	-1456.621	213.4285	0.6054186	3.710062	2.983083
12006	-1231.634	-1445.124	213.4902	0.8651795	2.895433	2.983083
12012	-1243.276	-1455.942	212.6657	0.8015245	3.837137	3.293475
12018	-1243.949	-1457.336	213.3868	0.890832	3.827183	2.810791
12024	-1247.869	-1461.915	214.046	1.003953	3.704781	2.358572
12030	-1250.553	-1464.17	213.6172	0.8868259	3.883446	2.660306
12036	-1247.463	-1461.004	213.541	0.9498543	3.640598	2.721223
12042	-1251.253	-1464.578	213.3248	0.839248	3.470852	2.957722
12048	-1259.787	-1472.72	212.9333	0.7550884	3.074645	3.333963
12054	-1251.984	-1464.793	212.809	0.7808897	3.074645	3.391841
12060	-1251.852	-1465.145	213.2933	0.8258126	2.839037	3.13918
12066	-1249.654	-1461.946	212.2922	0.7123717	4.050541	3.522033
12072	-1255.259	-1467.46	212.2008	0.702337	3.835764	3.623514
12078	-1263.828	-1477.152	213.3243	0.8348016	2.924871	3.092906
12084	-1271.75	-1485.821	214.0711	0.9350492	4.68207	2.182986
12090	-1252.358	-1466.864	214.5062	0.8959455	3.546615	2.169505
12096	-1242.69	-1456.366	213.6758	0.9112625	3.546615	2.683327
12102	-1249.25	-1462.513	213.263	0.8780626	3.546615	2.954498
12108	-1241.256	-1454.904	213.6479	0.8935973	3.745932	2.66685
12114	-1245.328	-1458.984	213.6558	0.8857227	3.745932	2.66685
12120	-1243.889	-1457.87	213.9808	1.016563	4.177125	2.289428
12126	-1255.015	-1469.045	214.0305	0.8244519	3.646788	2.494532
12132	-1261.458	-1475.134	213.6759	0.7988898	3.590614	2.742219
12138	-1244.304	-1457.826	213.5222	0.8346614	3.923317	2.742219
12144	-1251.508	-1465.343	213.8347	0.8020493	4.380621	2.476613
12150	-1252.165	-1464.856	212.6905	0.6389595	4.560322	3.236427
12156	-1251.071	-1463.744	212.6729	0.6109527	4.074455	3.353993
12162	-1255.4	-1468.817	213.4172	0.8224115	3.100199	3.000324
12168	-1245.491	-1458.104	212.6127	0.6000769	3.632738	3.485421
12174	-1252.149	-1465.233	213.0849	0.7384309	2.909281	3.295999
12180	-1253.254	-1467.156	213.9025	1.241219	3.757556	2.286841
12186	-1242.888	-1457.334	214.4459	1.014229	4.265908	1.968123
12192	-1253.443	-1467.304	213.861	1.075344	5.170276	2.138168
12198	-1260.776	-1475.116	214.3409	1.065968	3.994753	2.06273
12204	-1243.457	-1458.005	214.5474	1.210158	3.377732	1.977442
12210	-1250.575	-1465.401	214.8256	1.261522	3.377732	1.752199
12216	-1255.662	-1470.357	214.6953	1.324845	2.935931	1.922168
12222	-1254.353	-1469.473	215.1199	1.463531	4.416884	1.084898
12228	-1244.834	-1460.014	215.1794	1.383803	4.176129	1.171786
12234	-1244.668	-1459.77	215.1022	1.383803	4.176129	1.237761
12240	-1242.723	-1457.59	214.8664	1.18838	3.966918	1.623872
12246	-1247.893	-1462.576	214.6835	1.204098	4.244687	1.678112
12252	-1246.723	-1461.339	214.6157	1.261385	3.274644	1.924144
12258	-1246.403	-1461.031	214.6277	1.271176	4.216437	1.676515
12264	-1245.702	-1460.21	214.5078	1.190252	4.19005	1.82311
12270	-1240.487	-1455.128	214.6412	1.186233	4.091132	1.755825
12276	-1245.942	-1460.479	214.5376	1.241027	4.240958	1.755825
12282	-1252.019	-1466.979	214.9591	1.446569	3.618709	1.454604
12288	-1241.097	-1456.282	215.1845	1.344899	3.842436	1.294623
12294	-1247.636	-1462.748	215.1119	1.37707	3.497217	1.42528
12300	-1240.993	-1456.099	215.1058	1.37707	3.574037	1.407901
12306	-1247.38	-1462.343	214.9631	1.37707	4.228707	1.343005
12312	-1243.875	-1459.078	215.2028	1.337674	3.568751	1.364382
12318	-1249.893	-1464.485	214.5918	1.01739	3.593742	2.022121
12324	-1252.703	-1467.246	214.5434	1.225875	2.931993	2.090424
12330	-1255.85	-1470.623	214.7725	1.374247	3.934261	1.564943
12336	-1243.133	-1457.671	214.538	1.017728	3.765585	2.016487
12342	-1246.772	-1460.229	213.457	0.9168022	3.765585	2.765349
12348	-1269.251	-1482.633	213.382	0.8088533	3.514805	2.931626
12354	-1253.803	-1465.888	212.0854	0.7183429	2.92468	3.884554
12360	-1253.525	-1466.431	212.9062	0.6074794	3.828788	3.26782
12366	-1263.409	-1476.94	213.5301	0.6675603	3.375234	2.959502
12372	-1264.352	-1478.259	213.9063	1.003488	3.690633	2.450254
12378	-1265.69	-1479.178	213.4878	1.141823	4.540198	2.450254
12384	-1250.469	-1464.323	213.8539	0.9314468	3.765703	2.511417
12390	-1245.716	-1458.725	213.0086	0.7297077	3.619355	3.179135
12396	-1241.855	-1454.736	212.8812	0.8742341	3.619355	3.168958
12402	-1242.188	-1455.343	213.1547	0.6673626	3.440572	3.168958
12408	-1240.428	-1452.517	212.0892	0.537227	3.333418	3.889912
12414	-1242.881	-1456.266	213.3849	0.8310606	3.912456	2.830372
12420	-1253.728	-1467.925	214.1967	1.061969	3.970202	2.165243
12426	-1248.631	-1462.749	214.1183	0.9590358	3.510011	2.386376
12432	-1237.979	-1451.584	213.6056	0.8464108	5.025907	2.472984
12438	-1242.103	-1455.692	213.5891	0.8187482	4.8144	2.538149
12444	-1242.864	-1457.346	214.4817	0.9232947	3.302667	2.227986
12450	-1250.029	-1462.722	212.6927	0.6538191	3.895925	3.352593
12456	-1264.98	-1478.532	213.5518	0.7911397	3.117879	2.933779
12462	-1262.066	-1475.762	213.6963	0.8996634	3.684185	2.646948
12468	-1246.948	-1460.869	213.9216	0.8335142	3.263006	2.646948
12474	-1253.11	-1467.033	213.9231	1.02545	3.014091	2.590445
12480	-1255.774	-1469.853	214.0784	0.9370956	3.014091	2.548874
12486	-1264.318	-1478.22	213.9028	0.8682311	3.447472	2.592835
12492	-1263.024	-1475.319	212.295	0.6396599	4.084867	3.556122
12498	-1247.458	-1461.031	213.5731	0.8154818	3.714382	2.76747
12504	-1258.16	-1472.84	214.6791	1.387732	3.513847	1.730152
12510	-1249.933	-1464.531	214.5987	1.358116	3.513847	1.806862
12516	-1238.35	-1452.945	214.5948	1.29698	3.931069	1.748429
12522	-1232.586	-1447.135	214.5483	1.363037	4.611594	1.578865
12528	-1239.843	-1453.846	214.0032	1.096371	3.626296	2.345094
12534	-1244.098	-1458.739	214.6413	1.162299	4.667797	1.644873
12540	-1235.733	-1450.162	214.4296	1.121848	3.639683	2.049281
12546	-1240.876	-1455.598	214.7217	1.13537	4.328766	1.680765
12552	-1241.995	-1456.982	214.9872	1.124162	4.328766	1.495069
12558	-1235.071	-1450.017	214.9457	1.201726	4.215818	1.495069
12564	-1243.59	-1458.174	214.5839	1.313728	4.365996	1.643431
12570	-1249.999	-1464.111	214.1114	1.077591	4.211516	2.158672
12576	-1237.46	-1452.223	214.7633	1.077591	3.371243	1.92308
12582	-1232.718	-1446.641	213.9225	0.8895678	3.783465	2.490813
12588	-1236.512	-1449.65	213.1385	0.8895678	4.239021	2.878584
12594	-1237.213	-1451.87	214.6573	1.076635	4.756078	1.676103
12600	-1245.433	-1459.919	214.486	1.174886	5.011285	1.676103
12606	-1246.858	-1460.72	213.862	1.075932	4.31593	2.29901
12612	-1248.783	-1462.884	214.1011	0.9230072	4.146638	2.27865
12618	-1235.183	-1449.141	213.9573	0.9718246	4.152115	2.338177
12624	-1241.321	-1455.482	214.1616	0.996272	4.820736	2.057168
12630	-1241.045	-1455.24	214.1955	0.9949649	3.398654	2.341433
12636	-1239.716	-1454.067	214.3512	0.9657184	3.082216	2.341433
12642	-1233.522	-1447.397	213.8747	1.01951	4.271343	2.335858
12648	-1252.388	-1466.216	213.8279	0.869822	3.532275	2.618439
12654	-1242.818	-1456.024	213.206	0.840611	3.532275	3.014438
12660	-1249.153	-1461.754	212.6013	0.8910193	4.001413	3.24551
12666	-1259.954	-1472.724	212.7698	0.7620528	4.228033	3.177943
12672	-1253.398	-1466.065	212.6663	0.8655413	4.228033	3.177943
12678	-1260.591	-1474.266	213.6751	0.904082	3.190749	2.772522
12684	-1250.994	-1464.733	213.7388	0.6393362	3.694657	2.77813
12690	-1257.916	-1470.821	212.9048	0.7111142	3.339993	3.313731
12696	-1258.217	-1472.041	213.8239	1.032485	3.366749	2.559088
12702	-1251.387	-1465.186	213.7988	0.8768058	3.514739	2.636173
12708	-1247.342	-1461.497	214.1554	0.9418234	3.467984	2.383786
12714	-1260.878	-1473.625	212.7474	0.8149892	3.542863	3.299795
12720	-1261.587	-1474.304	212.7168	0.7927969	2.858516	3.492976
12726	-1270.713	-1484.321	213.6083	0.714701	3.48372	2.858821
12732	-1253.474	-1466.128	212.6541	0.6735211	3.031595	3.555531
12738	-1253.248	-1466.113	212.8646	0.5952987	4.512324	3.16778
12744	-1263.295	-1477.435	214.1395	0.9505004	4.684138	2.127965
12750	-1257.042	-1471.556	214.5145	1.17783	4.305321	1.801536
12756	-1269.125	-1483.958	214.833	1.297989	3.223781	1.76384
12762	-1262.715	-1477.179	214.4648	0.9008772	3.119412	2.300544
12768	-1254.51	-1467.524	213.0148	0.7099214	3.58604	3.194412
12774	-1246.181	-1459.245	213.0644	0.8067918	3.58604	3.107337
12780	-1242.848	-1454.103	211.2558	0.6431914	3.160814	4.343158
12786	-1252.536	-1464.92	212.3842	0.5977491	3.075939	3.745063
12792	-1255.89	-1468.459	212.5688	0.6493769	2.983539	3.630962
12798	-1244.622	-1457.88	213.2574	0.6739868	3.222646	3.154549
12804	-1247.759	-1461.454	213.6956	0.8643365	3.287346	2.760713
12810	-1254.188	-1468.757	214.5685	1.20003	4.227122	1.765956
12816	-1255.888	-1469.856	213.9681	1.242895	4.227122	2.141028
12822	-1265.779	-1478.511	212.7324	0.7000887	2.825169	3.54659
12828	-1275.339	-1488.024	212.6844	0.7416709	2.839438	3.54659
12834	-1256.795	-1471.327	214.5317	1.07538	3.251742	2.109746
12840	-1247.643	-1462.258	214.6156	1.265012	3.687847	1.815414
12846	-1243.926	-1458.283	214.3568	1.293745	4.374272	1.815414
12852	-1250.259	-1464.134	213.8751	1.152758	3.353083	2.455269
12858	-1246.842	-1461.169	214.3262	1.067177	3.689538	2.141224
12864	-1243.882	-1458.234	214.3527	1.040727	3.689538	2.141224
12870	-1257.08	-1471.445	214.3643	0.8012965	3.676818	2.291291
12876	-1251.545	-1465.411	213.8664	1.012324	4.703229	2.261158
12882	-1253.438	-1467.19	213.7528	0.957799	3.710571	2.570167
12888	-1256.684	-1470.108	213.4241	0.9315981	4.347321	2.657646
12894	-1264.55	-1478.537	213.9871	1.13316	4.248972	2.195409
12900	-1245.19	-1459.41	214.2202	1.252048	5.071391	1.796866
12906	-1243.149	-1457.487	214.3383	1.066735	4.432083	1.970021
12912	-1250.713	-1464.996	214.2839	1.201435	4.432083	1.915997
12918	-1234.001	-1448.665	214.6638	1.201435	3.925769	1.768182
12924	-1232.375	-1446.666	214.2911	1.103119	4.675382	1.927733
12930	-1245.417	-1458.559	213.1414	0.6958673	3.631904	3.117551
12936	-1254.115	-1467.48	213.3655	0.9012603	3.840523	2.814572
12942	-1259.648	-1472.721	213.0728	0.8486531	2.962938	3.224333
12948	-1262.435	-1476.11	213.6752	0.9645719	3.229034	2.726102
12954	-1266.194	-1479.388	213.194	0.8724049	3.340325	3.046314
12960	-1276.993	-1491.732	214.739	1.138595	3.516554	1.860633
12966	-1260.9	-1475.573	214.6726	1.246908	3.116905	1.938564
12972	-1251.511	-1465.451	213.9397	1.153139	3.470814	2.385892
12978	-1250.42	-1464.571	214.1511	0.9415715	3.676272	2.337921
12984	-1252.205	-1466.19	213.985	0.92655	3.676272	2.452367
12990	-1246.711	-1458.569	211.8583	0.7512783	3.342059	3.89765
12996	-1258.59	-1470.59	212.0006	0.8506369	3.106942	3.812934
13002	-1258.62	-1470.641	212.0211	0.5620226	2.857423	4.027676
13008	-1254.563	-1468.341	213.7778	0.916036	3.062341	2.734735
13014	-1249.698	-1463.018	213.3194	0.864825	3.191596	3.011121
13020	-1245.024	-1458.251	213.2274	0.816672	3.290451	3.071345
13026	-1252.569	-1465.855	213.2864	0.9322285	4.290436	2.752717
13032	-1245.418	-1459.267	213.8485	0.8485182	2.985179	2.752717
13038	-1245.405	-1457.865	212.4598	0.6074184	3.103811	3.689088
13044	-1239.984	-1452.648	212.6646	0.7656927	3.292555	3.433578
13050	-1240.288	-1453.518	213.2302	0.7873317	3.31135	3.082314
13056	-1243.263	-1456.468	213.2049	0.8496395	3.440142	3.030457
13062	-1252.588	-1465.928	213.3406	0.8458827	3.107033	3.030457
13068	-1259.596	-1472.792	213.1961	0.9349322	3.186716	3.04419
13074	-1255.249	-1470.162	214.9129	1.290542	3.907717	1.529769
13080	-1266.139	-1481.342	215.2031	1.27957	2.857531	1.62361
13086	-1265.979	-1481.071	215.0921	1.303698	3.489009	1.498421
13092	-1264.519	-1478.956	214.4367	1.236783	4.49719	1.773173
13098	-1249.693	-1464.847	215.1542	1.317112	3.697304	1.381946
13104	-1256.118	-1469.834	213.7163	1.012032	3.100717	2.703842
13110	-1250.008	-1465.322	215.3139	1.390197	3.790786	1.162434
13116	-1246.533	-1461.865	215.3314	1.609989	3.790786	0.9349186
13122	-1254.236	-1469.55	215.3139	1.51763	3.725691	1.067818
13128	-1253.996	-1468.884	214.8881	1.339044	3.246138	1.689873
13134	-1251.157	-1465.873	214.7163	1.117324	3.165545	1.982788
13140	-1260.391	-1475.438	215.0472	1.081411	3.831619	1.604057
13146	-1252.911	-1467.858	214.9478	1.351111	3.618689	1.534837
13152	-1275.863	-1488.938	213.075	1.026845	3.279107	3.039512
13158	-1266.38	-1480.72	214.3398	0.9323592	4.046573	2.139722
13164	-1263.33	-1477.696	214.3668	1.259458	4.027878	1.908654
13170	-1247.85	-1460.72	212.87	0.9563415	3.97226	3.052816
13176	-1256.811	-1470.843	214.0311	1.136205	3.444344	2.345046
13182	-1263.017	-1477.18	214.1623	1.062746	4.050816	2.169497
13188	-1263.592	-1477.712	214.1202	1.007253	4.724416	2.095662
13194	-1262.936	-1477.173	214.2369	0.8655831	4.81017	2.095662
13200	-1255.806	-1469.608	213.802	1.059982	4.261583	2.358332
13206	-1261.154	-1475.529	214.3747	1.188327	3.555293	2.062082
13212	-1256.036	-1470.29	214.2535	1.004048	3.644251	2.239879
13218	-1253.121	-1467.413	214.292	1.026963	3.478092	2.239879
13224	-1251.121	-1465.535	214.4144	1.016035	3.784125	2.094966
13230	-1274.608	-1486.48	211.8727	0.7504518	3.334689	3.891483
13236	-1266.699	-1479.264	212.5649	0.8173834	3.348142	3.44897
13242	-1252.73	-1465.835	213.1052	0.7262642	3.555766	3.137688
13248	-1249.552	-1463.224	213.6716	0.8207326	3.422025	2.770103
13254	-1248.47	-1461.635	213.1656	0.8889711	3.422025	3.034533
13260	-1257.408	-1472.325	214.9173	1.27454	3.408502	1.669868
13266	-1245.891	-1460.747	214.8556	1.221418	3.504323	1.725477
13272	-1260.643	-1473.696	213.0525	0.5874132	4.901604	2.991771
13278	-1244.722	-1457.992	213.27	0.8414858	3.459965	2.991771
13284	-1250.425	-1463.798	213.373	0.9142694	3.0037	2.996014
13290	-1249.051	-1462.845	213.7937	1.08566	3.434181	2.528627
13296	-1249.693	-1463.662	213.9693	1.08566	4.5387	2.179195
13302	-1244.928	-1458.33	213.4016	0.858062	3.6646	2.856783
13308	-1236.561	-1449.301	212.74	0.6990567	3.546688	3.371465
13314	-1237.598	-1451.125	213.5271	0.892308	3.546688	2.785941
13320	-1244.137	-1457.919	213.7823	0.7878085	3.714736	2.656107
13326	-1237.65	-1451.033	213.3832	0.7558885	3.869435	2.885915
13332	-1242.533	-1455.918	213.3854	0.9504018	3.333539	2.885915
13338	-1235.466	-1449.289	213.8235	0.9704271	3.918471	2.472824
13344	-1248.934	-1462.01	213.0765	0.8530969	3.976596	2.990042
13350	-1248.968	-1462.193	213.2247	0.7421455	3.789838	3.006348
13356	-1250.547	-1464.302	213.7549	0.9657001	3.789838	2.546458
13362	-1252.016	-1465.516	213.5003	0.9508814	3.120378	2.867767
13368	-1243.378	-1457.313	213.9351	1.160502	3.564906	2.361895
13374	-1253.411	-1466.998	213.5873	0.9553384	3.346306	2.757197
13380	-1263.631	-1477.862	214.2308	0.9316487	3.022351	2.454836
13386	-1254.874	-1467.41	212.5359	0.5547904	3.935238	3.494505
13392	-1258.26	-1470.562	212.302	0.6065069	2.693248	3.883956
13398	-1251.252	-1464.118	212.8658	0.7946018	2.600829	3.473961
13404	-1251.764	-1464.366	212.6012	0.6596236	3.555289	3.473961
13410	-1247.462	-1460.353	212.8913	0.5524073	4.781565	3.129715
13416	-1252.499	-1466.19	213.6912	0.6510761	3.700482	2.798728
13422	-1251.615	-1465.726	214.1108	0.9693256	4.939739	2.085934
13428	-1249.498	-1464.251	214.7531	1.060165	4.003657	1.785985
13434	-1253.042	-1465.376	212.334	0.7957968	4.35229	3.391745
13440	-1255.68	-1469.187	213.5066	0.9229739	3.585747	2.770921
13446	-1257.824	-1471.331	213.5073	0.6578179	3.51283	2.947585
13452	-1263.515	-1477.838	214.3229	1.09228	3.334143	2.213478
13458	-1257.558	-1472.615	215.0572	1.119403	2.69857	1.888027
13464	-1264.323	-1478.663	214.34	1.105415	3.003799	2.280465
13470	-1268.889	-1480.774	211.8849	0.5599492	3.486166	3.960384
13476	-1272.601	-1484.688	212.0874	0.6549611	2.992431	3.903076
13482	-1268.659	-1481.986	213.3271	0.7127801	3.895698	2.940299
13488	-1281.18	-1494.805	213.6252	1.274775	3.186816	2.576199
13494	-1263.26	-1477.521	214.2615	0.9025956	3.54039	2.324107
13500	-1285.062	-1497.452	212.3897	0.7214665	2.89485	3.715041
13506	-1270.451	-1483.773	213.3224	0.8319697	3.207962	3.025038
13512	-1265.259	-1478.795	213.5363	0.9153503	3.826552	2.704638
13518	-1260.149	-1474.053	213.9042	0.9612149	3.051979	2.631944
13524	-1242.727	-1456.426	213.6991	1.051979	3.335021	2.631944
13530	-1244.347	-1457.767	213.4198	0.6005192	2.976399	3.162272
13536	-1243.27	-1456.478	213.2076	0.6925105	2.931781	3.244869
13542	-1250.28	-1463.919	213.639	0.8029654	4.019503	2.670064
13548	-1252.123	-1465.927	213.8041	0.6833852	3.526956	2.748862
13554	-1259.531	-1472.414	212.8832	0.8467679	3.614789	3.185072
13560	-1259.256	-1472.521	213.2647	0.8335503	3.524766	2.985089
13566	-1270.802	-1484.369	213.5667	1.079907	2.881394	2.810827
13572	-1250.834	-1464.575	213.7408	0.8866058	3.553867	2.656906
13578	-1257.686	-1471.283	213.5967	0.6636703	3.27377	2.945614
13584	-1263.606	-1477.247	213.641	0.640933	4.461391	2.681178
13590	-1253.992	-1468.012	214.0202	0.7073508	4.345201	2.426581
13596	-1259.123	-1472.505	213.3815	0.9120988	3.559218	2.859563
13602	-1245.48	-1459.474	213.994	0.8274675	2.857331	2.710549
13608	-1261.917	-1475.352	213.4359	0.781215	2.968662	3.047011
13614	-1264.985	-1477.314	212.329	0.6986587	4.141453	3.491065
13620	-1261.672	-1475.292	213.6199	0.6626851	3.02059	2.994488
13626	-1250.48	-1462.962	212.4821	0.6650602	3.320889	3.592194
13632	-1251.242	-1463.812	212.5703	0.6332718	3.123064	3.605515
13638	-1254.463	-1467.173	212.7098	0.5908054	3.763654	3.406609
13644	-1252.043	-1465.565	213.5222	0.8414647	3.59376	2.80926
13650	-1255.912	-1470.077	214.1651	0.85043	3.650971	2.392662
13656	-1251.875	-1465.438	213.5631	0.9636436	3.650971	2.696871
13662	-1262.071	-1475.73	213.659	0.8340962	3.100097	2.847452
13668	-1267.283	-1480.713	213.4294	0.7939438	3.809812	2.847452
13674	-1253.342	-1466.315	212.9727	0.6177426	3.902684	3.207322
13680	-1263.895	-1476.833	212.938	0.7625342	2.987458	3.348398
13686	-1260.362	-1473.469	213.1066	0.7436146	3.216847	3.20413
13692	-1249.464	-1462.97	213.5061	0.8747694	3.986669	2.714328
13698	-1254.57	-1468.45	213.8797	0.9800352	3.752749	2.467742
13704	-1261.206	-1475.505	214.299	0.9764692	2.779075	2.450606
13710	-1254.681	-1468.911	214.2305	0.9893521	2.965251	2.434054
13716	-1260.781	-1474.898	214.1174	1.034254	3.1276	2.434054
13722	-1271.623	-1486.531	214.9078	1.086537	3.324681	1.830869
13728	-1258.816	-1473.458	214.6417	1.179077	3.727317	1.846859
13734	-1259.835	-1474.079	214.2439	1.243832	3.889584	2.032946
13740	-1267.956	-1482.52	214.5642	1.20905	2.47248	2.22619
13746	-1266.49	-1481.152	214.6616	1.211617	2.553619	2.135587
13752	-1267.352	-1481.783	214.431	1.008387	2.457415	2.44343
13758	-1275.968	-1490.345	214.377	1.05255	4.152651	2.012982
13764	-1257.066	-1472.159	215.0927	1.550721	4.705679	0.93904
13770	-1250.592	-1465.862	215.2696	1.533317	4.450916	0.8449154
13776	-1255.041	-1470.502	215.461	1.595248	3.689168	0.8449154
13782	-1259.354	-1474.47	215.1159	1.587297	4.355444	0.9877062
13788	-1247.671	-1463.081	215.4106	1.265861	3.762638	1.1951
13794	-1251.354	-1466.396	215.0419	1.160368	3.497364	1.63818
13800	-1270.121	-1483.406	213.2856	0.91821	3.79972	2.861444
13806	-1262.906	-1476.754	213.8476	1.010706	4.15826	2.381829
13812	-1268.373	-1482.496	214.1231	1.011221	3.37921	2.381829
13818	-1266.749	-1481.298	214.5487	1.031959	3.162711	2.15043
13824	-1242.062	-1455.529	213.4678	0.7606892	3.727775	2.86189
13830	-1251.025	-1464.381	213.3564	0.7925175	3.596241	2.938714
13836	-1249.461	-1461.591	212.1306	0.5921796	3.935201	3.70811
13842	-1243.629	-1455.621	211.9923	0.5521937	3.502759	3.899747
13848	-1243.733	-1456.971	213.2382	0.6740135	3.055036	3.206693
13854	-1254.14	-1467.605	213.4649	0.9373041	3.199534	2.877907
13860	-1246.763	-1460.743	213.9805	0.9126829	3.265209	2.560929
13866	-1254.94	-1469.035	214.0951	0.8513865	2.434616	2.755751
13872	-1247.075	-1460.901	213.8262	0.8542056	3.804534	2.568247
13878	-1251.632	-1464.564	212.9319	0.918276	3.819923	3.069845
13884	-1257.693	-1472.208	214.5146	1.192234	3.536322	1.97113
13890	-1240.254	-1454.776	214.5221	1.102872	3.548895	2.02263
13896	-1249.3	-1464.133	214.833	1.19865	3.548895	1.745678
13902	-1237.791	-1452.519	214.7275	1.253868	3.965179	1.676963
13908	-1239.381	-1454.082	214.7012	1.266047	3.913624	1.699476
13914	-1250.702	-1465.316	214.6138	1.109367	3.660236	1.929604
13920	-1242.788	-1456.797	214.0086	1.12217	3.43232	2.371131
13926	-1242.33	-1456.588	214.2585	0.9763224	3.687266	2.24445
13932	-1235.742	-1449.223	213.4813	0.7573726	4.39047	2.721228
13938	-1240.541	-1453.776	213.2345	0.6922193	4.298368	2.928358
13944	-1245.586	-1459.385	213.7996	0.9257845	3.431804	2.624714
13950	-1248.248	-1461.732	213.484	0.7014177	3.431804	2.953799
13956	-1246.908	-1459.78	212.8719	0.74111	3.833416	3.208147
13962	-1241.802	-1455.092	213.2899	0.7941075	3.988268	2.894673
13968	-1247.22	-1460.86	213.6401	0.9029073	3.641887	2.688939
13974	-1251.509	-1466.702	215.1933	1.625881	3.575736	1.129062
13980	-1271.383	-1486.572	215.189	1.625881	3.777713	1.066101
13986	-1263.3	-1478.268	214.9673	1.381352	3.881209	1.426907
13992	-1243.973	-1458.042	214.0687	0.8594606	3.760602	2.423
13998	-1244.031	-1458.071	214.0398	0.8583406	3.070112	2.60704
14004	-1263.944	-1478.573	214.6289	1.208216	3.560543	1.877074
14010	-1235.894	-1449.579	213.6851	0.7310342	3.205387	2.868072
14016	-1231.448	-1445.509	214.0613	0.7621437	4.039103	2.428618
14022	-1241.928	-1455.402	213.4737	0.8348677	3.429119	2.88008
14028	-1248.55	-1462.23	213.6803	0.8803343	3.689364	2.667566
14034	-1239.612	-1453.488	213.8759	0.9045367	3.767214	2.514159
14040	-1236.963	-1450.965	214.0022	0.8855892	3.273593	2.562249
14046	-1236.505	-1451.067	214.5616	0.9474361	3.278813	2.166721
14052	-1239.979	-1453.536	213.5575	0.8419054	3.571557	2.792496
14058	-1242.329	-1456.196	213.8672	0.9083366	3.405668	2.599901
14064	-1250.27	-1464.695	214.4254	1.115586	3.405668	2.113629
14070	-1250.699	-1464.879	214.18	0.9179836	3.215639	2.445359
14076	-1252.785	-1466.333	213.5481	1.139472	3.940241	2.534614
14082	-1258.008	-1473.272	215.2643	1.750327	3.730439	0.8770009
14088	-1264.233	-1479.806	215.5733	1.541801	3.138005	1.01079
14094	-1258.459	-1472.588	214.1293	0.9803691	3.250292	2.42927
14100	-1248.587	-1463.385	214.7978	1.213842	4.4001	1.552666
14106	-1258.866	-1473.557	214.6909	1.200508	3.8766	1.761754
14112	-1261.147	-1476.251	215.1034	1.358012	3.193587	1.535373
14118	-1246.125	-1460.814	214.689	1.273571	3.933438	1.698
14124	-1258.126	-1472.494	214.3684	1.35319	4.306925	1.780922
14130	-1257.781	-1472.402	214.6212	1.200785	4.617457	1.642443
14136	-1246.245	-1460.546	214.3013	1.200785	4.497116	1.891044
14142	-1254.006	-1467.937	213.9312	1.123061	3.83877	2.325722
14148	-1262.273	-1475.818	213.5449	0.7692862	4.570479	2.640865
14154	-1259.49	-1471.939	212.4486	0.8714413	4.20443	3.307625
14160	-1256.743	-1470.344	213.6015	0.7160336	3.9738	2.755789
14166	-1249.413	-1461.846	212.433	0.790598	3.946837	3.41445
14172	-1261.248	-1474.793	213.5457	0.9271706	3.18238	2.839318
14178	-1248.173	-1462.394	214.2209	0.9850766	3.53817	2.297934
14184	-1239.685	-1453.84	214.1558	0.8332436	4.113921	2.307978
14190	-1256.634	-1470.09	213.4557	0.66094	3.522539	2.974551
14196	-1259.096	-1471.996	212.8998	0.7792822	3.083671	3.337229
14202	-1263.033	-1477.433	214.4005	1.044756	3.709893	2.10253
14208	-1250.553	-1465.255	214.7023	1.245785	3.754187	1.752073
14214	-1261.067	-1474.627	213.5598	0.6611939	4.096962	2.789515
14220	-1255.045	-1467.833	212.7877	0.8772466	3.502173	3.248247
14226	-1253.519	-1467.304	213.7853	0.9427154	3.069696	2.711953
14232	-1260.969	-1474.497	213.5288	0.897486	3.865322	2.711953
14238	-1257.882	-1472.101	214.2188	1.024464	4.475028	2.068746
14244	-1271.603	-1486.332	214.7294	1.140457	3.916339	1.767271
14250	-1264.883	-1479.158	214.2751	1.052884	4.100212	2.091479
14256	-1256.746	-1471.504	214.7582	1.258166	3.558851	1.753821
14262	-1247.166	-1461.82	214.6541	1.22673	3.766707	1.795775
14268	-1248.435	-1463.374	214.9386	1.216521	3.555272	1.656553
14274	-1251.853	-1466.794	214.9403	1.260967	3.139112	1.738687
14280	-1259.597	-1473.22	213.623	0.9606809	2.777537	2.877031
14286	-1268.257	-1482.104	213.847	0.8407933	3.625886	2.603227
14292	-1258.204	-1471.15	212.9463	1.044238	3.625886	3.027354
14298	-1252.837	-1466.731	213.8935	0.9620313	4.031628	2.409978
14304	-1235.698	-1449.505	213.8066	0.8126845	3.6363	2.643222
14310	-1247.492	-1461.79	214.2977	0.8173649	4.510691	2.145623
14316	-1261.628	-1475.781	214.1528	0.8519752	3.717805	2.384232
14322	-1262.414	-1476.64	214.2259	1.106451	4.693704	1.96572
14328	-1268.95	-1482.781	213.8306	0.911343	4.287826	2.428955
14334	-1251.436	-1464.506	213.0708	0.7175394	2.673743	3.378912
14340	-1252.558	-1465.971	213.4124	0.9639501	4.3154	2.651088
14346	-1257.628	-1471.059	213.4311	0.9442984	4.971617	2.530389
14352	-1254.245	-1468.484	214.239	1.021151	3.909396	2.177737
14358	-1250.622	-1465.08	214.4574	1.087993	3.909396	1.990002
14364	-1246.938	-1461.345	214.4073	1.043141	4.194341	1.990002
14370	-1250.868	-1464.518	213.6502	1.074744	2.418329	2.895339
14376	-1246.533	-1460.23	213.6976	1.022768	2.692653	2.817719
14382	-1247.843	-1461.667	213.8234	1.113495	4.94461	2.178625
14388	-1247.81	-1462.273	214.4629	1.017669	4.366967	1.932902
14394	-1261.403	-1475.372	213.9694	1.062354	3.49554	2.418606
14400	-1263.639	-1477.919	214.2802	1.050382	2.769687	2.418606
14406	-1242.918	-1456.947	214.029	0.9327958	3.421145	2.480251
14412	-1241.491	-1456.115	214.6234	1.029157	3.579908	1.996652
14418	-1246.08	-1461.095	215.0153	1.016646	2.662669	1.996652
14424	-1255.871	-1470.06	214.1892	1.135085	4.83931	1.942592
14430	-1250.741	-1465.301	214.5596	1.174411	3.921693	1.859759
14436	-1250.266	-1464.686	214.42	1.266267	4.765177	1.708037
14442	-1245.348	-1460.468	215.1204	1.276664	3.600568	1.466216
14448	-1258.555	-1472.572	214.0167	1.20885	3.866336	2.209714
14454	-1237.347	-1451.957	214.6094	1.20885	3.866336	1.815015
14460	-1238.266	-1453.351	215.085	1.361241	3.336259	1.504456
14466	-1242.174	-1457.123	214.9489	1.361241	3.788065	1.48101
14472	-1255.215	-1470.089	214.8735	1.395671	3.962628	1.466354
14478	-1272.413	-1487.915	215.5017	1.468606	3.17633	1.131999
14484	-1259.522	-1474.457	214.9347	1.369036	3.17633	1.655292
14490	-1251.061	-1465.226	214.1648	1.252762	3.55308	2.157946
14496	-1263.273	-1476.733	213.4601	1.003281	4.169222	2.626374
14502	-1260.335	-1474.153	213.8189	0.8613744	3.524162	2.631108
14508	-1259.851	-1473.339	213.4884	0.6742174	3.524162	2.946517
14514	-1258.43	-1470.983	212.5528	0.9280514	3.886803	3.275304
14520	-1254.385	-1467.68	213.2953	0.9643488	3.661214	2.857493
14526	-1252.126	-1467.002	214.8761	1.25976	3.249524	1.753262
14532	-1266.78	-1480.532	213.7518	0.9689026	3.353626	2.646204
14538	-1258.855	-1473.111	214.2565	1.119907	3.032736	2.316716
14544	-1270.919	-1485.601	214.6822	1.100647	3.483558	1.933307
14550	-1257.36	-1470.962	213.6024	1.048342	4.199148	2.503987
14556	-1251.922	-1465.999	214.0761	0.9642388	3.127043	2.503987
14562	-1250.519	-1464.273	213.7542	0.9592212	3.68369	2.574374
14568	-1257.025	-1470.324	213.2991	0.9592212	3.174734	2.970714
14574	-1252.916	-1467.625	214.709	1.178552	3.392434	1.885911
14580	-1247.211	-1461.705	214.4933	1.034174	4.334214	1.90818
14586	-1251.034	-1464.326	213.2919	0.8967519	3.079693	3.035971
14592	-1258.18	-1471.238	213.0585	0.8144523	4.003062	3.018656
14598	-1264.814	-1476.931	212.1164	0.6674967	3.252888	3.817675
14604	-1273.658	-1488.6	214.9417	1.357552	4.150054	1.395327
14610	-1283.991	-1497.812	213.8213	0.8554453	3.252888	2.697618
14616	-1279.447	-1492.284	212.8369	0.8324055	3.226938	3.30856
14622	-1272.975	-1488.203	215.2284	1.367576	3.770415	1.260662
14628	-1262.087	-1477.413	215.3261	1.404207	3.770415	1.14572
14634	-1249.638	-1464.895	215.2561	1.50648	3.535005	1.192049
14640	-1238.302	-1453.504	215.202	1.462923	4.623518	0.9421748
14646	-1242.676	-1458.111	215.4347	1.485487	3.652552	1.007677
14652	-1245.448	-1460.618	215.1703	1.65678	4.672832	0.7176507
14658	-1241.988	-1457.331	215.343	1.676079	4.194935	0.6324559
14664	-1243.51	-1458.769	215.2592	1.598685	4.446171	0.7749134
14670	-1234.693	-1449.801	215.1078	1.377678	4.14666	1.24629
14676	-1238.853	-1453.787	214.9337	1.072678	4.604295	1.510268
14682	-1250.039	-1465.107	215.0685	1.289564	4.807092	1.181955
14688	-1239.977	-1454.769	214.792	1.279025	4.763488	1.425514
14694	-1249.051	-1463.763	214.7124	1.317295	4.541872	1.506892
14700	-1248.916	-1463.936	215.0202	1.28806	4.541872	1.289839
14706	-1239.113	-1453.9	214.7873	1.087074	4.690747	1.588688
14712	-1249.813	-1464.702	214.8886	1.234813	4.690747	1.401454
14718	-1249.977	-1464.742	214.7644	1.184711	4.597981	1.554133
14724	-1247.876	-1461.992	214.1164	1.156046	4.071414	2.134123
14730	-1243.845	-1457.912	214.0677	1.102773	4.349977	2.142001
14736	-1264.205	-1478.922	214.7165	1.119959	2.753564	2.098292
14742	-1253.41	-1467.671	214.261	1.039832	4.144172	2.099876
14748	-1258.274	-1472.024	213.7506	0.9705943	4.011455	2.49859
14754	-1235.103	-1448.605	213.5014	0.9705943	4.011455	2.653209
14760	-1243.902	-1457.803	213.9011	1.011563	3.702036	2.445889
14766	-1254.368	-1468.03	213.6615	0.9950156	4.456225	2.449497
14772	-1244.951	-1459.478	214.5273	0.97379	3.48415	2.120238
14778	-1247.706	-1461.805	214.0993	1.050482	4.524379	2.120238
14784	-1252.592	-1467.03	214.4382	1.141621	2.873759	2.230199
14790	-1241.89	-1456.262	214.3719	0.9996546	3.570057	2.183744
14796	-1244.953	-1459.619	214.6655	1.113951	3.470593	1.938934
14802	-1252.598	-1467.379	214.7807	1.125282	3.824107	1.764307
14808	-1237.214	-1452.017	214.8036	1.15908	3.664324	1.764307
14814	-1241.79	-1456.117	214.3272	1.191419	4.570903	1.864506
14820	-1245.566	-1459.814	214.2479	1.217949	3.068151	2.249986
14826	-1255.197	-1469.868	214.6708	0.9656242	3.031276	2.149557
14832	-1260.143	-1473.784	213.641	0.7490079	3.369227	2.84466
14838	-1249.291	-1462.69	213.3996	0.815486	4.128901	2.786735
14844	-1247.325	-1460.652	213.3274	0.8166385	5.038354	2.662101
14850	-1244.977	-1458.559	213.5818	0.8730387	4.188329	2.627786
14856	-1239.011	-1453.294	214.2828	1.015732	3.89125	2.156839
14862	-1255.155	-1468.51	213.3549	0.8665669	3.89125	2.831401
14868	-1249.67	-1463.924	214.2544	1.0758	5.078512	1.892897
14874	-1248.673	-1463.208	214.5351	0.9900778	3.183986	2.180919
14880	-1240.927	-1455.42	214.4935	1.207259	4.744334	1.702107
14886	-1237.947	-1452.791	214.8439	1.157806	4.632909	1.507308
14892	-1252.466	-1467.262	214.7953	1.36384	4.632909	1.387048
14898	-1259.73	-1474.507	214.7771	1.289032	4.721297	1.438733
14904	-1257.561	-1472.791	215.2298	1.289032	4.537798	1.110172
14910	-1259.023	-1474.092	215.0689	1.443275	4.559673	1.110172
14916	-1256.856	-1472.068	215.2115	1.276122	3.711989	1.364941
14922	-1252.577	-1467.157	214.5805	1.155192	3.912601	1.860757
14928	-1256.426	-1471.218	214.7919	1.150934	4.009992	1.693556
14934	-1242.963	-1457.696	214.733	1.372748	4.793897	1.391713
14940	-1247.562	-1462.608	215.0453	1.334389	3.97598	1.377621
14946	-1243.473	-1458.645	215.172	1.334389	3.724584	1.346513
14952	-1237.397	-1452.241	214.8445	1.190797	4.678384	1.471831
14958	-1241.626	-1456.778	215.152	1.320678	3.831657	1.343332
14964	-1263.286	-1478.284	214.9978	1.412245	4.014843	1.343332
14970	-1267.278	-1481.858	214.5807	1.204525	4.389114	1.718282
14976	-1263.499	-1478.352	214.8534	1.275388	4.61575	1.414617
14982	-1263.319	-1478.664	215.3457	1.518732	3.402805	1.146756
14988	-1252.225	-1467.488	215.2634	1.370331	3.342553	1.358451
14994	-1257.204	-1472.438	215.2339	1.44964	3.377622	1.307738
15000	-1260.055	-1474.086	214.0313	0.889784	3.983183	2.378855
15006	-1250.879	-1464.112	213.2339	0.8906898	3.786711	2.912083
15012	-1250.389	-1463.826	213.4365	0.9344751	4.409564	2.636214
15018	-1257.658	-1471.056	213.3979	0.937066	2.975537	2.974562
15024	-1246.605	-1460.05	213.4456	1.183131	4.427451	2.472491
15030	-1247.782	-1461.631	213.849	1.148798	4.143649	2.296129
15036	-1257.909	-1471.564	213.6545	1.088804	3.332934	2.6372
15042	-1261.473	-1475.109	213.6356	1.105127	3.339665	2.6372
15048	-1252.826	-1466.975	214.1486	1.037092	3.718083	2.268964
15054	-1247.822	-1461.316	213.4945	1.022271	3.24404	2.797536
15060	-1251.164	-1464.569	213.4051	0.8077302	3.33742	2.959196
15066	-1256.618	-1470.106	213.4878	0.7497374	2.87369	3.059443
15072	-1261.692	-1475.173	213.4812	0.9105698	2.990048	2.936638
15078	-1258.438	-1472.373	213.9347	0.9976594	3.013175	2.600712
15084	-1259.912	-1474.017	214.1049	0.9752807	3.282269	2.439853
15090	-1256.692	-1470.187	213.4953	1.009404	3.579479	2.726434
15096	-1247.189	-1460.714	213.5258	1.029649	4.493893	2.505581
15102	-1244.557	-1458.569	214.0118	1.073845	3.514049	2.380179
15108	-1247.941	-1461.218	213.277	0.8294297	3.518732	2.981539
15114	-1256.053	-1468.816	212.7631	0.7002018	3.356109	3.399711
15120	-1256.393	-1469.638	213.2448	0.8755002	3.976525	2.87513
15126	-1238.555	-1451.535	212.9795	0.7298706	3.474848	3.228031
15132	-1240.601	-1454.085	213.484	0.9120692	3.848024	2.734101
15138	-1242.702	-1456.037	213.3359	0.884215	3.939377	2.822224
15144	-1243.445	-1456.929	213.4847	0.823707	4.726551	2.615722
15150	-1254.571	-1467.939	213.368	0.6569981	4.292371	2.870146
15156	-1248.486	-1462.207	213.7218	0.7968361	3.50571	2.734689
15162	-1255.077	-1469.365	214.2885	0.9671276	4.564351	2.042599
15168	-1246.48	-1460.219	213.7392	0.9539319	4.408528	2.43578
15174	-1249.614	-1464.02	214.4056	1.176528	4.092115	1.924072
15180	-1260.553	-1475.479	214.9262	1.293391	4.451709	1.382779
15186	-1264.312	-1479.298	214.9858	1.453153	3.963873	1.333961
15192	-1258.223	-1472.379	214.156	1.029416	3.45581	2.330782
15198	-1251.243	-1464.722	213.4794	1.012651	4.091357	2.62443
15204	-1252.004	-1465.849	213.8446	1.016713	2.957389	2.659255
15210	-1238.487	-1452.191	213.7043	0.9061229	3.589498	2.659255
15216	-1242.157	-1455.871	213.7138	0.9061229	4.142628	2.534673
15222	-1250.916	-1465.109	214.1929	1.075586	3.229035	2.334118
15228	-1265.348	-1479.464	214.1166	0.9754409	4.284147	2.206402
15234	-1251.022	-1466.332	215.31	1.75489	3.791514	0.7867474
15240	-1264.88	-1479.722	214.8424	1.148712	4.004514	1.660494
15246	-1244.715	-1459.733	215.0174	1.235482	4.004514	1.468002
15252	-1253.541	-1468.364	214.8229	1.086343	4.145712	1.685481
15258	-1250.606	-1465.176	214.5703	1.102965	3.459713	2.012757
15264	-1249.228	-1463.309	214.0802	0.973083	3.525458	2.397941
15270	-1240.101	-1454.2	214.0991	1.043269	3.558494	2.333706
15276	-1242.927	-1457.578	214.6515	1.02919	3.538604	1.988062
15282	-1243.514	-1457.75	214.2363	0.951947	3.803054	2.248012
15288	-1253.141	-1467.863	214.7217	1.108621	3.803054	1.821849
15294	-1248.791	-1463.458	214.6665	1.15111	4.750483	1.61718
15300	-1264.375	-1478.991	214.6164	1.403473	4.290008	1.572068
15306	-1260.774	-1475.204	214.4304	0.9997682	3.939845	2.059612
15312	-1266.778	-1481.2	214.4218	1.088667	3.851601	2.026574
15318	-1258.821	-1471.805	212.984	0.8609735	3.533765	3.134479
15324	-1258.939	-1471.835	212.8961	0.8640557	4.174193	3.052316
15330	-1249.791	-1464.272	214.482	1.0641	4.054719	1.956673
15336	-1238.145	-1452.377	214.2318	0.9757506	3.558649	2.292088
15342	-1259.727	-1473.988	214.261	1.010345	3.693855	2.219451
15348	-1252.057	-1465.884	213.8275	1.030175	3.077125	2.630295
15354	-1252.317	-1466.794	214.4769	1.021816	3.550033	2.105673
15360	-1263.092	-1477.503	214.4118	1.002707	3.003052	2.300451
15366	-1275.06	-1489.301	214.2408	1.03076	3.355211	2.300451
15372	-1248.146	-1460.959	212.813	0.7600107	3.497326	3.303539
15378	-1251.311	-1464.116	212.8054	0.7474584	3.551225	3.303539
15384	-1248.491	-1461.138	212.6473	0.8001312	3.687974	3.336243
15390	-1255.417	-1469.2	213.7831	1.057773	3.901339	2.447053
15396	-1253.01	-1467.437	214.4274	0.9541999	3.748183	2.135269
15402	-1271.848	-1486.97	215.1224	1.287468	3.061622	1.612874
15408	-1260.995	-1475.598	214.6029	1.216358	3.522452	1.89887
15414	-1259.758	-1474.872	215.1145	1.289055	4.415102	1.243304
15420	-1261.25	-1476.301	215.0511	1.282546	3.876144	1.439774
15426	-1250.176	-1464.904	214.7274	1.162164	3.999778	1.733634
15432	-1248.904	-1463.345	214.4405	1.026405	3.999406	2.021914
15438	-1257.02	-1471.986	214.9658	1.330933	4.706232	1.258912
15444	-1251.656	-1466.605	214.9489	1.267761	4.984241	1.258912
15450	-1260.74	-1474.262	213.5216	0.9266048	4.096664	2.650377
15456	-1252.314	-1466.334	214.0203	0.9319004	3.508303	2.465615
15462	-1263.939	-1477.928	213.9892	0.9763522	3.941323	2.359654
15468	-1259.533	-1474.004	214.4703	1.120643	4.744747	1.779075
15474	-1256.092	-1469.319	213.2268	0.8100504	4.563403	2.811963
15480	-1245.093	-1458.736	213.6436	0.8660749	3.202682	2.811963
15486	-1251.038	-1464.557	213.5195	1.002958	4.412378	2.541788
15492	-1247.507	-1461.502	213.9946	1.062807	3.8668	2.317556
15498	-1243.425	-1457.454	214.0285	1.001975	3.84791	2.338846
15504	-1243.436	-1457.666	214.2301	0.9875274	3.943562	2.197721
15510	-1245.817	-1459.827	214.0097	1.015987	4.541021	2.197721
15516	-1252.909	-1467.351	214.442	1.038734	3.914932	2.031783
15522	-1251.173	-1465.377	214.2038	1.014267	3.262826	2.357614
15528	-1247.535	-1460.232	212.6968	0.8085187	4.559366	3.132296
15534	-1251.62	-1466.77	215.1495	1.301182	3.123908	1.564209
15540	-1254.589	-1469.541	214.9514	1.23151	3.088356	1.766185
15546	-1242.954	-1457.758	214.8034	1.416879	4.371575	1.401657
15552	-1240.435	-1455.628	215.1927	1.372677	3.540124	1.353019
15558	-1235.699	-1450.699	214.9998	1.306477	3.925239	1.447841
15564	-1234.227	-1449.324	215.097	1.313138	3.696444	1.429651
15570	-1246.889	-1461.695	214.8064	1.181827	3.654508	1.748945
15576	-1250.381	-1465.281	214.9002	1.106976	3.779682	1.704147
15582	-1249.371	-1464.111	214.7401	1.320374	3.815474	1.65728
15588	-1262.726	-1477.657	214.9313	1.218119	3.871668	1.578766
15594	-1248.376	-1463.786	215.4107	1.370563	3.409253	1.216713
15600	-1255.316	-1470.877	215.5608	1.374278	3.215986	1.14915
15606	-1260.525	-1476.284	215.7585	1.602633	2.961093	0.820711
15612	-1249.978	-1465.612	215.6339	1.762511	3.108063	0.6727589
15618	-1246.627	-1462.226	215.5984	1.516507	2.982278	1.073599
15624	-1246.098	-1461.335	215.2368	1.344301	3.86025	1.246865
15630	-1254.6	-1470.299	215.6987	1.46875	3.04802	0.9958626
15636	-1253.1	-1468.518	215.4184	1.528904	3.203953	1.142619
15642	-1255.631	-1470.997	215.3667	1.600673	3.841767	0.8862894
15648	-1263.107	-1478.548	215.4407	1.624931	3.817248	0.7732161
15654	-1253.466	-1467.707	214.2405	0.9700085	3.32511	2.346823
15660	-1245.506	-1459.324	213.8181	0.9003517	3.32511	2.654431
15666	-1245.265	-1459.314	214.0495	0.8874539	3.488549	2.479836
15672	-1234.261	-1447.55	213.2889	0.8350477	2.565599	3.211295
15678	-1246.129	-1459.739	213.6095	0.7476018	3.925499	2.741644
15684	-1243.393	-1457.523	214.1293	1.120339	3.037109	2.396013
15690	-1234.441	-1449.344	214.9027	1.055752	4.280432	1.619051
15696	-1247.438	-1462.725	215.2861	1.315759	3.049351	1.474606
15702	-1261.701	-1477.091	215.3905	2.14835	2.880803	0.5398372
15708	-1252.269	-1467.633	215.3643	2.165036	2.880803	0.424814
15714	-1259.029	-1474.582	215.5533	1.389972	3.403096	1.074897
15720	-1257.049	-1472.277	215.228	1.538225	3.736381	1.124343
15726	-1270.463	-1485.647	215.1837	1.57674	2.987829	1.372456
15732	-1264.605	-1479.561	214.9567	1.216781	3.235679	1.730775
15738	-1262.076	-1477.058	214.982	1.245279	3.618011	1.587733
15744	-1258.724	-1473.492	214.7675	1.285139	4.122484	1.587733
15750	-1262.178	-1477.315	215.1365	1.285139	3.979102	1.343676
15756	-1258.897	-1474.035	215.1381	1.3013	3.438511	1.48001
15762	-1258.482	-1473.638	215.1564	1.179288	3.438511	1.557287
15768	-1251.72	-1467.101	215.381	1.328322	3.502169	1.247589
15774	-1253.472	-1468.55	215.0772	1.323047	4.810568	1.14407
15780	-1264.911	-1479.399	214.4877	1.139391	3.824986	1.954886
15786	-1253.795	-1469.039	215.2442	1.203983	3.392169	1.486766
15792	-1270.367	-1485.686	215.3185	1.667481	3.645361	0.9427846
15798	-1267.791	-1483.255	215.4638	1.60409	3.001557	1.109415
15804	-1245.082	-1459.158	214.0764	1.073573	3.820226	2.268683
15810	-1251.201	-1464.858	213.6566	0.8049982	4.26054	2.609229
15816	-1248.496	-1462.417	213.921	0.7745309	2.724697	2.823831
15822	-1258.65	-1472.616	213.9655	1.058881	2.798034	2.601822
15828	-1258.825	-1472.935	214.1103	1.150352	3.485576	2.275567
15834	-1252.255	-1466.791	214.5363	0.9466969	4.50632	1.902091
15840	-1248.061	-1462.497	214.4366	1.045052	3.754781	2.068116
15846	-1261.799	-1476.125	214.3253	1.132324	3.822826	2.068116
15852	-1260.785	-1475.386	214.6011	1.110788	3.86689	1.88773
15858	-1264.086	-1478.723	214.6364	0.9866387	3.755681	1.973925
15864	-1266.851	-1481.081	214.2297	0.9583119	4.26091	2.148964
15870	-1254.568	-1468.258	213.6893	0.8509787	5.034849	2.415944
15876	-1259.909	-1473.776	213.8672	0.8927785	3.561439	2.573199
15882	-1263.951	-1478.132	214.1818	0.7176834	4.042981	2.379826
15888	-1256.277	-1469.577	213.2998	0.6213449	4.097287	2.970909
15894	-1258.879	-1472.254	213.3751	0.9090251	3.986613	2.773514
15900	-1254.359	-1468.19	213.8307	0.931677	4.564124	2.361882
15906	-1260.141	-1473.936	213.7948	0.9807265	3.573028	2.560847
15912	-1262.07	-1476.703	214.6327	1.251455	3.573028	1.84172
15918	-1263.51	-1476.952	213.4422	0.9664001	3.573028	2.78657
15924	-1256.42	-1470.491	214.0706	1.06233	3.553537	2.340831
15930	-1264.224	-1479.515	215.2903	1.386445	3.698271	1.214464
15936	-1264.823	-1479.737	214.9143	1.174221	4.125596	1.560718
15942	-1258.621	-1472.734	214.1122	1.154582	4.33327	2.08234
15948	-1263.789	-1478.164	214.3752	1.08369	3.654161	2.106752
15954	-1259.389	-1474.159	214.7698	1.465941	4.670906	1.317264
15960	-1261.374	-1476.218	214.8439	1.252907	4.703462	1.419148
15966	-1252.097	-1466.583	214.4865	1.052171	5.303982	1.706075
15972	-1252.231	-1466.603	214.3727	0.980657	4.309766	2.030037
15978	-1256.594	-1470.792	214.1987	1.152374	4.496165	1.992971
15984	-1253.846	-1469.15	215.304	1.556906	3.939951	0.9653606
15990	-1247.549	-1462.81	215.261	1.41919	4.050133	1.104473
15996	-1243.599	-1458.928	215.3285	1.414641	3.583779	1.19321
16002	-1259.784	-1474.422	214.6375	1.094868	3.89724	1.866598
16008	-1256.347	-1470.798	214.4513	1.032921	4.201144	1.965942
16014	-1240.368	-1455.008	214.6402	1.106174	4.367382	1.750362
16020	-1235.263	-1449.451	214.1877	1.140326	4.367382	2.034832
16026	-1242.305	-1456.715	214.4102	1.001878	4.251337	2.003386
16032	-1243.579	-1458.168	214.589	1.014985	3.960811	1.938958
16038	-1258.282	-1472.633	214.351	0.9547886	3.980416	2.132243
16044	-1268.96	-1483.536	214.5759	1.342943	4.324388	1.637547
16050	-1258.858	-1473.242	214.3844	0.9777131	4.324388	2.021149
16056	-1258.942	-1473.44	214.4986	1.117896	3.578003	2.021149
16062	-1258.071	-1471.792	213.7208	0.9547257	3.789943	2.574425
16068	-1262.028	-1475.331	213.3023	0.96858	4.813635	2.623196
16074	-1252.563	-1467.776	215.2132	1.307926	3.951829	1.27061
16080	-1267.216	-1480.417	213.2005	0.8213293	5.025161	2.739306
16086	-1260.156	-1474.022	213.8662	1.009379	3.56213	2.501042
16092	-1258.145	-1471.469	213.3243	0.8758108	3.591885	2.908836
16098	-1259.571	-1472.364	212.7926	0.7691521	2.495115	3.561262
16104	-1267.485	-1482.558	215.0724	1.374236	3.599182	1.428748
16110	-1258.744	-1473.177	214.4332	1.244876	3.599182	1.974837
16116	-1260.09	-1473.51	213.4204	0.8492802	4.177872	2.743668
16122	-1264.941	-1479.137	214.1955	1.215491	4.711729	1.909174
16128	-1253.345	-1467.498	214.1529	1.121688	4.311641	2.081671
16134	-1258.993	-1472.135	213.1412	0.8719855	3.176413	3.117024
16140	-1261.579	-1474.299	212.7196	0.8524521	3.364359	3.333933
16146	-1249.357	-1463.995	214.6375	0.9527192	3.220358	2.129012
16152	-1253.48	-1467.92	214.4409	0.9681318	3.698099	2.129012
16158	-1256.094	-1469.959	213.8645	0.9253332	3.572218	2.552165
16164	-1252.769	-1465.786	213.0174	0.9309778	4.669424	2.846447
16170	-1252.266	-1466.718	214.4516	1.145815	3.758844	1.990308
16176	-1243.728	-1458.136	214.408	1.189451	3.758844	1.990308
16182	-1237.424	-1451.852	214.4276	1.036219	4.061745	2.010099
16188	-1238.885	-1453.473	214.5881	1.073535	3.927385	1.907737
16194	-1238.297	-1452.767	214.4701	1.213043	3.927959	1.892972
16200	-1250.723	-1465.388	214.6652	1.113701	3.696461	1.882963
16206	-1261.946	-1476.788	214.8428	1.209961	3.337385	1.787075
16212	-1268.746	-1483.328	214.582	1.25621	3.937075	1.784347
16218	-1247.6	-1462.183	214.5822	1.201109	3.363752	1.963782
16224	-1251.26	-1465.444	214.1839	1.001784	4.841917	2.034688
16230	-1238.009	-1452.684	214.6752	1.213709	3.353988	1.895075
16236	-1246.844	-1461.406	214.562	1.306322	3.46896	1.879106
16242	-1244.152	-1457.81	213.6578	0.9945463	3.020335	2.770853
16248	-1240.222	-1453.722	213.5007	0.7743581	3.21967	2.949769
16254	-1244.273	-1457.838	213.5647	0.8255621	4.012863	2.703154
16260	-1254.665	-1468.056	213.3915	0.8903821	3.495358	2.881042
16266	-1240.871	-1454.628	213.7574	0.9695953	3.974313	2.502805
16272	-1240.459	-1454.256	213.7973	0.8223017	4.302012	2.502805
16278	-1241.789	-1455.549	213.7604	0.9640688	4.218109	2.45396
16284	-1238.279	-1452.102	213.823	0.8734706	3.994864	2.517548
16290	-1234.131	-1447.716	213.5851	0.9006426	3.761755	2.697705
16296	-1247.259	-1460.135	212.8767	0.8884087	3.46025	3.19827
16302	-1237.631	-1450.986	213.3545	0.9230025	3.606359	2.858796
16308	-1235.835	-1449.462	213.6278	0.779468	4.291207	2.636757
16314	-1241.526	-1455.392	213.866	0.9873018	3.723264	2.478377
16320	-1244.448	-1458.533	214.0859	0.779468	3.282755	2.573921
16326	-1251.235	-1464.509	213.2741	0.6824836	3.089803	3.1718
16332	-1253.185	-1467.356	214.1705	0.8393021	3.356169	2.46587
16338	-1257.956	-1472.242	214.2857	0.9634575	4.114802	2.139959
16344	-1256.071	-1470.361	214.2896	1.039863	3.876702	2.139959
16350	-1262.574	-1477.129	214.5549	1.103209	3.231049	2.081658
16356	-1254.567	-1469.679	215.1115	1.118922	3.175668	1.707626
16362	-1255.52	-1469.482	213.9617	1.003464	3.435242	2.474784
16368	-1259.324	-1473.569	214.2455	1.003464	4.27534	2.106117
16374	-1248.991	-1462.484	213.4927	0.9494943	3.096166	2.879304
16380	-1248.427	-1462.635	214.2082	0.9569739	3.737244	2.277709
16386	-1248.639	-1462.876	214.2365	1.00304	2.95105	2.425509
16392	-1250.316	-1463.062	212.7461	0.7708367	4.19723	3.192682
16398	-1246.748	-1459.576	212.8278	0.8339783	3.084499	3.347178
16404	-1253.317	-1465.812	212.4951	0.6847944	3.334757	3.569975
16410	-1261.315	-1473.737	212.4212	0.5547061	3.470581	3.65809
16416	-1258.926	-1472.312	213.3854	0.7956976	3.566272	2.925979
16422	-1264.387	-1477.297	212.9096	0.7137205	3.566272	3.258705
16428	-1271.49	-1484.496	213.0059	0.5950965	4.285262	3.12593
16434	-1248.359	-1461.744	213.3848	0.9056362	3.530814	2.867848
16440	-1251.31	-1464.811	213.5003	1.031868	2.928364	2.867848
16446	-1250.405	-1463.874	213.469	0.9490497	2.928364	2.936796
16452	-1261.44	-1474.736	213.2959	0.8028019	3.744271	2.936796
16458	-1252.962	-1467.212	214.2502	1.0762	3.362374	2.263572
16464	-1257.125	-1470.606	213.481	1.007923	3.704424	2.708272
16470	-1249.92	-1463.692	213.7715	0.9763966	2.563009	2.838226
16476	-1248.803	-1461.698	212.8951	0.8147944	3.638251	3.191878
16482	-1249.499	-1462.705	213.2061	0.6864118	3.391893	3.138159
16488	-1251.077	-1465.242	214.1645	0.98461	3.95375	2.239697
16494	-1251.27	-1465.071	213.8014	0.8816502	4.70169	2.386138
16500	-1248.768	-1462.188	213.4199	0.9468162	3.426807	2.845387
16506	-1245.743	-1459.207	213.4636	1.004658	3.782459	2.70391
16512	-1243.75	-1458.358	214.6086	1.024298	3.458889	2.039755
16518	-1243.155	-1456.797	213.6428	1.012323	3.034575	2.765489
16524	-1245.76	-1459.446	213.6858	1.104695	3.434065	2.583947
16530	-1246.608	-1460.759	214.1513	0.9851334	4.04423	2.228264
16536	-1244.772	-1458.907	214.1344	1.100153	3.758466	2.228264
16542	-1252.689	-1467.637	214.9483	1.132994	3.407348	1.74831
16548	-1248.453	-1462.907	214.4545	1.285838	3.585165	1.936522
16554	-1254.049	-1468.795	214.7455	1.285838	3.828471	1.674832
16560	-1257.356	-1472.049	214.6938	1.083026	3.637773	1.898806
16566	-1255.39	-1470.156	214.7656	1.076501	2.745754	2.096919
16572	-1261.173	-1475.955	214.782	1.158873	2.968726	1.966041
16578	-1261.756	-1476.835	215.0796	1.350273	4.022052	1.32555
16584	-1267.078	-1481.231	214.1527	1.023027	3.734183	2.271624
16590	-1271.633	-1485.556	213.9233	1.100049	3.314703	2.467507
16596	-1256.226	-1470.556	214.3305	1.206192	4.131298	1.945978
16602	-1249.895	-1463.583	213.6885	0.7857705	3.296922	2.81062
16608	-1268.232	-1482.246	214.014	0.8245852	4.536192	2.318827
16614	-1266.414	-1479.648	213.2341	0.8509243	3.843454	2.923975
16620	-1265.485	-1480.354	214.8689	0.9535126	3.433194	1.919496
16626	-1256.228	-1470.627	214.3983	1.055125	4.295561	1.966336
16632	-1247.924	-1462.127	214.2025	1.05258	3.828607	2.199098
16638	-1253.123	-1465.786	212.6625	0.6623342	2.817343	3.611154
16644	-1232.676	-1445.962	213.2856	0.9117472	3.104474	3.024611
16650	-1233.043	-1446.169	213.1255	0.692873	3.132461	3.243239
16656	-1252.571	-1465.883	213.3123	0.9044082	2.834285	3.082288
16662	-1255.282	-1468.378	213.0962	0.5412888	2.755091	3.445396
16668	-1258.96	-1470.825	211.8647	0.6677997	2.773264	4.078031
16674	-1247.369	-1460.423	213.0538	0.7825293	2.810957	3.313914
16680	-1241.15	-1454.712	213.562	0.8575437	3.350749	2.831134
16686	-1248.009	-1460.535	212.5257	0.7116178	3.368122	3.52902
16692	-1276.814	-1489.281	212.4675	0.8511903	3.274766	3.502877
16698	-1272.468	-1485.043	212.5749	0.7750027	3.196867	3.502877
16704	-1260.82	-1473.281	212.4602	0.6466433	3.038608	3.681883
16710	-1263.638	-1478.606	214.9683	1.299863	2.970797	1.741183
16716	-1257.28	-1472.543	215.263	1.115387	3.128085	1.615702
16722	-1261.619	-1476.048	214.4298	1.144288	2.866796	2.235864
16728	-1263.171	-1477.091	213.9202	1.080913	3.064594	2.544607
16734	-1255.114	-1468.844	213.7306	1.027095	3.731681	2.536211
16740	-1241.33	-1455.253	213.9234	0.9621817	3.386362	2.536211
16746	-1245.078	-1459.113	214.0353	1.036081	3.784477	2.326934
16752	-1248.899	-1463.346	214.4472	1.188802	2.811372	2.211777
16758	-1244.726	-1459.495	214.7683	1.377033	3.349259	1.71906
16764	-1244.779	-1459.571	214.7918	1.239459	3.098957	1.867803
16770	-1245.8	-1460.527	214.7264	1.083144	3.098957	2.017062
16776	-1255.486	-1470.382	214.8953	1.122888	3.23004	1.840181
16782	-1247.969	-1462.101	214.1323	1.137344	4.000141	2.151491
16788	-1241.623	-1456.331	214.708	1.29443	2.564951	2.047079
16794	-1243.251	-1457.769	214.5182	1.211702	3.521995	1.95928
16800	-1248.817	-1463.011	214.1945	1.138447	4.462685	2.011902
16806	-1253.457	-1468.101	214.6437	1.229441	4.140132	1.712383
16812	-1258.599	-1473.224	214.626	1.326261	3.038991	1.938347
16818	-1240.4	-1455.104	214.7042	1.146416	3.692049	1.83503
16824	-1242.447	-1457.018	214.5705	1.036025	3.572627	2.029081
16830	-1241.555	-1455.707	214.1513	1.224112	4.245172	2.029081
16836	-1240.637	-1454.988	214.3513	1.028308	2.996326	2.324496
16842	-1247.196	-1461.988	214.7927	1.119469	3.449738	1.854146
16848	-1261.747	-1477.067	215.3203	1.446977	3.506911	1.197017
16854	-1264.277	-1478.345	214.0685	1.071043	3.534805	2.341084
16860	-1263.672	-1478.369	214.697	1.243096	3.423453	1.841852
16866	-1272.054	-1485.862	213.8085	0.8909159	4.194094	2.474532
16872	-1246.107	-1460.209	214.1025	0.8752989	3.747388	2.394648
16878	-1242.459	-1456.247	213.7887	0.7741356	3.294666	2.757207
16884	-1235.827	-1449.797	213.9699	0.9508977	3.651554	2.452209
16890	-1252.477	-1466.631	214.1539	1.177388	3.303551	2.27514
16896	-1260.819	-1475.485	214.6658	1.134477	3.394703	1.944392
16902	-1252.052	-1466.039	213.9875	1.089304	4.377868	2.197153
16908	-1241.716	-1456.377	214.6611	1.285651	3.963097	1.702049
16914	-1243.419	-1457.648	214.2288	0.9713832	3.537672	2.301787
16920	-1253.147	-1466.116	212.9698	0.7266116	2.774782	3.405648
16926	-1263.009	-1475.67	212.6602	0.6221052	2.770357	3.648065
16932	-1248.657	-1463.219	214.5623	0.9670515	4.108786	1.955885
16938	-1263.82	-1478.651	214.8318	0.9731336	3.240463	1.981808
16944	-1239.345	-1453.188	213.843	0.969213	3.676223	2.514575
16950	-1244.297	-1458.793	214.4959	1.088347	3.270141	2.119937
16956	-1236.109	-1449.697	213.5885	0.9402342	3.405052	2.751844
16962	-1247.275	-1461.088	213.8135	1.003462	3.242902	2.613671
16968	-1240.548	-1454.32	213.772	1.232083	3.851372	2.35489
16974	-1240.908	-1455.347	214.4398	1.059464	4.211963	1.953524
16980	-1241.519	-1456.169	214.65	1.289458	3.233136	1.893112
16986	-1235.967	-1451.019	215.052	1.326341	3.627581	1.472917
16992	-1239.414	-1454.034	214.6196	1.150977	4.075421	1.798965
16998	-1236.533	-1450.649	214.1162	1.072137	4.43214	2.113544
17004	-1242.758	-1456.799	214.0411	1.034533	3.806646	2.319259
17010	-1242.079	-1455.822	213.7431	1.0243	4.136595	2.443607
17016	-1248.185	-1460.564	212.3792	0.7990011	4.136595	3.403965
17022	-1241.964	-1456.027	214.0622	0.975891	4.055558	2.288949
17028	-1246.783	-1460.781	213.9986	0.9406779	3.2278	2.541571
17034	-1248.736	-1462.013	213.2773	0.9406779	3.771903	2.858809
17040	-1253.522	-1466.808	213.2863	1.060255	4.215552	2.689061
17046	-1247.045	-1461.287	214.2426	1.115492	4.360902	2.016201
17052	-1234.404	-1448.819	214.4151	1.061448	5.103053	1.787792
17058	-1251.807	-1465.491	213.6841	1.328063	4.750169	2.166026
17064	-1239.022	-1454.019	214.9965	1.382392	4.07958	1.350882
17070	-1251.044	-1465.773	214.729	1.200279	4.109123	1.679814
17076	-1258.02	-1473.053	215.0333	1.338593	3.96409	1.386928
17082	-1255.905	-1470.939	215.0337	1.494851	3.406173	1.421389
17088	-1255.966	-1470.386	214.4194	1.252491	3.599414	1.978938
17094	-1247.508	-1462.286	214.7783	1.16434	3.241491	1.888666
17100	-1257.174	-1472.386	215.2122	1.089516	3.241491	1.637927
17106	-1250.426	-1465.327	214.9013	1.03688	3.618943	1.792853
17112	-1265.706	-1480.277	214.5705	1.173755	6.261038	1.376789
17118	-1253.579	-1468.217	214.6387	1.232011	5.258116	1.472599
17124	-1261.883	-1476.19	214.3076	1.15196	4.973875	1.82442
17130	-1258.746	-1473.38	214.6337	1.28683	4.252423	1.652812
17136	-1264.415	-1478.843	214.4278	1.307944	3.921242	1.858651
17142	-1246.928	-1462.149	215.221	1.369377	3.61703	1.310345
17148	-1242.764	-1457.987	215.2232	1.454108	3.808158	1.180514
17154	-1243.246	-1458.602	215.3562	1.551812	3.952789	0.9101384
17160	-1243.508	-1458.742	215.2346	1.489614	4.11767	1.042246
17166	-1243.306	-1458.462	215.1555	1.39512	4.567501	1.07257
17172	-1237.312	-1452.457	215.1444	1.822934	4.017277	0.8134347
17178	-1244.268	-1459.435	215.1674	1.822934	4.193481	0.6921777
17184	-1241.991	-1457.122	215.1306	1.822934	3.862652	0.8937745
17190	-1242.855	-1457.987	215.1315	1.394653	4.00412	1.251786
17196	-1252.236	-1467.384	215.1484	1.507903	4.193917	1.082912
17202	-1257.959	-1473.031	215.0722	1.579307	4.208877	1.082912
17208	-1257.003	-1471.897	214.894	1.376064	4.955066	1.221034
17214	-1248.067	-1461.326	213.2589	0.9416033	3.415499	2.948455
17220	-1253.153	-1468.488	215.3347	1.440158	3.333267	1.246846
17226	-1252.464	-1467.474	215.01	1.392101	3.998011	1.354125
17232	-1249.442	-1463.647	214.2052	1.221304	3.882512	2.074978
17238	-1251.031	-1464.967	213.9364	1.059208	4.355496	2.254037
17244	-1254.198	-1467.607	213.4088	0.9223076	2.841254	3.011967
17250	-1262.071	-1475.279	213.2078	0.9184252	2.174527	3.328567
17256	-1260.245	-1474.898	214.6533	1.159258	2.659686	2.142245
17262	-1269.127	-1484.327	215.1998	1.291908	2.712818	1.664057
17268	-1259.998	-1473.886	213.8876	1.065824	2.714093	2.669127
17274	-1255.1	-1469.299	214.1991	1.110462	3.062465	2.351297
17280	-1249.908	-1464.474	214.5659	1.088111	3.200081	2.092553
17286	-1257.021	-1471.587	214.5651	1.157071	3.211725	2.044528
17292	-1251.683	-1466.391	214.7086	0.9451877	3.096645	2.120442
17298	-1253.304	-1467.393	214.0884	0.924947	3.036295	2.544363
17304	-1259.135	-1472.187	213.0523	0.7323021	3.123445	3.26535
17310	-1258.605	-1471.863	213.258	0.7323021	2.654468	3.26535
17316	-1253.05	-1466.638	213.5879	0.8320439	3.305139	2.841696
17322	-1263.595	-1477.886	214.2909	0.8686522	3.305139	2.384099
17328	-1251.689	-1465.297	213.6073	0.7221138	3.558697	2.837935
17334	-1259.136	-1473.446	214.3101	1.089661	3.801438	2.111078
17340	-1248.649	-1461.772	213.1232	0.8060273	2.902469	3.235205
17346	-1250.241	-1463.364	213.1232	0.8060273	2.902469	3.235205
17352	-1256.209	-1470.756	214.5474	1.001026	3.126287	2.181121
17358	-1243.674	-1457.053	213.3793	0.9312801	3.34158	2.899276
17364	-1247.811	-1461.638	213.8272	0.8696934	3.520517	2.621641
17370	-1242.82	-1457.177	214.3579	1.020373	3.820853	2.120717
17376	-1245.601	-1459.639	214.0387	1.001937	3.131904	2.502598
17382	-1255.394	-1469.321	213.9269	1.017024	4.45902	2.266546
17388	-1259.534	-1473.413	213.8783	0.8494759	3.470677	2.614146
17394	-1262.247	-1476.454	214.2076	1.102144	4.157769	2.091077
17400	-1255.546	-1469.339	213.7924	1.011964	4.157769	2.415991
17406	-1257.371	-1470.963	213.5928	1.046102	4.015024	2.549163
17412	-1271.871	-1485.267	213.3968	1.099859	3.549187	2.738164
17418	-1271.903	-1485.431	213.528	0.9737241	3.535779	2.738164
17424	-1261.098	-1474.671	213.5728	0.9993851	3.350275	2.738164
17430	-1258.297	-1472.593	214.2959	0.9044579	3.350275	2.34701
17436	-1246.777	-1460.853	214.076	1.031295	3.350275	2.405963
17442	-1266.148	-1480.433	214.2848	1.079361	3.159185	2.29111
17448	-1262.193	-1475.904	213.7109	0.9247105	3.60978	2.63912
17454	-1262.873	-1475.451	212.5774	0.79268	2.958135	3.549029
17460	-1267.71	-1481.201	213.4908	0.7621175	3.504497	2.896488
17466	-1252.165	-1465.171	213.0055	0.892481	3.160706	3.189246
17472	-1256.07	-1469.663	213.5938	0.7832678	2.618298	3.045673
17478	-1254.177	-1468.154	213.9773	0.9070083	3.063383	2.617363
17484	-1249.57	-1462.509	212.9391	0.9467772	3.716933	3.070277
17490	-1241.35	-1455.227	213.8771	0.969765	3.242049	2.595366
17496	-1236.192	-1450.257	214.0644	1.12775	2.464882	2.595366
17502	-1239.138	-1454.343	215.205	1.334279	2.348477	1.755917
17508	-1252.527	-1467.216	214.689	1.356858	2.762562	1.956563
17514	-1249.632	-1464.058	214.4263	1.187073	3.219493	2.114112
17520	-1247.942	-1461.007	213.0651	0.8303127	3.219493	3.176651
17526	-1239.428	-1452.255	212.8266	0.8689138	3.13618	3.314817
17532	-1255.111	-1468.375	213.2637	0.7992582	3.470234	3.01857
17538	-1252.625	-1466.376	213.7509	0.9631554	3.470234	2.62275
17544	-1251.136	-1465.411	214.2744	1.130375	2.856812	2.346965
17550	-1255.129	-1469.429	214.3002	1.130375	3.362931	2.19625
17556	-1254.942	-1469.694	214.7519	1.130375	3.007378	1.994225
17562	-1255.834	-1470.263	214.4297	0.934286	3.007378	2.331443
17568	-1257.701	-1472.353	214.6521	1.134124	4.35356	1.725418
17574	-1249.938	-1464.829	214.8916	1.344391	3.844956	1.521671
17580	-1264.598	-1479.622	215.0242	1.054224	3.655472	1.685081
17586	-1263.393	-1477.834	214.4413	1.110577	3.01042	2.210175
17592	-1258.025	-1473.15	215.125	1.29331	3.327782	1.527794
17598	-1261.037	-1475.724	214.6861	1.05939	3.980796	1.838108
17604	-1252.446	-1467.105	214.6588	1.216921	3.610453	1.838108
17610	-1270.433	-1485.091	214.6588	1.121856	3.253409	1.994564
17616	-1255.753	-1469.868	214.1141	1.121856	3.454287	2.29888
17622	-1241.191	-1455.65	214.4588	1.115822	3.402925	2.092294
17628	-1248.834	-1463.353	214.5196	1.087124	4.175035	1.888933
17634	-1240.589	-1454.922	214.3328	1.044603	3.800425	2.125984
17640	-1236.844	-1451.188	214.3438	0.9258733	3.560938	2.251672
17646	-1239.701	-1454.012	214.3105	1.055668	3.612303	2.177189
17652	-1265.664	-1479.086	213.4219	0.8751631	3.12338	2.960071
17658	-1271.47	-1485.197	213.7265	0.7916273	2.763382	2.92056
17664	-1269.682	-1483.525	213.843	0.8504572	2.763382	2.814331
17670	-1270.441	-1484.212	213.7707	0.9486765	3.372224	2.642591
17676	-1268.142	-1482.426	214.2838	0.9486765	2.8916	2.446191
17682	-1257.801	-1471.051	213.25	0.9387657	3.952323	2.838602
17688	-1270.816	-1484.577	213.7616	1.138112	3.149028	2.585918
17694	-1269.74	-1484.469	214.7292	1.003506	2.794061	2.154098
17700	-1264.622	-1478.079	213.4567	0.6770934	2.764517	3.150312
17706	-1262.449	-1476.275	213.8266	0.8860617	3.522989	2.611341
17712	-1258.874	-1473.359	214.4848	1.09126	3.51812	2.062639
17718	-1250.636	-1464.376	213.7398	0.9529125	4.605728	2.398024
17724	-1255.689	-1469.255	213.5661	1.041165	3.962372	2.579834
17730	-1263.777	-1478.567	214.7901	1.345603	3.184073	1.771737
17736	-1268.566	-1483.574	215.008	1.020008	3.945705	1.648333
17742	-1262.334	-1475.568	213.2331	0.8448681	3.534208	2.995182
17748	-1256.966	-1470.841	213.8749	0.9245163	3.863984	2.481101
17754	-1245.711	-1459.666	213.9557	1.045103	4.266882	2.268738
17760	-1243.813	-1458.174	214.3612	1.00547	3.771858	2.139543
17766	-1236.178	-1450.492	214.3141	1.250192	3.309641	2.122781
17772	-1235.301	-1449.021	213.7199	0.879674	3.309641	2.731161
17778	-1257.404	-1470.15	212.7456	0.9275866	2.958413	3.371774
17784	-1251.457	-1465.196	213.7385	0.7863557	4.072376	2.608055
17790	-1251.567	-1464.707	213.1396	0.7865214	3.468369	3.100747
17796	-1265.544	-1478.722	213.1778	0.7234958	3.219275	3.173257
17802	-1256.613	-1469.906	213.293	0.6987638	3.219275	3.119455
17808	-1257.556	-1470.674	213.1182	0.7756804	3.953743	3.016152
17814	-1252.583	-1465.599	213.0165	0.6463601	3.580539	3.232234
17820	-1253.987	-1466.59	212.6037	0.6644115	3.78367	3.421458
17826	-1259.057	-1472.202	213.1454	0.604093	4.003703	3.092378
17832	-1243.932	-1457.681	213.7499	0.8807104	3.746999	2.611674
17838	-1247.674	-1461.63	213.9552	1.02593	4.027472	2.331279
17844	-1259.147	-1473.404	214.2573	0.9046501	3.776129	2.270925
17850	-1248.528	-1462.518	213.9897	0.7860022	3.927457	2.482307
17856	-1243.733	-1457.507	213.7744	1.069787	3.731177	2.482307
17862	-1245.35	-1459.655	214.3044	0.9173908	3.218298	2.366501
17868	-1239.162	-1452.784	213.6223	0.8864016	3.646115	2.709034
17874	-1246.249	-1459.54	213.2906	0.8047909	3.963392	2.892883
17880	-1253.663	-1466.941	213.2785	0.770526	3.963392	2.920858
17886	-1249.644	-1463.588	213.9447	0.9603811	3.382747	2.524883
17892	-1247.102	-1461.431	214.3294	0.9639459	3.610541	2.224734
17898	-1251.29	-1465.07	213.7805	0.9231727	4.846437	2.346327
17904	-1256.159	-1469.683	213.5236	0.9903606	4.694438	2.493801
17910	-1259.747	-1474.107	214.3593	0.8575469	3.996737	2.186525
17916	-1251.36	-1465.603	214.2436	1.137628	3.39533	2.220107
17922	-1247.107	-1460.886	213.7788	1.137659	3.621917	2.461692
17928	-1257.858	-1469.994	212.1362	0.6059085	3.959841	3.692102
17934	-1266.901	-1480.502	213.6009	0.9045486	4.356605	2.563193
17940	-1260.488	-1473.521	213.0324	0.7027593	3.949381	3.111828
17946	-1257.832	-1470.993	213.1613	0.8334068	3.665489	3.016231
17952	-1246.601	-1460.661	214.0605	1.158871	3.691533	2.253398
17958	-1250.289	-1464.79	214.5009	1.305579	3.493284	1.914871
17964	-1247.749	-1462.09	214.3412	1.132668	3.834933	2.054617
17970	-1251.551	-1466.344	214.793	1.427554	3.494233	1.625859
17976	-1254.786	-1469.791	215.0053	1.343748	3.524841	1.523337
17982	-1265.751	-1480.507	214.7559	1.128485	4.793888	1.559178
17988	-1266.089	-1480.137	214.0472	0.9692501	4.329189	2.24595
17994	-1262.295	-1477.122	214.8265	1.395413	4.676757	1.326999
18000	-1259.544	-1474.382	214.8375	1.344543	4.427988	1.417665
18006	-1259.152	-1473.917	214.7642	1.320242	3.44817	1.735184
18012	-1263.24	-1477.299	214.0589	1.121224	4.106217	2.186676
18018	-1259.122	-1473.401	214.2785	1.072689	5.553056	1.791616
18024	-1258.258	-1472.479	214.221	1.202296	4.893798	1.864885
18030	-1242.956	-1457.076	214.1199	0.8980086	4.899789	2.134166
18036	-1258.377	-1472.143	213.766	1.128927	3.497977	2.503884
18042	-1257.894	-1472.424	214.53	1.128768	3.383676	2.041683
18048	-1261.296	-1475.328	214.0311	0.987403	3.801189	2.356849
18054	-1253.715	-1467.285	213.5705	0.88026	3.205	2.847149
18060	-1264.896	-1479.513	214.6162	1.017449	2.854365	2.200961
18066	-1260.363	-1474.471	214.108	0.9113054	3.046573	2.537952
18072	-1255.835	-1469.864	214.0288	1.004781	3.046573	2.52908
18078	-1265.16	-1479.12	213.9601	0.860402	3.589757	2.52908
18084	-1258.271	-1472.319	214.0481	0.9931054	3.113407	2.506977
18090	-1250.003	-1464.311	214.3082	0.8682907	2.799023	2.506977
18096	-1256.123	-1470.474	214.3503	0.9580981	4.146769	2.094319
18102	-1253.022	-1466.72	213.6976	0.9358959	3.461029	2.674512
18108	-1264.411	-1477.745	213.3337	1.129616	3.461029	2.778746
18114	-1264.544	-1477.108	212.5642	0.9013353	2.996131	3.48393
18120	-1266.158	-1478.833	212.6752	0.787289	2.445896	3.633128
18126	-1270.925	-1484.172	213.2471	0.8871777	4.38644	2.785743
18132	-1276.799	-1490.594	213.7955	0.8871777	4.178922	2.488106
18138	-1251.066	-1465.289	214.2235	0.9667558	3.322702	2.360274
18144	-1251.882	-1466.413	214.5306	0.8569055	3.939948	2.087725
18150	-1251.029	-1465.446	214.4175	1.151624	3.69384	2.024606
18156	-1250.976	-1465.359	214.3829	1.228681	3.870613	1.954637
18162	-1248.078	-1461.961	213.8828	0.8588395	3.292356	2.648053
18168	-1260.652	-1475.163	214.5115	1.110876	2.96244	2.177726
18174	-1271.504	-1485.937	214.4328	1.119538	2.923734	2.233861
18180	-1263.613	-1478.517	214.9035	1.237301	2.665068	1.922852
18186	-1260.535	-1475.874	215.3395	1.241713	3.246177	1.428987
18192	-1259.322	-1474.014	214.6921	1.197437	4.005671	1.732247
18198	-1254.385	-1467.701	213.3157	0.9054728	3.836773	2.84305
18204	-1258.348	-1472.255	213.9065	0.986016	3.825993	2.430996
18210	-1259.196	-1473.952	214.7563	0.9882414	3.77335	1.88774
18216	-1262.406	-1476.825	214.4189	1.053202	4.612169	1.88774
18222	-1258.742	-1473.048	214.306	1.106968	3.865249	2.087827
18228	-1264.357	-1478.065	213.7077	1.182769	4.086004	2.376456
18234	-1258.225	-1472.452	214.227	1.109559	3.563238	2.208075
18240	-1271.845	-1485.971	214.1253	0.974089	3.813952	2.302511
18246	-1261.841	-1476.575	214.7343	1.018645	3.717276	1.895547
18252	-1241.787	-1456.018	214.2301	0.8927828	3.744094	2.303211
18258	-1243.033	-1457.424	214.391	1.098089	2.66	2.350224
18264	-1242.025	-1454.618	212.593	0.6904025	3.675222	3.435159
18270	-1244.711	-1457.197	212.4854	0.8709747	3.262481	3.483733
18276	-1253.26	-1465.193	211.933	0.698733	3.564323	3.836506
18282	-1244.241	-1457.832	213.591	0.7545786	3.821184	2.770699
18288	-1244.477	-1458.013	213.5354	0.7982014	3.707787	2.802418
18294	-1242.933	-1456.778	213.8443	0.9266332	3.577362	2.562722
18300	-1238.947	-1453.057	214.11	1.10802	3.285021	2.352083
18306	-1247.969	-1462.413	214.4435	1.033366	3.736607	2.075474
18312	-1241.866	-1455.889	214.0236	1.005698	3.716911	2.368922
18318	-1235.898	-1449.735	213.8372	1.025773	3.51273	2.520388
18324	-1242.374	-1456.517	214.1435	1.0545	3.465232	2.32048
18330	-1244.998	-1459.479	214.4808	1.0545	3.51487	2.090232
18336	-1245.791	-1460.492	214.7016	1.233417	4.594828	1.565239
18342	-1237.585	-1452.422	214.8373	1.233417	4.223515	1.550379
18348	-1234.816	-1448.524	213.7077	0.8579165	3.808186	2.638494
18354	-1243.592	-1457.983	214.3914	0.9922515	3.825709	2.116114
18360	-1249.656	-1463.685	214.0288	1.050076	4.384734	2.194426
18366	-1244.258	-1458.259	214.0019	0.8810139	4.154888	2.366913
18372	-1247.376	-1461.353	213.9774	1.128694	3.484052	2.374388
18378	-1234.203	-1448.418	214.215	0.9768118	4.057164	2.189684
18384	-1234.421	-1448.13	213.7094	0.951054	3.961455	2.547033
18390	-1235.805	-1449.449	213.6432	1.004217	3.694339	2.612895
18396	-1243.595	-1458.499	214.9045	1.089848	3.223154	1.858436
18402	-1242.628	-1457.413	214.7852	1.190727	3.704925	1.744824
18408	-1260.308	-1475.018	214.7105	1.312705	3.575126	1.744824
18414	-1264.45	-1479.51	215.0595	1.169443	2.608033	1.881278
18420	-1273.388	-1487.363	213.9754	1.029932	3.089387	2.535552
18426	-1264.932	-1479.201	214.2696	1.075058	3.793538	2.148913
18432	-1257.997	-1473.178	215.1807	1.396309	4.286096	1.128291
18438	-1260.985	-1476.12	215.1352	1.555236	4.038134	1.09875
18444	-1251.738	-1467.202	215.4639	1.527416	3.350269	1.048761
18450	-1252.751	-1466.845	214.0939	0.984004	3.084372	2.491571
18456	-1247.394	-1460.902	213.5077	0.901326	4.124019	2.668983
18462	-1246.697	-1460.793	214.0964	1.059056	3.804252	2.268757
18468	-1249.712	-1464.696	214.9843	1.08218	3.024487	1.864961
18474	-1239.242	-1454.167	214.9244	1.258033	3.99954	1.522215
18480	-1251.544	-1466.645	215.1008	1.258033	3.635269	1.48556
18486	-1256.205	-1470.152	213.947	1.040324	3.459058	2.455206
18492	-1244.479	-1457.734	213.2549	0.9129076	3.085843	3.0469
18498	-1233.109	-1446.105	212.9958	0.7631893	4.83515	2.931626
18504	-1226.071	-1440.486	214.4147	1.071081	3.749615	2.066545
18510	-1231.708	-1445.769	214.0609	1.118809	3.57448	2.306118
18516	-1238.747	-1452.604	213.8572	0.9751486	4.227471	2.384076
18522	-1240.852	-1455.204	214.3524	1.099557	3.508523	2.146374
18528	-1238.654	-1453.035	214.3806	1.207062	3.214655	2.132147
18534	-1254.09	-1467.9	213.8102	1.134761	3.809629	2.401525
18540	-1270.977	-1485.006	214.0292	0.9857492	4.104932	2.293297
18546	-1253.354	-1466.909	213.5554	0.6924932	4.60364	2.675503
18552	-1244.314	-1458.64	214.3253	1.233433	3.84787	1.9953
18558	-1242.739	-1456.439	213.6998	0.8459453	3.196203	2.791564
18564	-1248.497	-1462.977	214.4805	1.189657	2.905931	2.162574
18570	-1245.457	-1459.921	214.4636	1.121612	3.818326	1.984467
18576	-1236.39	-1450.896	214.506	1.099954	3.343276	2.086816
18582	-1243.175	-1457.929	214.7538	1.045184	3.343276	1.958629
18588	-1244.161	-1457.943	213.7824	0.8478394	3.383549	2.694746
18594	-1248.217	-1461.414	213.197	0.9422145	2.90626	3.109604
18600	-1257.873	-1471.275	213.4019	0.7873543	3.139595	3.020773
18606	-1251.905	-1466.245	214.3403	1.077073	2.744362	2.371033
18612	-1242.902	-1457.008	214.1057	0.8494723	3.091054	2.566293
18618	-1256.968	-1470.692	213.7239	0.8767016	3.208644	2.755047
18624	-1254.053	-1467.386	213.3333	0.9973837	4.283627	2.685422
18630	-1244.597	-1457.767	213.1703	0.8015822	4.314644	2.897974
18636	-1252.986	-1466.7	213.7135	0.9426625	4.277882	2.484756
18642	-1244.871	-1459.447	214.5754	0.9514182	3.529169	2.092306
18648	-1245.96	-1460.566	214.6061	0.9377632	3.382076	2.117715
18654	-1249.104	-1463.209	214.1048	0.9883883	4.226549	2.217567
18660	-1259.141	-1473.11	213.9685	0.9700372	3.901802	2.385369
18666	-1252.291	-1466.655	214.364	1.085942	3.864206	2.063692
18672	-1265.432	-1480.066	214.6336	1.228121	2.54388	2.146169
18678	-1278.647	-1493.675	215.0276	1.487466	3.144469	1.51028
18684	-1265.254	-1480.714	215.4594	1.33495	3.984367	1.01726
18690	-1243.759	-1458.973	215.2139	1.59628	3.984367	1.001563
18696	-1244.186	-1459.49	215.3045	1.480622	4.565584	0.8234227
18702	-1242.014	-1457.218	215.204	1.57154	4.126464	0.9888534
18708	-1256.55	-1472.139	215.589	1.57154	3.359634	0.8675039
18714	-1242.131	-1457.261	215.1294	1.688946	4.563405	0.7801268
18720	-1243.374	-1458.787	215.4124	1.487779	3.565912	1.057729
18726	-1245.343	-1460.586	215.2435	1.410344	3.207976	1.384575
18732	-1247.102	-1462.106	215.0042	1.372872	3.207976	1.593075
18738	-1248.701	-1463.136	214.4345	1.18975	4.783438	1.747931
18744	-1245.755	-1459.889	214.1345	1.148676	3.498243	2.258012
18750	-1250.905	-1464.929	214.0243	1.229228	3.535601	2.268076
18756	-1255.173	-1469.631	214.4581	1.116527	3.535601	2.05927
18762	-1258.017	-1472.46	214.4431	0.8958272	3.516693	2.217669
18768	-1238.185	-1451.353	213.1679	0.7856131	3.071159	3.178227
18774	-1245.298	-1458.986	213.6881	0.8041533	3.684827	2.71053
18780	-1249.309	-1461.075	211.7662	0.8056928	3.12945	3.967936
18786	-1244.313	-1457.698	213.3847	0.8228052	3.594104	2.90382
18792	-1247.106	-1460.746	213.6405	0.7105109	3.370209	2.868104
18798	-1249.433	-1462.539	213.1058	0.9102079	2.812431	3.207361
18804	-1251.888	-1465.4	213.5119	0.6467782	3.712368	2.907458
18810	-1244.12	-1457.427	213.3076	0.8039982	3.057577	3.08751
18816	-1260.457	-1472.628	212.1706	0.8180723	2.868329	3.792421
18822	-1261.725	-1475.331	213.6053	0.7995346	3.381904	2.83269
18828	-1253.844	-1467.863	214.0188	0.9439656	3.381904	2.489061
18834	-1254.21	-1469.114	214.904	1.120919	3.832301	1.678423
18840	-1258.508	-1473.112	214.6047	0.9958732	3.681099	2.006755
18846	-1252.547	-1466.154	213.6064	1.035276	4.976998	2.362056
18852	-1247.766	-1461.818	214.052	0.8998979	3.670538	2.428293
18858	-1258.648	-1472.761	214.1132	0.8511422	3.609805	2.434403
18864	-1250.808	-1465.059	214.2506	0.9733565	3.328493	2.337427
18870	-1239.931	-1453.843	213.912	0.9141247	4.188216	2.39603
18876	-1249.858	-1464.591	214.7338	0.9777217	3.015465	2.104861
18882	-1261.03	-1472.955	211.9245	0.9251297	2.95068	3.851779
18888	-1255.742	-1467.884	212.1421	0.7703657	2.836681	3.844352
18894	-1250.777	-1463.535	212.7579	0.9345847	2.898561	3.375663
18900	-1256.709	-1469.218	212.5095	0.6074677	3.141162	3.651423
18906	-1271.913	-1485.048	213.1348	0.912498	2.861187	3.175995
18912	-1252.72	-1466.205	213.4849	0.9180059	3.084172	2.90606
18918	-1251.788	-1465.889	214.101	0.9879334	4.221785	2.221305
18924	-1252.082	-1466.356	214.274	1.100358	3.174464	2.280596
18930	-1245.942	-1460.626	214.684	1.065848	2.988662	2.087164
18936	-1251.581	-1465.989	214.4077	1.01599	3.255391	2.227994
18942	-1258.496	-1472.982	214.4855	1.234	3.322351	2.017179
18948	-1249.593	-1464.788	215.1957	1.230093	3.523455	1.466012
18954	-1253.687	-1468.796	215.1094	1.151435	3.332274	1.641578
18960	-1260.537	-1474.942	214.4057	1.162028	3.190705	2.151482
18966	-1248.517	-1462.888	214.3709	1.064576	3.547309	2.147675
18972	-1251.189	-1465.915	214.7257	1.123503	3.569496	1.866552
18978	-1256.798	-1471.209	214.4117	1.123503	3.288563	2.147209
18984	-1262.426	-1476.669	214.2434	1.125706	3.731973	2.147209
18990	-1263.41	-1477.645	214.2347	1.006492	2.823416	2.459606
18996	-1266.56	-1480.605	214.0444	0.8564152	3.362862	2.532363
19002	-1266.845	-1480.624	213.779	0.9339497	3.362862	2.648786
19008	-1264.69	-1477.813	213.1231	0.9084611	2.935865	3.165991
19014	-1273.258	-1486.317	213.0596	0.7655613	2.935865	3.288077
19020	-1263.596	-1477.069	213.4731	0.8795637	3.878365	2.75425
19026	-1255.341	-1469.189	213.8485	1.008174	2.925005	2.670708
19032	-1252.718	-1467.035	214.3176	0.9565344	3.136838	2.354254
19038	-1250.052	-1462.241	212.1897	0.7816775	3.28522	3.702145
19044	-1243.358	-1457.666	214.3082	0.9965117	2.816768	2.421512
19050	-1251.246	-1465.813	214.5665	1.231289	3.41878	1.939834
19056	-1255.115	-1470.36	215.2445	1.436088	3.538731	1.260164
19062	-1247.526	-1462.579	215.0526	1.386041	4.313506	1.240599
19068	-1261.325	-1476.145	214.82	1.386041	3.834237	1.546649
19074	-1260.404	-1475.125	214.7202	1.241798	3.834237	1.722563
19080	-1260.896	-1476.144	215.248	1.157431	3.785616	1.408822
19086	-1261.16	-1476.131	214.9707	1.322685	4.502958	1.311512
19092	-1249.396	-1464.489	215.0935	1.460491	4.649676	1.045977
19098	-1254.105	-1469.691	215.5858	1.542467	3.379793	0.8957012
19104	-1256.016	-1469.391	213.3749	0.969343	4.713744	2.595848
19110	-1259.93	-1474.001	214.0714	1.136914	3.376738	2.33546
19116	-1272.448	-1486.832	214.3844	1.267907	2.551954	2.278903
19122	-1264.506	-1478.904	214.3975	1.101001	2.886243	2.278903
19128	-1266.384	-1479.72	213.3365	0.8324924	2.946988	3.081318
19134	-1256.14	-1470.966	214.8254	1.158786	4.107466	1.640905
19140	-1261.23	-1476.133	214.9036	1.104359	4.050119	1.637442
19146	-1262.888	-1477.653	214.7654	1.096284	4.889122	1.555718
19152	-1254.261	-1467.875	213.614	0.8134477	3.475132	2.797329
19158	-1244.875	-1458.414	213.5388	0.8905216	3.931263	2.696175
19164	-1249.947	-1464.172	214.2251	1.063822	3.160929	2.338616
19170	-1248.725	-1463.439	214.7144	0.998607	4.163024	1.818864
19176	-1246.764	-1460.943	214.1788	0.8983395	4.437926	2.184834
19182	-1243.838	-1457.84	214.0017	1.055731	4.08438	2.270421
19188	-1248.567	-1463.212	214.6443	1.238124	4.427293	1.64059
19194	-1245.793	-1459.966	214.1736	1.123028	5.265412	1.881057
19200	-1236.262	-1450.641	214.3792	1.046336	5.917892	1.675099
19206	-1243.796	-1457.919	214.1236	1.173863	5.80089	1.785456
19212	-1241.392	-1455.818	214.4258	0.9768589	5.039074	1.850956
19218	-1246.823	-1461.833	215.0102	1.044525	3.632818	1.707741
19224	-1256.474	-1471.08	214.6056	1.384497	4.438155	1.559829
19230	-1252.419	-1468.043	215.6242	1.384497	2.74939	1.256834
19236	-1266.337	-1481.461	215.1248	1.299498	3.389705	1.505396
19242	-1269.026	-1482.985	213.9598	1.09779	3.301955	2.449147
19248	-1263.948	-1478.341	214.3935	1.082381	3.913523	2.035363
19254	-1251.085	-1464.611	213.5265	0.8735354	4.673738	2.568629
19260	-1259.685	-1473.652	213.9673	0.9371572	3.391136	2.523303
19266	-1262.833	-1476.725	213.8918	0.942682	4.041045	2.421306
19272	-1256.146	-1470.276	214.1298	1.122136	4.192759	2.121549
19278	-1258.576	-1472.486	213.9108	1.034554	3.851719	2.391982
19284	-1270.159	-1482.417	212.2582	0.9726384	3.889891	3.421672
19290	-1281.653	-1495.654	214.0012	0.9493842	3.342479	2.506272
19296	-1273.824	-1487.952	214.1282	1.145748	3.474232	2.269772
19302	-1267.408	-1481.897	214.4888	1.138718	3.627131	2.001798
19308	-1255.422	-1469.509	214.0868	1.199792	4.043629	2.130923
19314	-1248.642	-1462.984	214.3417	1.12393	4.841545	1.846188
19320	-1248.292	-1462.064	213.7727	1.134324	3.736124	2.441784
19326	-1250.008	-1463.663	213.6552	1.167765	4.321822	2.370935
19332	-1251.398	-1465.466	214.0672	1.154846	3.973791	2.188207
19338	-1254.625	-1468.619	213.994	0.9245196	4.449832	2.284665
19344	-1248.946	-1462.943	213.9975	0.9119276	4.132624	2.354705
19350	-1249.901	-1464.876	214.9742	1.414249	3.343895	1.545244
19356	-1265.005	-1480.373	215.368	1.240619	3.77005	1.250266
19362	-1253.733	-1468.424	214.6911	1.230609	4.248651	1.652819
19368	-1251.068	-1465.297	214.2289	1.073445	4.58346	2.007765
19374	-1250.712	-1464.516	213.8037	0.9225346	5.2832	2.254428
19380	-1250.25	-1464.531	214.2811	1.116403	5.361713	1.794162
19386	-1242.508	-1457.032	214.5247	1.011155	3.925927	1.992645
19392	-1241.94	-1456.163	214.2231	1.042894	4.782971	1.992645
19398	-1245.832	-1460.045	214.2124	1.102573	4.774629	1.961478
19404	-1242.665	-1456.892	214.2269	1.361066	4.902449	1.749299
19410	-1248.593	-1462.342	213.7484	1.026129	6.248399	2.066091
19416	-1250.146	-1464.757	214.6107	1.244411	5.162527	1.50391
19422	-1257.811	-1472.429	214.6182	1.258929	4.466502	1.635718
19428	-1262.191	-1477.046	214.8546	1.258929	4.993066	1.340701
19434	-1260.866	-1475.779	214.9129	1.243931	5.115319	1.278182
19440	-1252.741	-1467.74	214.9991	1.334668	4.789542	1.207235
19446	-1255.364	-1470.605	215.2411	1.311225	3.848604	1.274112
19452	-1247.669	-1461.944	214.2751	0.9656343	5.504933	1.87609
19458	-1246.087	-1460.8	214.7137	0.9831968	3.960488	1.87609
19464	-1246.347	-1459.782	213.4343	0.9333724	3.261748	2.883735
19470	-1249.77	-1462.981	213.2106	0.8471655	3.653141	2.981068
19476	-1249.366	-1463.602	214.2361	1.054607	3.23531	2.318394
19482	-1248.222	-1462.461	214.2394	1.0029	3.358244	2.318394
19488	-1249.838	-1463.796	213.9581	0.9836888	4.208627	2.318394
19494	-1254.945	-1469.338	214.393	1.053708	4.566207	1.914366
19500	-1243.889	-1458.713	214.8241	1.111385	4.787144	1.522856
19506	-1255.409	-1470.184	214.7745	1.129018	3.821151	1.766758
19512	-1263.645	-1477.502	213.8571	0.9486833	3.224341	2.625166
19518	-1265.432	-1479.114	213.6815	0.9843398	3.589114	2.625166
19524	-1251.194	-1465.378	214.1838	1.063158	4.176877	2.12817
19530	-1238.574	-1453.022	214.4477	0.9575131	3.448436	2.191446
19536	-1241.361	-1454.898	213.537	0.9443585	3.845504	2.682369
19542	-1255.87	-1470.104	214.2342	0.9624424	3.908069	2.219082
19548	-1253.258	-1467.352	214.0941	0.8865504	4.368808	2.260966
19554	-1251.333	-1465.372	214.0391	1.055654	3.924251	2.281069
19560	-1250.107	-1463.033	212.9257	0.7444834	3.783187	3.184638
19566	-1253.791	-1466.326	212.5352	0.8352528	3.783187	3.36157
19572	-1263.746	-1478.394	214.6477	1.158578	3.399991	1.939
19578	-1258.102	-1472.963	214.8612	1.264598	3.346112	1.733675
19584	-1244.261	-1458.229	213.9678	0.9732318	3.96199	2.370795
19590	-1248.829	-1462.756	213.927	0.77437	3.96199	2.521413
19596	-1249.154	-1463.079	213.9252	0.9431656	3.619582	2.492327
19602	-1254.75	-1467.353	212.6032	0.6872476	3.458067	3.477968
19608	-1251.849	-1464.41	212.5609	0.6208492	2.669997	3.732916
19614	-1251.447	-1462.377	210.9303	0.6031762	3.070502	4.569974
19620	-1267.764	-1482.751	214.9866	1.065354	3.132338	1.844224
19626	-1263.391	-1476.341	212.9493	0.7898314	4.28521	3.043504
19632	-1266.685	-1479.874	213.1891	0.8621963	3.417684	3.037487
19638	-1266.42	-1479.366	212.9454	0.9084858	3.910736	3.048892
19644	-1257.766	-1471.573	213.8072	1.025004	3.257416	2.600648
19650	-1243.791	-1457.628	213.8366	0.9653392	3.609588	2.536098
19656	-1246.098	-1460.273	214.1745	0.9957716	3.263485	2.387746
19662	-1251.859	-1465.287	213.4284	0.9059138	3.799718	2.782144
19668	-1248.948	-1462.381	213.433	0.6451223	4.06096	2.88351
19674	-1247.141	-1460.94	213.7992	0.729654	2.87659	2.88351
19680	-1248.816	-1462.646	213.8306	0.7123893	4.034994	2.604525
19686	-1242.406	-1456.266	213.8604	0.6955379	3.074731	2.815686
19692	-1257.127	-1469.867	212.7398	0.6685014	3.156984	3.478224
19698	-1261.142	-1474.97	213.8284	0.9383434	2.888132	2.735714
19704	-1253.629	-1467.879	214.2502	0.9969273	3.319041	2.325062
19710	-1261.604	-1474.763	213.1591	0.7988985	3.466824	3.082092
19716	-1258.457	-1472.402	213.9455	0.9633218	2.629876	2.720635
19722	-1256.036	-1470.048	214.0124	0.8439408	3.461968	2.536405
19728	-1263.863	-1477.525	213.6622	0.9758946	3.649676	2.628615
19734	-1258.009	-1472.284	214.2748	1.010429	4.668497	2.002235
19740	-1272.26	-1486.937	214.6767	1.293497	4.600219	1.538105
19746	-1257.709	-1473.031	215.3216	1.361509	3.965366	1.127597
19752	-1257.29	-1472.867	215.5767	1.708757	3.264343	0.7528904
19758	-1252.725	-1467.77	215.0453	1.62236	4.764606	0.8933557
19764	-1252.231	-1467.554	215.3232	1.62236	3.990406	0.8520817
19770	-1255.182	-1470.322	215.1407	1.62236	3.990406	1.045675
19776	-1237.992	-1453.125	215.1328	1.263206	3.938175	1.374919
19782	-1242.078	-1455.921	213.8436	1.149286	5.046468	2.123509
19788	-1242.021	-1456.641	214.62	1.235952	3.748942	1.817361
19794	-1253.685	-1468.994	215.3088	1.320359	3.856104	1.207557
19800	-1256.969	-1472.296	215.3274	1.533823	3.831761	1.002905
19806	-1250.78	-1466.352	215.5721	1.646457	3.110405	0.9149274
19812	-1249.016	-1464.291	215.2745	1.58339	4.089553	0.9149274
19818	-1258.434	-1473.533	215.0989	1.58339	4.54919	0.9474354
19824	-1259.696	-1474.654	214.9583	1.518895	3.978515	1.29912
19830	-1257.242	-1469.998	212.755	0.8299797	3.275074	3.346889
19836	-1259.792	-1471.974	212.1829	0.5773338	2.847654	3.928893
19842	-1243.955	-1457.745	213.7896	0.7853103	2.811047	2.873265
19848	-1245.709	-1459.53	213.821	0.8619506	2.811047	2.807653
19854	-1258.244	-1473.692	215.4474	1.526553	3.553311	0.9902418
19860	-1241.328	-1455.273	213.9447	1.122919	3.386988	2.422034
19866	-1248.918	-1462.945	214.0266	0.948753	3.386988	2.479987
19872	-1238.037	-1452.27	214.2321	1.061795	2.581666	2.496575
19878	-1243.336	-1458.198	214.8616	1.123061	3.154766	1.883917
19884	-1240.699	-1455.475	214.7768	1.123061	3.541787	1.83892
19890	-1242.409	-1455.952	213.5431	0.8638859	2.64154	3.021216
19896	-1249.666	-1462.79	213.1242	0.6870786	2.596009	3.387005
19902	-1252.588	-1465.367	212.779	0.8048476	3.889461	3.213871
19908	-1257.357	-1470.652	213.2951	0.7068078	3.802931	2.982532
19914	-1256.601	-1470.424	213.8239	0.8068036	2.938231	2.80543
19920	-1255.683	-1468.914	213.2312	0.8370531	3.293929	3.056107
19926	-1242.378	-1456.335	213.9566	0.9541193	3.194791	2.567552
19932	-1246.074	-1460.2	214.1266	0.8767966	3.864575	2.352365
19938	-1251.941	-1466.276	214.3352	0.9726542	2.671949	2.461115
19944	-1252.979	-1466.9	213.9215	0.9575102	3.728205	2.461115
19950	-1250.356	-1464.17	213.8139	1.026523	3.837784	2.461115
19956	-1248.191	-1461.949	213.7578	1.013503	2.564416	2.823555
19962	-1254.021	-1468.305	214.2835	0.9866838	3.909451	2.171164
19968	-1250.795	-1465.366	214.5712	1.063617	3.746474	1.968222
19974	-1240.426	-1455.228	214.8021	1.264918	3.505767	1.732148
19980	-1244.767	-1459.99	215.2237	1.31072	4.088413	1.221243
19986	-1246.223	-1460.675	214.4515	1.197024	4.112433	1.874424
19992	-1245.299	-1459.216	213.9177	1.066901	3.716958	2.397179
19998	-1237.201	-1451.427	214.2259	0.8852077	3.441815	2.381325
20004	-1239.727	-1453.134	213.4076	0.8736307	3.278982	2.931823
20010	-1252.188	-1466.226	214.0383	1.117432	4.798124	2.062911
20016	-1260.08	-1474.409	214.3298	0.990337	3.657491	2.196354
20022	-1232.418	-1445.728	213.3098	0.8994172	3.247971	2.982566
20028	-1239.09	-1453.083	213.9935	0.7234053	3.98071	2.507726
20034	-1232.247	-1445.513	213.2664	0.8502363	3.918871	2.889185
20040	-1241.982	-1455.861	213.8795	0.9963875	3.250693	2.575271
20046	-1257.163	-1471.641	214.478	0.9963875	3.950746	2.027922
20052	-1251.571	-1466.223	214.6528	1.080232	4.01699	1.838297
20058	-1248.589	-1462.879	214.2902	0.9890595	4.119245	2.119373
20064	-1254.289	-1468.92	214.6304	1.005935	4.393951	1.820986
20070	-1253.663	-1467.502	213.8389	1.00456	2.624045	2.762293
20076	-1260.084	-1473.467	213.3833	0.974951	2.52575	3.083494
20082	-1246.354	-1459.514	213.1597	0.7266712	2.737995	3.303862
20088	-1241.567	-1455.016	213.4496	0.6576233	3.005602	3.103173
20094	-1244.069	-1457.322	213.2534	0.9368463	2.883167	3.085175
20100	-1243.692	-1457.7	214.0075	0.9253725	2.619693	2.708874
20106	-1254.86	-1468.508	213.6487	0.9091894	3.007884	2.831598
20112	-1259.09	-1472.683	213.5928	0.893329	3.18082	2.831598
20118	-1258.519	-1471.165	212.6456	0.7337338	3.491226	3.418641
20124	-1257.595	-1470.849	213.2542	0.8743202	3.188886	3.045121
20130	-1250.779	-1464.637	213.858	0.9940785	3.880972	2.444387
20136	-1243.648	-1457.741	214.0925	1.064899	3.987802	2.226942
20142	-1256.044	-1470.109	214.065	0.9164948	4.252276	2.284098
20148	-1266.332	-1480.472	214.1404	0.9164948	4.068321	2.274178
20154	-1256.101	-1469.525	213.4248	1.015936	3.991768	2.676538
20160	-1249.944	-1464.532	214.5877	1.334931	5.05585	1.475214
20166	-1240.71	-1455.023	214.3129	1.009526	3.258208	2.292273
20172	-1241.32	-1456.005	214.6852	0.9560402	3.633782	1.991019
20178	-1253.667	-1467.298	213.6308	0.9560402	3.319404	2.736596
20184	-1245.04	-1459.321	214.2813	1.012088	2.889769	2.408322
20190	-1251.176	-1464.862	213.6857	0.8334994	3.575776	2.718376
20196	-1240.307	-1454.188	213.8811	0.9137268	3.245907	2.626642
20202	-1249.475	-1464.137	214.6614	1.002859	3.576944	1.989551
20208	-1246.416	-1460.845	214.4298	1.117271	3.782303	2.018333
20214	-1254.233	-1468.879	214.6463	1.182148	5.604134	1.435705
20220	-1255.404	-1470.167	214.7633	1.129606	3.190925	1.936133
20226	-1261.454	-1475.745	214.2912	1.095566	3.147454	2.279679
20232	-1258.861	-1473.263	214.4023	1.103158	3.051868	2.228843
20238	-1257.055	-1471.366	214.3116	1.118464	3.322075	2.206887
20244	-1248.272	-1461.287	213.0154	0.7899055	3.636056	3.135694
20250	-1258.334	-1473.671	215.3369	1.528724	3.902667	0.9735833
20256	-1259.574	-1474.917	215.3431	1.483764	4.01706	0.9735833
20262	-1254.634	-1469.642	215.0085	1.483764	4.29072	1.201294
20268	-1254.921	-1470.151	215.2297	1.483764	3.867021	1.130569
20274	-1250.352	-1465.218	214.8661	1.510565	4.820011	1.162473
20280	-1263.01	-1478.303	215.2929	1.561037	4.054535	0.9319183
20286	-1248.575	-1464.185	215.6097	1.657239	2.938833	0.9410073
20292	-1254.889	-1470.197	215.3081	1.657239	3.653143	0.9615739
20298	-1273.128	-1488.662	215.5341	1.575883	3.377514	0.9171244
20304	-1256.232	-1470.922	214.6904	0.9836061	3.036764	2.123551
20310	-1271.14	-1486.205	215.065	1.644387	3.649918	1.201449
20316	-1255.381	-1470.578	215.1974	1.58338	3.663085	1.134867
20322	-1255.002	-1470.444	215.4418	1.649312	3.493259	0.8888563
20328	-1262.494	-1477.718	215.224	1.728668	3.8844	0.8862463
20334	-1265.108	-1478.625	213.5175	0.7632458	3.556239	2.867978
20340	-1262.422	-1476.207	213.7854	0.7861814	3.268414	2.758207
20346	-1254.569	-1468.326	213.7566	1.005356	3.600171	2.56312
20352	-1256.378	-1470.265	213.8864	0.9437562	3.267591	2.599458
20358	-1257.495	-1471.862	214.3668	1.074129	4.011151	2.036518
20364	-1254.454	-1468.696	214.2415	1.085664	3.595702	2.206376
20370	-1262.775	-1476.462	213.6869	0.9842105	3.036426	2.755302
20376	-1257.696	-1471.78	214.0838	0.7796045	3.414602	2.543221
20382	-1256.79	-1469.739	212.9481	0.7020749	3.086854	3.353441
20388	-1276.598	-1489.412	212.8135	0.7700931	3.399933	3.319096
20394	-1268.559	-1482.082	213.5236	0.9427964	3.399933	2.791029
20400	-1256.655	-1470.2	213.5451	0.9427964	3.666525	2.717272
20406	-1276.074	-1490.156	214.0821	1.005447	2.944906	2.522425
20412	-1256.489	-1471.702	215.2124	1.728359	4.398023	0.6628678
20418	-1251.472	-1466.636	215.164	1.744613	4.398023	0.7209533
20424	-1253.647	-1469.292	215.645	1.764644	3.119155	0.6348511
20430	-1260.474	-1475.845	215.3704	1.777908	3.748259	0.679053
20436	-1259.74	-1474.909	215.1688	1.754134	4.197597	0.7936003
20442	-1243.21	-1458.515	215.3051	1.681579	4.004295	0.7936003
20448	-1250.362	-1465.8	215.4373	1.813079	3.280045	0.7936003
20454	-1270.994	-1484.092	213.098	0.8064373	2.531687	3.350454
20460	-1265.754	-1481.674	215.9204	1.632308	2.709173	0.7050102
20466	-1256.833	-1472.733	215.8997	1.70513	2.597918	0.7050102
20472	-1255.079	-1470.923	215.8436	1.698653	2.597918	0.7987197
20478	-1255.474	-1470.982	215.5081	1.59882	3.348856	0.9324719
20484	-1243.382	-1458.616	215.2342	1.618135	4.424656	0.7917516
20490	-1246.332	-1461.652	215.3199	1.357171	3.846934	1.168974
20496	-1243.311	-1458.283	214.9715	1.256511	3.503896	1.617873
20502	-1249.538	-1464.433	214.8949	1.383306	4.733554	1.267556
20508	-1259.977	-1474.827	214.85	1.274635	5.706017	1.174153
20514	-1256.09	-1470.142	214.0521	1.029744	4.41919	2.185569
20520	-1257.762	-1472.513	214.7506	1.029744	3.915617	1.829389
20526	-1254.114	-1468.059	213.9446	1.019885	4.887132	2.171307
20532	-1254.059	-1467.96	213.9017	1.244045	4.446115	2.138556
20538	-1250.15	-1464.337	214.1864	0.9043662	3.684003	2.337387
20544	-1247.659	-1462.176	214.5166	0.803485	4.381601	2.037081
20550	-1249.83	-1464.102	214.2715	1.235703	4.339685	1.92068
20556	-1246.153	-1460.515	214.3615	1.060553	4.433557	1.958351
20562	-1241.451	-1455.829	214.3779	1.156317	4.433557	1.882476
20568	-1243.252	-1457.502	214.2493	1.015721	3.900807	2.17644
20574	-1246.62	-1461.376	214.7559	1.182762	4.458303	1.592974
20580	-1237.107	-1451.324	214.2169	1.123754	4.15002	2.072427
20586	-1242.349	-1456.879	214.5297	1.03459	4.597022	1.827818
20592	-1243.024	-1457.576	214.5521	0.9029615	3.605512	2.120843
20598	-1246.078	-1459.671	213.593	0.9806967	3.830236	2.62874
20604	-1233.72	-1447.918	214.1979	1.03482	3.595412	2.267252
20610	-1246.44	-1460.397	213.9573	0.9791752	4.139695	2.336095
20616	-1257.672	-1470.574	212.9018	0.7968542	3.731472	3.178634
20622	-1254.89	-1468.076	213.1864	0.8303899	3.345701	3.07475
20628	-1250.455	-1463.896	213.4418	0.8434478	3.278507	2.929511
20634	-1243.43	-1456.136	212.7056	0.7787568	3.578268	3.337981
20640	-1250.489	-1463.342	212.8529	0.9196736	3.578268	3.167718
20646	-1247.745	-1460.449	212.7037	1.027283	3.021148	3.322094
20652	-1241.777	-1454.619	212.8412	0.8615167	3.088713	3.322094
20658	-1244.484	-1457.362	212.8775	0.6532477	3.371303	3.356639
20664	-1241.855	-1456.082	214.2271	0.9587054	3.649435	2.284721
20670	-1243.34	-1457.529	214.1886	0.8729046	3.20146	2.471845
20676	-1254.339	-1468.898	214.5592	1.038046	4.007375	1.9329
20682	-1242.005	-1456.259	214.2533	1.077482	4.227636	2.062356
20688	-1234.993	-1449.203	214.21	1.077482	4.943694	1.94731
20694	-1232.795	-1447.691	214.8963	1.165718	4.064347	1.594857
20700	-1233.055	-1447.425	214.3697	1.108499	4.930818	1.819945
20706	-1240.889	-1454.931	214.0429	1.160904	3.822262	2.233628
20712	-1240.161	-1454.779	214.6177	0.9476186	4.557562	1.835264
20718	-1242.038	-1456.597	214.5589	1.192853	3.580523	1.929953
20724	-1249.321	-1463.372	214.0512	1.19223	3.782257	2.21714
20730	-1246.893	-1461.585	214.6917	1.01772	3.14113	2.071859
20736	-1249.482	-1464.003	214.5205	1.121122	3.310287	2.071859
20742	-1242.792	-1457.83	215.0384	1.339178	3.645783	1.468498
20748	-1239.008	-1454.113	215.1047	1.267921	3.250088	1.584027
20754	-1244.959	-1460.141	215.182	1.354718	4.03773	1.233492
20760	-1242.507	-1457.208	214.7009	1.376262	4.673547	1.441106
20766	-1242.407	-1456.897	214.4899	1.189352	5.172879	1.630937
20772	-1238.352	-1452.686	214.3347	0.9991622	4.918302	1.920928
20778	-1246.095	-1460.567	214.4723	1.064172	4.246422	1.920928
20784	-1240.542	-1454.905	214.3624	1.150342	3.991474	1.993202
20790	-1238.801	-1453.652	214.8518	1.198959	3.632949	1.710474
20796	-1239.336	-1453.604	214.2685	1.095945	3.282378	2.259224
20802	-1247.798	-1462.205	214.4061	1.025648	3.606783	2.135802
20808	-1251.7	-1466.32	214.6205	1.113682	3.413195	1.983975
20814	-1241.529	-1455.909	214.3796	1.225042	4.456735	1.829374
20820	-1244.529	-1458.777	214.2485	1.051485	5.037762	1.92109
20826	-1242.674	-1457.228	214.5543	1.094305	4.105165	1.875996
20832	-1245.408	-1459.704	214.2952	1.146711	4.772802	1.875996
20838	-1241.33	-1455.361	214.0308	0.94642	4.109152	2.316488
20844	-1252.382	-1467.125	214.7431	1.002099	4.309797	1.763794
20850	-1259.763	-1474.105	214.3426	1.159831	4.817657	1.825618
20856	-1249.467	-1463.984	214.5172	1.010737	4.512107	1.870323
20862	-1235.705	-1450.145	214.4407	1.022666	4.512107	1.914185
20868	-1246.947	-1461.402	214.455	0.8818192	5.362893	1.835787
20874	-1237.662	-1452.418	214.7564	1.14981	3.80437	1.768944
20880	-1250.037	-1465.066	215.0292	1.20213	3.236156	1.689743
20886	-1236.885	-1451.859	214.9741	1.087918	4.283556	1.542544
20892	-1248.07	-1462.575	214.5048	1.102066	4.175751	1.888706
20898	-1250.903	-1465.58	214.6771	1.102066	4.350366	1.73105
20904	-1257.071	-1472.072	215.001	1.236801	3.181491	1.700749
20910	-1257.842	-1472.26	214.4188	1.306885	4.666259	1.700749
20916	-1241.927	-1456.762	214.8345	1.330104	3.779755	1.591096
20922	-1250.311	-1464.75	214.4393	1.390535	3.996632	1.776149
20928	-1251.84	-1466.872	215.0321	1.505645	3.686581	1.332395
20934	-1244.914	-1459.502	214.5881	1.505645	4.619491	1.440722
20940	-1247.875	-1463.081	215.2063	1.485587	3.918521	1.13401
20946	-1250.295	-1465.329	215.0337	1.486243	4.43825	1.136672
20952	-1242.516	-1457.869	215.3529	1.695485	3.733994	0.8348772
20958	-1247.76	-1462.848	215.0886	1.695485	4.577951	0.8199523
20964	-1245.322	-1460.433	215.1104	1.652263	4.694436	0.8026033
20970	-1244.62	-1457.635	213.0151	0.7013495	3.214451	3.283759
20976	-1247.098	-1460.75	213.6525	0.7722564	3.673934	2.754248
20982	-1238.647	-1452.313	213.666	0.6411363	4.393174	2.678653
20988	-1235.76	-1449.39	213.6298	0.8879576	4.54266	2.519805
20994	-1236.241	-1449.81	213.5686	0.904223	4.677197	2.522684
21000	-1250.209	-1463.132	212.9229	0.8484819	4.020237	3.075984
21006	-1243.546	-1457.659	214.1124	0.929205	3.750949	2.353389
21012	-1252.208	-1465.144	212.9364	0.8896102	3.196393	3.223303
21018	-1243.736	-1457.641	213.9044	1.046617	3.366783	2.500081
21024	-1237.682	-1451.688	214.0064	0.908198	3.626335	2.461874
21030	-1234.734	-1449.06	214.3258	1.014281	3.626335	2.190804
21036	-1241.856	-1455.919	214.0635	0.9952161	3.960419	2.296226
21042	-1235.045	-1449.282	214.2375	1.097908	3.233877	2.290205
21048	-1237.523	-1451.786	214.2625	0.9204861	3.781295	2.256282
21054	-1239.379	-1453.08	213.7011	0.7460986	4.629994	2.547391
21060	-1252.32	-1467.548	215.2282	1.300758	3.810516	1.304068
21066	-1253.335	-1468.315	214.9795	1.303557	4.56637	1.304287
21072	-1243.075	-1456.646	213.5712	0.8543822	4.909487	2.51006
21078	-1235.686	-1449.626	213.9401	0.7977777	4.472016	2.395136
21084	-1243.606	-1457.624	214.0182	0.751731	5.310896	2.221509
21090	-1226.95	-1440.743	213.7923	0.9743012	4.25158	2.420678
21096	-1246.442	-1460.756	214.3134	1.12143	3.587543	2.138431
21102	-1242.1	-1456.856	214.7556	1.317955	3.299849	1.782842
21108	-1248.159	-1462.731	214.5714	1.008089	3.78511	1.996118
21114	-1251.484	-1465.403	213.9187	1.024949	3.78511	2.407753
21120	-1254.057	-1468.652	214.5943	1.207927	4.394253	1.705097
21126	-1256.413	-1470.877	214.4642	1.391188	3.577414	1.860335
21132	-1255.261	-1469.781	214.5196	1.117747	3.244371	2.09185
21138	-1266.395	-1480.409	214.0139	0.8688438	3.075389	2.615241
21144	-1266.444	-1479.228	212.7841	0.898595	5.129799	2.927657
21150	-1265.757	-1478.792	213.0346	0.7492669	3.208367	3.24536
21156	-1270.832	-1484.426	213.5943	0.7341	4.55335	2.635261
21162	-1262.214	-1476.211	213.9977	1.041124	4.765236	2.145855
21168	-1253.591	-1467.59	213.9992	1.060966	4.703643	2.14371
21174	-1247.171	-1461.793	214.6226	1.077344	4.777548	1.695776
21180	-1259.077	-1473.323	214.2461	1.158254	5.885727	1.695776
21186	-1256.196	-1470.462	214.2651	1.192103	3.862744	2.059272
21192	-1265.783	-1479.972	214.1892	1.112852	3.799534	2.17525
21198	-1263.338	-1477.738	214.4004	1.037522	3.761139	2.0954
21204	-1239.5	-1454.327	214.8276	1.104316	4.219663	1.652185
21210	-1227.235	-1442.51	215.2749	1.371724	3.052369	1.439599
21216	-1238.913	-1453.717	214.8036	1.141492	4.285236	1.627573
21222	-1249.62	-1463.932	214.3122	1.012145	3.509291	2.228854
21228	-1253.942	-1467.91	213.9685	0.7937551	2.899442	2.735443
21234	-1248.732	-1462.883	214.1508	1.075309	2.599131	2.533674
21240	-1243.816	-1457.471	213.6554	1.024345	3.510831	2.634491
21246	-1247.516	-1461.164	213.6485	0.9027838	3.867882	2.634491
21252	-1252.131	-1465.379	213.2481	0.8118121	4.227438	2.861582
21258	-1249.002	-1462.928	213.9254	0.7821789	5.745567	2.189239
21264	-1244.475	-1457.706	213.2312	0.7386484	3.866821	2.988452
21270	-1248.849	-1462.465	213.6156	0.7386484	3.932752	2.741843
21276	-1250.23	-1464.679	214.449	0.7370163	3.932752	2.220512
21282	-1243.684	-1458.181	214.4968	1.030574	4.251723	1.925926
21288	-1251.756	-1466.203	214.447	1.103506	3.258251	2.145068
21294	-1250.262	-1464.974	214.7115	1.202391	4.921623	1.510146
21300	-1247.302	-1462.09	214.7886	1.261408	3.512209	1.742359
21306	-1246.193	-1460.526	214.333	1.161001	3.632251	2.088907
21312	-1242.539	-1457.028	214.4882	1.053422	3.372131	2.121682
21318	-1243.503	-1457.211	213.7078	1.08686	3.410115	2.586984
21324	-1251.884	-1464.67	212.7859	0.6543959	3.869881	3.302651
21330	-1230.72	-1444.144	213.4242	0.9288879	3.480216	2.841347
21336	-1243.555	-1457.276	213.7215	0.8542048	3.368326	2.731759
21342	-1240.328	-1453.689	213.361	0.8162259	3.846525	2.867632
21348	-1242.519	-1455.972	213.4531	0.9017574	3.098151	2.931502
21354	-1246.689	-1459.725	213.036	0.8949156	4.268771	2.931502
21360	-1243.675	-1456.705	213.0299	0.813127	4.232724	2.991318
21366	-1234.31	-1447.634	213.3237	1.098783	4.140517	2.657381
21372	-1252.076	-1465.785	213.7092	0.8811821	3.404375	2.714261
21378	-1252.479	-1465.5	213.0201	0.9023239	4.046175	2.980324
21384	-1264.269	-1477.935	213.6659	0.8089563	3.74725	2.707548
21390	-1260.231	-1474.012	213.7818	0.8075192	4.066641	2.569286
21396	-1259.303	-1473.031	213.7277	0.9149635	3.289988	2.709472
21402	-1242.531	-1457.227	214.6959	1.219109	3.579943	1.818764
21408	-1247.013	-1461.139	214.1256	1.006662	3.579943	2.335098
21414	-1242.885	-1457.264	214.3795	1.058044	4.447616	1.945004
21420	-1257.846	-1472.027	214.1812	1.018845	3.873484	2.224579
21426	-1254.246	-1467.461	213.2153	0.7704915	3.687908	3.01671
21432	-1257.453	-1471.579	214.1257	1.19523	4.091538	2.09803
21438	-1250.251	-1464.84	214.5891	1.18098	3.211387	2.012801
21444	-1253.66	-1467.771	214.1109	0.9779844	3.676782	2.340233
21450	-1253.639	-1468.167	214.5273	1.176789	3.560307	1.967042
21456	-1261.527	-1475.441	213.9136	1.126766	4.50304	2.195688
21462	-1263.128	-1477.646	214.5174	1.045606	4.60273	1.827532
21468	-1250.469	-1465.05	214.5817	1.140824	4.747145	1.686048
21474	-1242.602	-1457.364	214.7624	1.069815	3.573388	1.877191
21480	-1244.992	-1459.387	214.3951	1.053016	4.745592	1.877191
21486	-1262.791	-1477.72	214.9289	1.175098	4.017891	1.575587
21492	-1246.908	-1461.958	215.0501	1.532868	5.142883	0.8675866
21498	-1236.417	-1450.916	214.4988	1.025395	4.922416	1.789835
21504	-1238.551	-1452.331	213.7796	0.817773	4.497718	2.478573
21510	-1241.475	-1454.482	213.0066	0.8073202	4.13487	3.027809
21516	-1244.117	-1457.249	213.1314	0.796405	4.336447	2.920413
21522	-1251.545	-1464.436	212.8909	0.7315422	4.574089	3.059801
21528	-1254.224	-1467.606	213.3828	0.7893424	4.673622	2.709214
21534	-1256.165	-1469.597	213.4315	0.8432796	4.337656	2.709214
21540	-1262.561	-1477.147	214.586	1.132138	4.210448	1.804682
21546	-1242.819	-1457.943	215.124	1.243932	4.237329	1.318561
21552	-1245.822	-1460.565	214.7425	1.351536	4.671194	1.428655
21558	-1236.357	-1451.058	214.7002	1.347774	3.614502	1.717226
21564	-1238.856	-1453.622	214.7665	1.186379	4.767893	1.51407
21570	-1250.23	-1464.252	214.0216	0.9721032	4.085204	2.31101
21576	-1248.503	-1461.736	213.2332	0.8946028	3.0663	3.075697
21582	-1255.168	-1469.764	214.5967	1.082671	5.427305	1.581484
21588	-1245.685	-1459.703	214.0182	1.107029	4.563238	2.128589
21594	-1243.913	-1458.17	214.2569	1.107029	3.827505	2.128589
21600	-1251.782	-1466.311	214.5284	1.248017	5.231897	1.548392
21606	-1250.242	-1465.029	214.7867	1.211023	4.463874	1.548392
21612	-1254.076	-1467.291	213.2154	0.8905346	4.385722	2.803163
21618	-1267.721	-1480.547	212.8254	0.8172963	4.385722	3.082214
21624	-1268.458	-1482.045	213.587	0.7625721	3.787473	2.77547
21630	-1249.663	-1464.595	214.9317	1.298842	3.797401	1.538055
21636	-1254.31	-1469.197	214.8875	1.239916	4.20602	1.512444
21642	-1249.979	-1464.769	214.7891	1.275745	5.019301	1.373464
21648	-1246.415	-1460.764	214.3491	1.221294	3.227112	2.14018
21654	-1248.702	-1462.789	214.0869	1.049587	3.017745	2.47237
21660	-1248.874	-1462.361	213.4866	0.8615833	4.802979	2.577296
21666	-1244.705	-1458.743	214.0381	0.8653059	4.350969	2.31396
21672	-1234.751	-1449.278	214.5271	0.9987335	3.968559	1.98963
21678	-1237.055	-1451.615	214.5595	1.086448	4.2556	1.844434
21684	-1244.569	-1459.727	215.1581	1.355115	3.583501	1.381528
21690	-1247.187	-1462.02	214.8329	1.272312	3.451405	1.719673
21696	-1245.783	-1459.776	213.993	1.131274	3.579471	2.340277
21702	-1244.594	-1459.23	214.6358	1.140487	4.382686	1.725989
21708	-1249.473	-1463.491	214.0181	0.9444525	3.608328	2.435846
21714	-1239.976	-1454.285	214.3088	1.108698	3.901783	2.07656
21720	-1241.67	-1455.489	213.8185	0.9741158	3.477611	2.572355
21726	-1255.927	-1470.197	214.2699	0.9919643	4.206023	2.1122
21732	-1246.625	-1460.345	213.7196	0.9919643	3.312669	2.661691
21738	-1249.546	-1463.033	213.4871	0.874928	3.843048	2.755986
21744	-1262.661	-1475.898	213.2364	0.8944893	2.943275	3.104958
21750	-1254.429	-1468.523	214.0944	0.8767327	5.104713	2.127197
21756	-1248.361	-1462.739	214.3783	0.9953488	3.625057	2.169295
21762	-1255.931	-1469.017	213.0856	0.8864585	3.800864	3.000914
21768	-1249.088	-1462.282	213.1947	0.7689428	4.174471	2.930103
21774	-1247.673	-1461.717	214.044	0.7552194	2.729696	2.759257
21780	-1267.326	-1481.895	214.569	1.016202	3.1133	2.160694
21786	-1258.175	-1472.827	214.6522	1.110941	4.449154	1.720657
21792	-1259.947	-1474.609	214.6614	1.084577	3.282111	2.010065
21798	-1259.244	-1473.197	213.9533	1.037507	3.555064	2.430436
21804	-1267.911	-1482.268	214.3567	1.187675	5.071464	1.746565
21810	-1250.283	-1464.402	214.1191	0.9700331	4.008187	2.266434
21816	-1253.52	-1467.578	214.0577	1.132748	3.820682	2.242618
21822	-1257.073	-1471.238	214.1651	1.060587	3.710216	2.245047
21828	-1247.309	-1461.296	213.9864	1.060587	3.814488	2.335754
21834	-1244.67	-1458.555	213.8855	0.8634801	3.462683	2.602885
21840	-1252.494	-1466.071	213.5774	0.9221357	2.843178	2.910122
21846	-1250.18	-1463.785	213.6052	1.033372	3.526369	2.656311
21852	-1245.505	-1458.159	212.6539	0.8261785	4.338327	3.187815
21858	-1253.205	-1466.887	213.6823	0.9673699	3.162303	2.736531
21864	-1245.449	-1458.499	213.0503	0.7430692	2.804757	3.340811
21870	-1252.1	-1465.179	213.0786	0.7012545	2.476645	3.439386
21876	-1258.207	-1471.927	213.7206	0.8084243	2.71286	2.927912
21882	-1253.517	-1466.83	213.313	0.8216043	3.297343	3.015588
21888	-1259.805	-1472.907	213.1026	0.7917713	2.892395	3.258384
21894	-1252.258	-1466.666	214.4075	1.11935	2.496957	2.37594
21900	-1240.483	-1454.358	213.8752	0.9994922	2.871793	2.673941
21906	-1240.43	-1453.952	213.5213	1.084722	3.57879	2.664384
21912	-1249.822	-1463.686	213.8638	1.153799	3.515177	2.422884
21918	-1249.181	-1463.256	214.0747	1.055398	3.224513	2.422884
21924	-1259.338	-1473.603	214.2647	0.8902209	3.151493	2.425845
21930	-1252.665	-1466.911	214.2465	0.8600947	3.163704	2.453109
21936	-1239.285	-1452.541	213.2565	0.8503774	3.463322	2.99381
21942	-1239.989	-1453.072	213.0832	0.8906361	3.829437	2.99381
21948	-1241.441	-1455.208	213.7671	0.8428103	4.050478	2.559845
21954	-1242.156	-1455.594	213.4373	0.8444815	3.068777	2.982823
21960	-1264.767	-1479.725	214.9579	1.284028	4.371233	1.384801
21966	-1257.364	-1472.513	215.1481	1.284028	3.442531	1.484284
21972	-1260.157	-1474.899	214.7422	1.089672	3.178294	1.980527
21978	-1258.215	-1472.749	214.5344	1.09208	4.113573	1.889192
21984	-1258.497	-1470.984	212.4872	0.7762165	3.513265	3.481607
21990	-1250.965	-1464.418	213.4532	0.7921108	3.994275	2.79559
21996	-1250.189	-1463.81	213.6211	0.9778223	3.051001	2.79559
22002	-1264.64	-1478.641	214.0009	0.9414766	4.470255	2.265312
22008	-1258.167	-1472.169	214.0019	0.9609516	3.792342	2.394031
22014	-1256.654	-1470.85	214.1961	0.8580577	3.704216	2.356048
22020	-1259.533	-1473.102	213.5696	0.9262373	3.676393	2.710218
22026	-1259.982	-1474.002	214.0197	0.9318958	3.676393	2.42718
22032	-1257.644	-1471.318	213.6743	0.8581092	3.342616	2.764338
22038	-1265.97	-1480.548	214.5778	1.072944	3.477346	2.02327
22044	-1249.606	-1463.568	213.9623	0.9388565	4.704347	2.246543
22050	-1241.635	-1456.383	214.7473	0.9714111	4.120072	1.824632
22056	-1235.695	-1449.791	214.0968	0.9845889	4.120072	2.247515
22062	-1251.647	-1465.915	214.2683	1.048716	4.055544	2.108423
22068	-1263.086	-1478.108	215.0228	1.310176	3.945984	1.421895
22074	-1247.757	-1461.354	213.5974	0.8389844	4.084983	2.66008
22080	-1261.2	-1475.172	213.9722	0.8672942	4.99821	2.231829
22086	-1261.503	-1475.008	213.5044	0.9167549	3.987466	2.689449
22092	-1254.283	-1468.699	214.4162	1.000242	4.421366	1.9646
22098	-1255.821	-1469.769	213.9485	0.9034115	3.57591	2.512625
22104	-1254.732	-1469.058	214.3265	0.9152939	3.57591	2.266082
22110	-1252.024	-1464.956	212.9317	0.919377	2.881574	3.286761
22116	-1256.908	-1470.737	213.8293	0.8797312	3.897783	2.530317
22122	-1258.241	-1471.964	213.7224	0.9119498	4.208125	2.512368
22128	-1258.34	-1471.907	213.5672	0.9450096	3.74727	2.684587
22134	-1250.649	-1464.034	213.385	0.9222603	3.838053	2.79045
22140	-1247.146	-1460.351	213.205	0.8252947	4.311945	2.863181
22146	-1251.101	-1464.81	213.7088	0.7291347	3.678982	2.745086
22152	-1249.348	-1462.769	213.4212	0.7677245	3.196342	3.007154
22158	-1243.398	-1456.669	213.2713	0.8064854	3.481467	3.007154
22164	-1250.685	-1463.849	213.1636	0.7016284	3.547028	3.119507
22170	-1257.712	-1470.965	213.2527	0.6966313	3.807847	3.013036
22176	-1263.335	-1476.531	213.1963	0.6252316	4.603391	2.934994
22182	-1264.681	-1478.058	213.3777	0.6130642	4.572819	2.838259
22188	-1257.632	-1471.442	213.8104	0.8520205	4.907058	2.361445
22194	-1255.008	-1468.32	213.312	0.888797	2.456368	3.197472
22200	-1253.379	-1469.238	215.8584	1.72683	2.592089	0.7412709
22206	-1261.146	-1476.598	215.4522	1.506198	3.288934	1.102019
22212	-1261.822	-1476.958	215.1361	1.210634	3.356051	1.572482
22218	-1256.112	-1471.142	215.03	1.15134	3.686655	1.603016
22224	-1255.888	-1470.899	215.0111	1.372048	3.515995	1.500321
22230	-1256.122	-1470.204	214.0822	0.9847267	3.656414	2.358859
22236	-1264.329	-1478.921	214.5918	1.056633	4.42437	1.806096
22242	-1248.395	-1462.394	213.9988	1.037986	4.728589	2.154124
22248	-1246.329	-1460.658	214.3285	1.248991	4.29734	1.882112
22254	-1246.814	-1460.878	214.0639	1.021723	4.855119	2.098218
22260	-1250.604	-1464.589	213.9854	0.973466	4.125265	2.324821
22266	-1258.221	-1472.696	214.4743	0.9972255	5.360884	1.742688
22272	-1247.296	-1461.875	214.5786	1.082179	4.780681	1.722857
22278	-1252.794	-1467.422	214.6277	1.172802	3.723964	1.861529
22284	-1255.786	-1470.417	214.6314	1.082164	3.876634	1.884265
22290	-1250.11	-1464.187	214.0774	1.020598	6.029119	1.884265
22296	-1256.573	-1470.975	214.4013	1.312279	6.029119	1.443045
22302	-1243.25	-1458.275	215.0249	1.426343	4.529431	1.172601
22308	-1240.306	-1455.358	215.0523	1.332812	4.433047	1.253994
22314	-1250.763	-1465.379	214.6156	1.254049	3.424026	1.889879
22320	-1258.356	-1471.789	213.4331	0.8882719	3.872185	2.774623
22326	-1253.595	-1467.328	213.7324	0.9014949	4.16099	2.522237
22332	-1249.117	-1463.205	214.0877	0.9882772	3.517822	2.385405
22338	-1252.04	-1466.181	214.1407	0.9366222	4.815503	2.111152
22344	-1259.304	-1473.81	214.5061	0.9280583	3.414718	2.181009
22350	-1251.332	-1465.887	214.555	1.094269	3.606932	1.992238
22356	-1252.273	-1466.934	214.6609	1.135786	4.19098	1.754467
22362	-1252.933	-1467.711	214.7778	1.154964	3.536261	1.817695
22368	-1251.421	-1464.328	212.9063	1.042059	4.252669	2.924094
22374	-1245.84	-1460.306	214.4668	1.216796	4.252669	1.81915
22380	-1255.026	-1469.617	214.5905	1.109343	3.407993	2.00822
22386	-1262.143	-1476.156	214.0132	1.035243	3.062208	2.51575
22392	-1261.074	-1474.998	213.9239	0.9829517	3.295432	2.544984
22398	-1263.934	-1477.667	213.7329	1.030078	4.55663	2.362942
22404	-1269.864	-1483.55	213.6861	0.9802614	5.251325	2.298258
22410	-1268.587	-1482.792	214.2055	1.049164	3.108428	2.374027
22416	-1267.454	-1481.606	214.1523	0.9848229	3.708146	2.302315
22422	-1252.089	-1466.134	214.045	1.017881	3.920096	2.302315
22428	-1262.347	-1476.243	213.8957	0.6809989	3.27496	2.75348
22434	-1262.388	-1476.377	213.9892	0.7428668	3.216736	2.672467
22440	-1251.736	-1464.248	212.5119	0.8833718	3.216736	3.4717
22446	-1239.512	-1453.301	213.7889	0.7732175	4.482249	2.503594
22452	-1236.225	-1450.834	214.6095	0.9360299	3.714311	2.035357
22458	-1244.112	-1458.319	214.2071	0.9226845	3.803444	2.285412
22464	-1254.483	-1469.219	214.7352	1.079578	4.821595	1.604212
22470	-1262.657	-1477.987	215.3291	1.385703	3.568713	1.222185
22476	-1250.8	-1466.022	215.2223	1.357347	3.670688	1.30322
22482	-1271.178	-1486.361	215.1825	1.445793	3.878588	1.201616
22488	-1264.881	-1479.552	214.6713	1.180039	3.822696	1.802573
22494	-1257.293	-1471.217	213.9243	1.043077	4.352613	2.272766
22500	-1248.735	-1463.885	215.1492	1.546381	3.887402	1.140291
22506	-1252.65	-1467.777	215.1267	1.675968	4.180464	0.9424986
22512	-1256.383	-1469.086	212.7021	0.8898703	4.139825	3.159202
22518	-1238.111	-1451.483	213.3725	0.8387252	4.280823	2.75914
22524	-1246.669	-1459.995	213.3264	0.8505185	4.280823	2.780067
22530	-1248.568	-1461.829	213.2612	0.8666881	3.749526	2.918051
22536	-1241.324	-1454.605	213.281	0.6833267	4.302595	2.904838
22542	-1247.424	-1460.55	213.1264	0.8611643	3.871175	2.976873
22548	-1255.667	-1467.936	212.2699	0.7575473	3.513059	3.618965
22554	-1250.968	-1465.288	214.3202	0.937101	3.997959	2.159986
22560	-1244.617	-1458.493	213.8757	0.937101	4.564973	2.329703
22566	-1244.099	-1458.078	213.9795	0.9537852	3.716383	2.429672
22572	-1251.515	-1465.872	214.3565	1.075625	3.834536	2.08225
22578	-1244.491	-1458.377	213.8862	0.9929977	3.117996	2.606486
22584	-1250.412	-1465.029	214.617	1.263035	3.390703	1.891459
22590	-1254.043	-1469.231	215.1881	1.348683	4.322251	1.15393
22596	-1258.294	-1473.388	215.0935	1.230883	4.212895	1.359571
22602	-1243.704	-1458.058	214.3536	1.144799	4.798939	1.832146
22608	-1250.775	-1465.311	214.5359	1.090088	4.981178	1.706878
22614	-1242.107	-1456.299	214.1915	0.9446116	3.270764	2.407468
22620	-1262.292	-1476.54	214.2475	1.190512	5.135442	1.808293
22626	-1262.307	-1476.725	214.4177	1.000019	5.411577	1.770967
22632	-1255.965	-1469.609	213.6447	0.9553991	3.125641	2.775985
22638	-1253.044	-1467.252	214.2085	0.9725524	4.1945	2.167375
22644	-1244.332	-1459.004	214.6715	1.13914	4.179658	1.747286
22650	-1252.186	-1465.965	213.7797	1.037704	4.1515	2.409038
22656	-1249.415	-1462.761	213.3465	0.6708851	3.981268	2.93632
22662	-1247.072	-1460.404	213.3318	0.7224884	3.797903	2.952122
22668	-1246.565	-1460.15	213.5852	0.7979378	3.546551	2.80804
22674	-1249.626	-1463.301	213.675	0.677453	3.630041	2.80804
22680	-1250	-1462.635	212.6348	0.6635193	3.640701	3.433716
22686	-1261.806	-1475.053	213.2476	0.7193699	4.422537	2.880541
22692	-1236.824	-1451.927	215.1025	1.278309	4.204706	1.316603
22698	-1251.931	-1466.683	214.7525	1.131431	6.218229	1.272622
22704	-1253.205	-1467.578	214.3727	1.096562	6.218229	1.591853
22710	-1239.788	-1454.927	215.1392	1.331341	4.158458	1.255543
22716	-1237.288	-1452.681	215.3927	1.378197	3.316674	1.255543
22722	-1246.84	-1460.825	213.9846	0.9543611	4.201295	2.321723
22728	-1257.27	-1471.378	214.1076	0.8085278	4.026724	2.372704
22734	-1252.224	-1466.02	213.7958	0.8956455	3.734633	2.576735
22740	-1244.763	-1459.434	214.6719	1.180354	3.465404	1.890996
22746	-1238.519	-1453.421	214.902	1.225398	3.465404	1.700252
22752	-1250.302	-1465.529	215.2268	1.420977	3.465404	1.309497
22758	-1243.127	-1458.373	215.2458	1.283601	3.676956	1.341792
22764	-1250.449	-1465.684	215.2355	1.414464	3.771116	1.215154
22770	-1254.134	-1469.227	215.0928	1.513071	4.804186	0.9483818
22776	-1250.614	-1465.305	214.6911	1.513071	4.804186	1.311187
22782	-1260.364	-1475.078	214.7142	1.19481	4.388371	1.630162
22788	-1257.27	-1471.542	214.2721	0.9911684	4.410855	2.06866
22794	-1245.42	-1460.184	214.7641	1.053388	3.786496	1.834712
22800	-1250.649	-1464.355	213.706	0.8816761	3.570711	2.677464
22806	-1257.484	-1470.587	213.1032	0.8241715	4.286074	2.930308
22812	-1255.003	-1468.113	213.1096	0.7240859	3.831296	3.077333
22818	-1252.172	-1466.296	214.1237	0.9036707	4.034469	2.300287
22824	-1254.315	-1468.648	214.3335	0.8169832	4.034469	2.22126
22830	-1234.449	-1448.289	213.8399	0.8291665	4.493924	2.434301
22836	-1239.331	-1453.1	213.769	0.8013014	3.153842	2.787111
22842	-1243.041	-1456.774	213.7334	0.8153328	3.044699	2.827679
22848	-1248.716	-1463.215	214.4993	1.014473	3.750452	2.047869
22854	-1243.69	-1458.23	214.5401	0.9538808	4.021824	1.998927
22860	-1256.733	-1471.18	214.4473	1.353995	3.916951	1.814663
22866	-1271.252	-1485.943	214.6908	1.283506	2.635403	2.043486
22872	-1267.775	-1482.062	214.2864	1.085909	3.925851	2.100818
22878	-1254.86	-1468.869	214.0092	0.8851992	3.925851	2.40803
22884	-1257.968	-1471.648	213.6802	0.8165613	4.766619	2.491294
22890	-1251.033	-1466.354	215.3212	1.314537	3.823245	1.21168
22896	-1243.928	-1459.3	215.3724	1.521824	3.13899	1.21168
22902	-1255.415	-1470.986	215.5707	1.541643	3.039687	1.053065
22908	-1248.881	-1463.769	214.888	1.398559	3.467711	1.585212
22914	-1246.412	-1459.966	213.5542	0.9024251	3.742885	2.719663
22920	-1241.492	-1454.96	213.4681	0.6640956	3.378859	2.997996
22926	-1244.704	-1458.114	213.4097	0.8463919	3.61399	2.87006
22932	-1256.222	-1468.937	212.7152	0.6998256	3.011379	3.509631
22938	-1248.105	-1460.693	212.588	0.6805558	3.15685	3.559687
22944	-1261.893	-1474.996	213.1036	0.9354849	3.15685	3.10632
22950	-1255.385	-1467.598	212.2129	0.6209216	3.606495	3.711052
22956	-1265.079	-1477.168	212.0886	0.7770281	3.520608	3.711052
22962	-1258.223	-1471.907	213.6844	0.9262779	3.005678	2.800036
22968	-1253.239	-1466.769	213.5304	0.9995636	3.200881	2.800036
22974	-1261.615	-1475.125	213.5101	0.8648264	3.604516	2.800036
22980	-1265.936	-1480.323	214.3878	1.226472	3.034351	2.163181
22986	-1261.775	-1476.151	214.3754	1.211762	3.815399	1.983849
22992	-1256.93	-1471.657	214.727	1.211762	3.831921	1.73942
22998	-1240.696	-1455.005	214.3088	1.037706	4.019728	2.096924
23004	-1253.319	-1467.66	214.3412	1.002151	3.084853	2.323909
23010	-1249.514	-1463.861	214.3472	1.107474	3.119438	2.243506
23016	-1245.629	-1460.878	215.2493	1.332608	4.004452	1.204688
23022	-1246.72	-1461.236	214.5161	1.168366	3.597828	1.97091
23028	-1245.698	-1460.559	214.8613	0.988689	2.981647	2.022996
23034	-1251.224	-1464.985	213.7618	0.863567	2.981647	2.797307
23040	-1259.557	-1473.037	213.4808	0.7701302	2.882009	3.049231
23046	-1255.779	-1469.954	214.1749	0.8542562	3.400106	2.443024
23052	-1250.011	-1463.756	213.745	0.7923122	3.853827	2.646159
23058	-1249.712	-1463.386	213.6739	0.8226729	3.972598	2.646159
23064	-1248.036	-1462.415	214.3791	0.8734183	4.359789	2.086241
23070	-1237.796	-1451.164	213.3681	0.6724326	4.554981	2.8113
23076	-1244.575	-1458.549	213.9742	0.8097593	3.926111	2.477431
23082	-1245.666	-1459.987	214.3204	1.03168	4.209464	2.052102
23088	-1245.778	-1459.837	214.0589	0.8348412	3.471221	2.510913
23094	-1247.045	-1460.754	213.7091	0.7366149	3.754516	2.723824
23100	-1248.097	-1463.092	214.9951	1.075096	3.754516	1.665663
23106	-1249.909	-1464.296	214.387	1.036806	3.721214	2.113926
23112	-1251.012	-1466.107	215.095	1.189658	3.60464	1.549175
23118	-1238.565	-1453.218	214.6524	1.125906	4.618982	1.673362
23124	-1246.752	-1459.425	212.673	0.7508438	3.81259	3.324095
23130	-1258.568	-1472.077	213.5097	0.8938041	4.367372	2.624245
23136	-1270.354	-1483.422	213.0677	0.6513289	4.728808	2.974321
23142	-1260.094	-1472.791	212.6968	0.740877	3.768718	3.325041
23148	-1257.658	-1470.434	212.7752	0.6337241	3.900961	3.314864
23154	-1254.728	-1467.585	212.8573	0.8306028	3.357098	3.267355
23160	-1255.694	-1468.189	212.4951	0.7443023	3.271705	3.549775
23166	-1261.654	-1474.624	212.9697	0.7333617	3.326781	3.265364
23172	-1259.888	-1471.995	212.1074	0.613678	3.057683	3.899484
23178	-1256.807	-1468.663	211.8565	0.8058565	2.977888	3.95246
23184	-1254.711	-1468.552	213.8407	0.757487	3.786256	2.623139
23190	-1255.186	-1470.171	214.9855	1.428721	3.506341	1.479671
23196	-1241.84	-1456.649	214.8098	1.092418	3.506341	1.846343
23202	-1239.253	-1453.853	214.6002	1.150801	4.107423	1.805223
23208	-1261.632	-1476.635	215.0037	1.047912	3.826473	1.66087
23214	-1262.987	-1477.513	214.5264	1.231106	4.61716	1.688558
23220	-1260.922	-1475.422	214.5002	1.101552	4.501272	1.821978
23226	-1270.471	-1485.611	215.1398	1.101552	3.747693	1.543087
23232	-1265.72	-1480	214.2801	1.339191	4.666005	1.775481
23238	-1266.203	-1480.908	214.7055	1.182435	3.607685	1.830409
23244	-1270.536	-1484.701	214.1648	1.058908	3.232698	2.361647
23250	-1265.172	-1478.129	212.9573	0.6344869	4.690332	3.05738
23256	-1254.522	-1467.988	213.4662	0.8264932	3.554279	2.861228
23262	-1257.706	-1471.909	214.2032	0.787836	4.425455	2.242958
23268	-1254.316	-1468.017	213.7013	0.8905962	3.195553	2.76363
23274	-1258.711	-1472.476	213.765	0.902723	3.457017	2.654386
23280	-1244.901	-1457.614	212.713	0.8519724	3.313502	3.349797
23286	-1248.715	-1462.459	213.7444	0.760696	3.313502	2.787887
23292	-1258.383	-1471.6	213.2169	0.7329524	3.856869	3.002536
23298	-1257.896	-1472.056	214.1606	0.9249685	3.40111	2.407267
23304	-1246.051	-1460.272	214.2208	0.8827425	3.40111	2.395937
23310	-1239.801	-1454.032	214.2302	0.8759413	3.394449	2.395937
23316	-1253.253	-1466.621	213.3677	0.8225222	3.746198	2.881091
23322	-1252.931	-1466.475	213.544	0.9649969	3.859262	2.662435
23328	-1247.728	-1460.578	212.8503	0.7187979	3.557933	3.29255
23334	-1247.139	-1460.872	213.7327	0.7978725	2.85751	2.887579
23340	-1264.8	-1478.406	213.6053	0.8698162	4.408735	2.571933
23346	-1265.024	-1478.943	213.9189	1.015395	3.119569	2.571933
23352	-1254.807	-1468.529	213.7225	0.8632884	4.205024	2.54329
23358	-1241.014	-1455.148	214.1342	1.034384	4.116719	2.191975
23364	-1244.604	-1458.706	214.1027	1.164301	3.670824	2.227565
23370	-1254.864	-1468.485	213.6217	0.6962327	4.985536	2.563673
23376	-1248.684	-1463.325	214.6409	0.9778228	3.673888	1.99637
23382	-1253.184	-1467.473	214.2895	0.9846042	3.942565	2.16128
23388	-1257.388	-1471.45	214.0621	0.9948002	3.804602	2.331643
23394	-1248.733	-1461.895	213.1618	0.8319889	3.499353	3.053412
23400	-1259.243	-1472.517	213.2746	0.5480032	3.930015	3.063633
23406	-1246.265	-1458.98	212.7152	0.7155585	3.11178	3.475932
23412	-1249.261	-1464.137	214.8765	1.120483	3.727473	1.724386
23418	-1250.563	-1465.191	214.6282	1.15096	2.97849	2.070762
23424	-1249.773	-1464.196	214.4232	1.057057	3.451852	2.141839
23430	-1253.411	-1467.766	214.3551	1.033168	4.457847	1.975918
23436	-1245.711	-1460.046	214.3344	1.010921	3.904579	2.123311
23442	-1235.756	-1450.221	214.4643	0.9123702	3.813985	2.123311
23448	-1234.249	-1448.464	214.2158	0.945959	3.982854	2.225171
23454	-1229.978	-1444.441	214.4635	1.003482	4.265372	1.96364
23460	-1246.169	-1460.599	214.43	0.9871443	3.245993	2.23465
23466	-1242.45	-1456.553	214.1029	0.8025399	3.95916	2.393892
23472	-1244.653	-1458.11	213.4578	0.7867364	4.492542	2.698237
23478	-1250.245	-1463.434	213.1894	0.8866459	4.492542	2.801249
23484	-1256.618	-1470.143	213.5253	0.8776502	3.523322	2.801249
23490	-1264.942	-1478.087	213.1454	1.03935	3.182817	3.012939
23496	-1259.402	-1472.957	213.555	0.9329201	3.320071	2.796787
23502	-1259.658	-1473.951	214.2929	0.9956704	4.791259	1.975912
23508	-1265.046	-1479.463	214.4171	0.911122	4.33877	2.040607
23514	-1258.283	-1471.277	212.9944	0.8172152	4.157943	3.024669
23520	-1253.201	-1467.211	214.0095	0.9151545	4.284028	2.313922
23526	-1259.994	-1474.064	214.0699	0.8857892	4.284028	2.294087
23532	-1251.813	-1465.774	213.9611	0.8183371	4.867746	2.294087
23538	-1254.431	-1468.84	214.4093	0.9939058	4.496083	1.95808
23544	-1263.671	-1478.723	215.0521	1.407364	3.658132	1.402209
23550	-1260.725	-1475.917	215.1918	1.471612	3.94573	1.151107
23556	-1257.419	-1472.633	215.2146	1.392194	4.142141	1.143163
23562	-1250.216	-1463.976	213.7601	0.9643191	4.358766	2.425841
23568	-1261.156	-1475.232	214.0767	0.8612681	3.720293	2.425841
23574	-1258.228	-1473.495	215.2667	1.28024	3.511325	1.376104
23580	-1253.464	-1468.411	214.9466	1.308814	4.036426	1.457993
23586	-1250.609	-1465.651	215.0412	1.185062	3.5762	1.59966
23592	-1247.216	-1462.807	215.591	1.185062	2.844413	1.408909
23598	-1249.7	-1465.175	215.4749	1.185062	2.959589	1.459487
23604	-1245.928	-1460.437	214.5091	0.9608369	4.185104	1.979016
23610	-1247.375	-1461.988	214.6131	1.082125	4.152997	1.833368
23616	-1247.136	-1461.791	214.6546	1.082125	3.503239	1.959371
23622	-1244.18	-1458.916	214.7363	1.181363	3.76738	1.770077
23628	-1249.335	-1464.172	214.8371	1.178561	3.741168	1.707761
23634	-1253.954	-1467.131	213.1769	0.8614739	3.060259	3.130487
23640	-1252.845	-1467.1	214.2553	0.9729785	4.708706	2.032204
23646	-1245.094	-1459.81	214.7161	1.117531	3.689398	1.847337
23652	-1245.854	-1460.605	214.7505	1.246876	3.353557	1.821035
23658	-1253.066	-1468.538	215.4725	1.233317	3.430098	1.273049
23664	-1248.512	-1463.602	215.09	1.187685	3.699939	1.528732
23670	-1248.924	-1464.313	215.3885	1.093409	2.902337	1.609972
23676	-1244.405	-1459.317	214.9122	1.210818	3.615522	1.663638
23682	-1242.035	-1456.401	214.3664	1.086693	3.30375	2.196629
23688	-1243.027	-1457.316	214.2886	0.8600852	4.609017	2.104216
23694	-1248.523	-1462.393	213.8705	0.9005465	3.393663	2.60554
23700	-1248.118	-1462.532	214.4147	1.165479	4.622614	1.811547
23706	-1244.227	-1459.268	215.0411	1.160993	3.969056	1.515198
23712	-1243.298	-1456.725	213.4269	0.939505	2.802048	3.001314
23718	-1257.974	-1471.188	213.2139	0.7606487	3.303325	3.109799
23724	-1246.269	-1459.265	212.9958	0.7905861	3.089724	3.272548
23730	-1242.318	-1455.088	212.7694	0.8430825	3.532354	3.272548
23736	-1238.989	-1453.196	214.2063	0.9201925	3.813914	2.285134
23742	-1245.071	-1459.799	214.7272	1.05594	3.813914	1.851677
23748	-1254.218	-1467.955	213.7376	0.9032803	3.813914	2.590723
23754	-1251.136	-1464.792	213.6561	0.8116744	4.3355	2.590723
23760	-1241.535	-1455.456	213.9216	1.02177	3.638909	2.440885
23766	-1241.288	-1455.538	214.25	0.9159106	4.601854	2.094343
23772	-1245.771	-1459.657	213.8857	1.048026	4.127152	2.340421
23778	-1258.917	-1473.148	214.2309	0.9401853	3.963983	2.22327
23784	-1257.543	-1472.631	215.0883	1.305237	4.405903	1.253965
23790	-1248.33	-1463.303	214.973	1.516089	4.405903	1.172677
23796	-1242.547	-1457.6	215.0531	1.229533	3.265154	1.644857
23802	-1246.048	-1461.375	215.3267	1.326583	4.12416	1.106663
23808	-1241.138	-1456.281	215.1437	1.326681	4.163095	1.254349
23814	-1248.675	-1463.735	215.06	1.334058	4.163095	1.316868
23820	-1252.301	-1467.368	215.0672	1.366935	3.710527	1.407234
23826	-1237.541	-1452.796	215.2551	1.366935	3.353158	1.364429
23832	-1237.621	-1452.171	214.5501	1.084668	3.175701	2.111669
23838	-1252.738	-1467.315	214.577	1.07661	3.12945	2.111669
23844	-1250.677	-1465.554	214.8771	1.213472	2.541842	1.995944
23850	-1272.021	-1486.086	214.0647	1.134078	3.557116	2.298042
23856	-1254.601	-1467.943	213.3416	0.8461943	3.636171	2.906487
23862	-1258.618	-1471.111	212.4931	0.8347239	2.649253	3.654077
23868	-1249.242	-1462.171	212.9297	0.8654742	3.400091	3.194099
23874	-1239.955	-1454.651	214.6958	1.245421	4.216805	1.646179
23880	-1238.871	-1454.064	215.1935	1.364415	3.870996	1.26308
23886	-1238.785	-1453.414	214.6291	1.364415	3.347935	1.825194
23892	-1236.193	-1450.863	214.6699	1.189419	4.522971	1.636049
23898	-1239.736	-1453.954	214.2182	1.145772	3.923296	2.106908
23904	-1241.179	-1455.265	214.0863	1.081026	3.795576	2.263132
23910	-1246.978	-1460.985	214.0073	1.009145	3.795576	2.359378
23916	-1251.233	-1465.187	213.954	0.8655412	3.447878	2.562662
23922	-1251.173	-1465.432	214.2591	0.8862933	3.148941	2.432512
23928	-1252.827	-1466.905	214.0781	0.9215097	3.390566	2.463926
23934	-1268.886	-1481.959	213.073	0.9875165	3.156574	3.093577
23940	-1260.022	-1473.455	213.4333	0.8380545	3.087693	2.984386
23946	-1259.191	-1472.706	213.515	0.7792946	3.534853	2.864601
23952	-1254.401	-1467.103	212.7017	0.7929093	3.458778	3.358247
23958	-1248.033	-1460.848	212.8151	0.7975913	2.976823	3.402671
23964	-1255.576	-1468.035	212.4591	0.5679011	3.543197	3.612721
23970	-1266.493	-1479.923	213.4292	0.5241684	4.096908	2.951579
23976	-1267.926	-1481.512	213.5858	0.8145871	4.258859	2.647361
23982	-1274.93	-1489.373	214.4435	0.9902662	5.509705	1.741858
23988	-1243.741	-1458.448	214.707	1.086873	3.580693	1.901385
23994	-1239.133	-1453.51	214.377	1.061227	3.370093	2.189509
24000	-1261.435	-1476.602	215.1672	1.132463	3.091632	1.683026
24006	-1255.942	-1470.36	214.418	1.045641	3.819603	2.06495
24012	-1240.289	-1455.115	214.8259	1.138644	3.441252	1.820371
24018	-1241.995	-1456.7	214.705	1.276001	4.342264	1.588424
24024	-1244.196	-1459.284	215.0883	1.298873	4.394271	1.262301
24030	-1261.798	-1477.289	215.4904	1.211077	3.500392	1.254666
24036	-1257.879	-1473.355	215.4756	1.343111	3.611115	1.117805
24042	-1254.615	-1469.921	215.3059	1.441624	3.611115	1.180824
24048	-1256.043	-1471.739	215.696	1.452256	2.646449	1.17887
24054	-1272.455	-1485.602	213.1474	0.7487637	4.28742	2.94889
24060	-1257.939	-1472.754	214.8142	1.360502	5.427294	1.192739
24066	-1263.9	-1479.041	215.1402	1.173378	4.117795	1.392363
24072	-1256.241	-1470.293	214.0514	0.9214457	2.983577	2.583402
24078	-1251.534	-1464.85	213.3152	1.018031	3.203549	2.918588
24084	-1242.697	-1455.953	213.2555	0.8041864	3.46467	3.021802
24090	-1253.126	-1467.384	214.258	0.9938735	3.134569	2.368956
24096	-1255.457	-1470.011	214.5535	1.103619	3.881115	1.921518
24102	-1251.544	-1465.458	213.9143	0.9842344	4.130999	2.36195
24108	-1253.362	-1467.345	213.9827	1.127903	4.183582	2.215283
24114	-1258.245	-1471.875	213.6299	1.108921	4.569557	2.375742
24120	-1245.543	-1459.613	214.0701	0.7743101	3.010714	2.655624
24126	-1247.322	-1461.107	213.7851	0.9125339	4.441045	2.426592
24132	-1243.978	-1458.412	214.4345	1.110054	4.441045	1.873868
24138	-1247.53	-1462.307	214.7771	1.125845	3.416705	1.86906
24144	-1250.008	-1464.352	214.3441	1.130562	4.454418	1.918532
24150	-1251.502	-1466.056	214.5534	0.9017656	4.454418	1.931696
24156	-1252.605	-1467.321	214.716	1.029119	3.663465	1.913991
24162	-1249.941	-1464.307	214.3662	1.001657	4.16557	2.051142
24168	-1257.25	-1472.065	214.8146	1.160872	4.551601	1.544983
24174	-1264.148	-1478.948	214.7999	0.9855019	4.163423	1.768606
24180	-1262.283	-1476.023	213.7406	1.083553	4.329436	2.368677
24186	-1257.785	-1472.166	214.3817	1.027006	3.97013	2.06701
24192	-1259.044	-1472.912	213.8676	0.9571271	4.676535	2.30077
24198	-1255.626	-1468.581	212.9543	0.8406509	4.676535	2.937903
24204	-1248.913	-1462.632	213.7195	1.048134	3.377923	2.611394
24210	-1252.779	-1466.976	214.1974	1.030205	3.111251	2.390401
24216	-1250.56	-1465.277	214.7171	1.033115	4.142036	1.797864
24222	-1249.47	-1464.428	214.9582	1.09779	3.086129	1.85447
24228	-1260.049	-1475.529	215.4799	1.436298	2.831666	1.30237
24234	-1253.352	-1468.676	215.3235	1.394371	3.542767	1.227708
24240	-1258.438	-1473.812	215.3748	1.306535	2.82858	1.486651
24246	-1244.462	-1459.685	215.2228	1.33636	3.198053	1.460596
24252	-1260.01	-1475.492	215.4827	1.493293	3.572416	0.98093
24258	-1259.779	-1475.529	215.7495	1.48913	2.895372	0.9899843
24264	-1259.167	-1474.794	215.6271	1.546954	3.085364	0.9733196
24270	-1261.131	-1476.674	215.5431	1.700584	3.2099	0.8384725
24276	-1260.679	-1476.451	215.7725	1.664243	2.924592	0.7369611
24282	-1257.319	-1472.559	215.2398	1.542353	3.229483	1.274762
24288	-1275.349	-1490.521	215.1727	1.446016	3.873949	1.211187
24294	-1258.019	-1473.201	215.1819	1.370729	3.464153	1.385529
24300	-1257.012	-1471.985	214.9733	1.224918	2.903318	1.810212
24306	-1256.45	-1470.879	214.4284	1.147839	3.552002	2.054156
24312	-1262.766	-1477.502	214.736	1.021777	3.182527	2.028703
24318	-1262.739	-1476.999	214.26	1.009262	3.977757	2.156667
24324	-1250.683	-1465.05	214.3673	1.270996	3.455474	2.03706
24330	-1262.729	-1477.701	214.972	1.115907	3.306671	1.770963
24336	-1257.456	-1470.952	213.4964	0.9499892	3.22568	2.844779
24342	-1266.079	-1477.341	211.2625	0.7013733	2.848983	4.381233
24348	-1259.421	-1472.715	213.2941	0.8577806	2.848983	3.117026
24354	-1261.588	-1475.56	213.9721	1.214807	3.367049	2.351452
24360	-1271.724	-1485.311	213.5873	0.8466217	2.776684	2.967646
24366	-1263.592	-1476.064	212.4724	0.6656398	3.355574	3.589582
24372	-1250.737	-1465.678	214.9409	1.123406	3.937894	1.62407
24378	-1261.892	-1475.714	213.8224	1.070458	4.51472	2.288325
24384	-1268.065	-1481.272	213.2072	0.9325758	3.197725	3.036284
24390	-1265.513	-1479.313	213.8006	0.9162361	4.691587	2.366582
24396	-1251.68	-1465.098	213.4184	0.7987096	4.498451	2.713951
24402	-1248.177	-1462.788	214.6111	1.068624	3.223582	2.069417
24408	-1251.827	-1466.444	214.617	0.9988886	3.398174	2.066309
24414	-1258.134	-1471.078	212.9437	0.833592	3.62091	3.155608
24420	-1258.332	-1472.198	213.866	0.8448222	3.63917	2.586002
24426	-1263.757	-1478.181	214.4244	1.047661	3.89844	2.041295
24432	-1265.175	-1479.676	214.5009	1.078339	4.477434	1.842464
24438	-1263.447	-1477.904	214.4567	1.228969	3.05106	2.111973
24444	-1260.598	-1474.517	213.9194	0.9053807	3.29246	2.59665
24450	-1257.158	-1470.832	213.6735	0.9000991	3.240475	2.763789
24456	-1259.288	-1473.069	213.7811	0.9080559	3.871452	2.548299
24462	-1256.241	-1469.848	213.6065	0.9408681	3.549969	2.706953
24468	-1256.529	-1471.54	215.0109	0.9690005	2.773493	1.997383
24474	-1247.911	-1462.619	214.7078	1.152151	3.610385	1.848951
24480	-1253.325	-1466.479	213.1536	0.6590372	4.124985	3.030536
24486	-1251.66	-1465.424	213.7645	0.7544326	2.381428	3.030536
24492	-1272.392	-1486.931	214.5393	1.127156	4.256451	1.830152
24498	-1271.208	-1486.32	215.1125	1.123827	3.541838	1.601539
24504	-1258.264	-1471.698	213.4341	0.7652859	3.212604	2.996973
24510	-1251.806	-1464.736	212.9295	0.839919	3.916618	3.098123
24516	-1251.957	-1466.543	214.5854	1.111587	2.894644	2.14831
24522	-1251.341	-1466.177	214.8362	1.131943	3.968588	1.685558
24528	-1248.831	-1462.955	214.1247	1.024501	3.324295	2.385854
24534	-1248.964	-1463.019	214.055	0.9581658	4.253006	2.263621
24540	-1266.629	-1480.664	214.0354	0.9073363	3.305149	2.520275
24546	-1271.337	-1484.281	212.9441	0.8496755	3.459353	3.181514
24552	-1261.6	-1475.143	213.5425	0.8150729	3.918792	2.742717
24558	-1260.645	-1474.176	213.5303	0.9263696	3.637836	2.742717
24564	-1261.663	-1476.317	214.654	1.069496	2.533083	2.239097
24570	-1248.034	-1461.913	213.8788	0.8639879	3.033041	2.7123
24576	-1253.798	-1467.749	213.9515	0.8763405	3.622384	2.517031
24582	-1250.125	-1463.196	213.0711	0.7895894	3.93271	3.040318
24588	-1239.549	-1452.685	213.1355	0.7553903	3.450796	3.125718
24594	-1249.324	-1462.371	213.0477	0.7577962	3.681892	3.125718
24600	-1250.52	-1463.951	213.4311	0.707545	3.598938	2.944301
24606	-1249.795	-1463.825	214.0298	0.8017434	3.259002	2.600683
24612	-1257.497	-1471.889	214.3915	0.8848997	4.34343	2.073866
24618	-1249.926	-1462.89	212.9641	0.8198021	3.431492	3.193646
24624	-1261.112	-1473.861	212.749	0.7875183	4.290804	3.163223
24630	-1252.272	-1465.988	213.7156	0.7326098	3.432471	2.794571
24636	-1246.893	-1459.622	212.7284	0.8309658	3.154764	3.390316
24642	-1251.698	-1466.453	214.7543	1.054587	3.494169	1.913056
24648	-1254.166	-1468.378	214.2113	0.8154901	3.494169	2.422077
24654	-1237.33	-1450.801	213.4711	0.9681899	3.351353	2.818967
24660	-1238.064	-1451.626	213.562	0.8048988	2.85218	2.987599
24666	-1242.121	-1455.56	213.4389	0.9457876	3.566758	2.802553
24672	-1233.364	-1446.519	213.1551	0.8398411	3.875606	2.971554
24678	-1238.746	-1452.257	213.5103	0.8318965	2.968098	2.972105
24684	-1245.803	-1460.092	214.2885	0.9324759	3.627155	2.267327
24690	-1272.485	-1485.786	213.3011	0.89491	3.506849	2.930338
24696	-1261.039	-1474.978	213.9392	0.9889842	3.811945	2.411592
24702	-1256.427	-1470.855	214.4272	1.018554	3.806609	2.079678
24708	-1250.95	-1465.202	214.2519	0.9228813	3.721208	2.27521
24714	-1239.867	-1453.254	213.3869	0.7751999	4.777886	2.696569
24720	-1238.123	-1451.298	213.175	0.9158332	4.14133	2.859752
24726	-1246.716	-1460.99	214.2742	0.9781837	4.172995	2.125455
24732	-1245.314	-1458.598	213.2845	0.8558708	3.053044	3.071506
24738	-1250.853	-1464.77	213.9176	0.9710781	3.138934	2.595316
24744	-1244.537	-1456.975	212.4383	0.8533924	2.889283	3.611945
24750	-1236.387	-1448.75	212.3624	0.837703	2.889283	3.665001
24756	-1245.773	-1459.964	214.1906	0.9769805	3.655736	2.294883
24762	-1249.026	-1462.857	213.8309	0.9071971	3.537066	2.592367
24768	-1250.384	-1464.429	214.0453	0.8394751	4.422886	2.311534
24774	-1240.603	-1454.761	214.1583	0.966857	3.20676	2.430481
24780	-1245.225	-1458.92	213.6944	0.7309508	3.379811	2.820721
24786	-1237.314	-1451.683	214.3688	0.9696796	3.925768	2.123031
24792	-1249.555	-1463.856	214.3012	1.023884	3.965149	2.123031
24798	-1260.769	-1475.144	214.375	0.9839033	3.335528	2.249359
24804	-1257.514	-1472.233	214.7196	1.138315	4.252011	1.697519
24810	-1246.477	-1461.051	214.5746	1.049297	3.916151	1.935813
24816	-1249.66	-1464.343	214.6834	1.243364	3.916151	1.727397
24822	-1244.263	-1457.533	213.2696	0.8700742	3.900385	2.879091
24828	-1243.924	-1457.494	213.5691	0.876187	3.900385	2.692849
24834	-1256.999	-1469.773	212.7741	0.7837878	4.270117	3.15444
24840	-1251.595	-1465.365	213.7708	1.00546	3.995507	2.467504
24846	-1253.854	-1467.611	213.7565	0.831584	4.115501	2.559998
24852	-1266.411	-1479.554	213.1433	0.8258726	3.298979	3.114045
24858	-1260.367	-1472.969	212.6013	0.8048576	3.974395	3.301737
24864	-1259.79	-1473.874	214.0841	0.9478901	2.996717	2.54322
24870	-1266.225	-1479.837	213.6122	0.9353717	3.755921	2.660949
24876	-1264.153	-1477.782	213.6284	0.9598891	3.867824	2.611648
24882	-1261.486	-1475.134	213.6477	0.8825355	4.03881	2.611648
24888	-1249.234	-1462.067	212.8331	0.7746109	3.602877	3.259956
24894	-1248.528	-1461.727	213.1988	0.736161	2.795001	3.259956
24900	-1252.106	-1463.005	210.8986	0.5185113	2.950154	4.663774
24906	-1248.018	-1460.168	212.1499	0.8191166	2.882343	3.800201
24912	-1245.428	-1458.646	213.2188	0.7661948	3.145064	3.141387
24918	-1252.354	-1465.857	213.5032	0.9148683	3.083664	2.89701
24924	-1256.075	-1469.398	213.3227	0.8094431	3.836597	2.89701
24930	-1256.79	-1470.626	213.8368	0.8118883	3.964953	2.553582
24936	-1261.663	-1475.05	213.3865	0.6739878	2.924795	3.151622
24942	-1249.163	-1463.076	213.9131	0.8078031	4.148966	2.470272
24948	-1253.941	-1465.712	211.771	0.6709541	3.18317	4.029632
24954	-1268.097	-1482.344	214.2468	1.083168	2.959371	2.366076
24960	-1251.909	-1465.897	213.9871	0.8446963	3.420092	2.56157
24966	-1249.486	-1463.637	214.1516	1.014046	3.902121	2.240429
24972	-1243.868	-1457.807	213.9395	0.8370693	3.518295	2.572861
24978	-1247.792	-1461.192	213.4	0.7717727	3.879062	2.864109
24984	-1248.807	-1462.928	214.1204	0.9230461	2.757448	2.601348
24990	-1244.37	-1458.391	214.021	0.9542788	3.530935	2.445837
24996	-1251.62	-1465.916	214.2963	1.039358	3.02407	2.344964
25002	-1249.744	-1463.777	214.0333	0.8665712	3.904986	2.40909
25008	-1260.42	-1473.965	213.545	0.869207	4.46173	2.599541
25014	-1259.163	-1472.915	213.7517	0.9206915	2.948373	2.777374
25020	-1246.178	-1461.042	214.8638	1.040318	3.428451	1.86519
25026	-1251.908	-1465.871	213.9633	0.9252708	2.984877	2.635192
25032	-1255.923	-1469.42	213.4975	0.8947264	4.252069	2.653777
25038	-1250.968	-1463.902	212.9343	0.7407401	3.963063	3.144854
25044	-1249.115	-1464.308	215.193	1.432212	3.239906	1.396891
25050	-1255.675	-1471.068	215.3929	1.394444	3.239906	1.26704
25056	-1260.666	-1475.445	214.7789	1.222839	3.903713	1.677363
25062	-1254.693	-1467.337	212.644	0.8903016	3.901663	3.240742
25068	-1250.484	-1464.555	214.0707	0.8680557	3.432651	2.491912
25074	-1257.387	-1471.703	214.3161	1.252296	3.921376	1.971932
25080	-1242.11	-1456.57	214.4607	0.9482455	3.326639	2.219411
25086	-1241.65	-1456.167	214.5176	1.189249	3.188837	2.060753
25092	-1251.935	-1466.568	214.6322	1.223301	3.806475	1.803674
25098	-1249.829	-1464.924	215.0951	1.301194	3.636624	1.456791
25104	-1252.604	-1467.757	215.1536	1.285906	3.593797	1.435731
25110	-1249.049	-1463.636	214.5873	1.205842	3.978151	1.80588
25116	-1253.563	-1467.431	213.8677	1.180514	4.756189	2.141431
25122	-1260.343	-1475.064	214.7215	0.9504363	3.062271	2.117932
25128	-1249.36	-1464.182	214.8222	1.217047	3.791341	1.678434
25134	-1252.85	-1467.476	214.6255	1.13843	3.850656	1.856067
25140	-1244.213	-1458.438	214.2248	1.143956	3.931557	2.101934
25146	-1242.333	-1457.427	215.0936	1.212976	4.215525	1.372971
25152	-1250.045	-1465.428	215.3828	1.346026	3.678609	1.175774
25158	-1243.651	-1458.288	214.6374	1.113788	3.690822	1.903162
25164	-1255.551	-1470.161	214.6105	1.053978	3.57494	1.989893
25170	-1253.982	-1468.098	214.1163	0.925782	4.383941	2.218342
25176	-1253.988	-1468.104	214.1161	0.8338477	3.379146	2.497746
25182	-1260.12	-1474.088	213.9679	0.9863669	3.340573	2.504411
25188	-1246.468	-1461.072	214.6043	0.8289287	3.682997	2.116772
25194	-1234.39	-1448.399	214.009	0.8610371	3.844876	2.440954
25200	-1238.242	-1452.184	213.9427	1.024318	3.574029	2.440954
25206	-1241.865	-1455.527	213.6613	1.089167	4.222727	2.436659
25212	-1247.109	-1461.732	214.623	0.9218265	3.388255	2.115527
25218	-1244.026	-1457.646	213.62	0.990413	3.9931	2.571456
25224	-1258.848	-1472.953	214.1055	0.967585	3.994053	2.27972
25230	-1258.504	-1473.439	214.9349	1.103322	3.489092	1.75672
25236	-1252	-1466.708	214.7081	1.056228	3.820448	1.862994
25242	-1248.849	-1462.719	213.8697	1.057435	3.282883	2.535463
25248	-1242.507	-1456.186	213.6794	0.9737373	3.095549	2.751183
25254	-1237.026	-1450.762	213.7353	1.081107	3.095549	2.650997
25260	-1235.982	-1450.784	214.8021	1.162725	3.346788	1.845207
25266	-1237.043	-1451.749	214.7058	1.122579	3.570512	1.880481
25272	-1244.283	-1458.894	214.6102	1.274233	3.11194	1.963509
25278	-1243.144	-1457.023	213.8784	1.010904	4.433709	2.306528
25284	-1260.43	-1473.715	213.2842	0.917932	3.216036	2.994469
25290	-1241.308	-1455.368	214.0602	0.8744443	3.743805	2.422643
25296	-1239.187	-1454.361	215.1745	1.026146	3.574134	1.618758
25302	-1244.713	-1459.731	215.0179	0.9969519	3.386926	1.799991
25308	-1256.991	-1471.282	214.2913	0.9984787	3.177644	2.333748
25314	-1238.594	-1452.838	214.2435	0.9866298	2.930681	2.43698
25320	-1243.094	-1456.61	213.5161	0.6446842	3.294596	3.000536
25326	-1241.067	-1454.441	213.3741	0.7353747	3.101059	3.078006
25332	-1255.484	-1468.99	213.506	0.8460056	3.032138	2.949848
25338	-1243.308	-1456.397	213.0891	0.8895214	4.029795	2.949848
25344	-1252.415	-1464.82	212.4052	0.8510137	3.577418	3.471888
25350	-1246.669	-1459.147	212.4783	0.9480335	3.139498	3.471888
25356	-1238.822	-1451.554	212.7326	0.6500874	3.874058	3.33571
25362	-1250.147	-1463.349	213.2022	0.8767495	4.209078	2.853634
25368	-1250.304	-1463.41	213.106	0.9663968	3.22898	3.069037
25374	-1245.773	-1459.029	213.256	1.004297	3.22898	2.956414
25380	-1240.689	-1453.68	212.9904	1.038484	2.824751	3.196511
25386	-1253.901	-1467.179	213.2772	1.015766	3.872247	2.791901
25392	-1251.465	-1465.497	214.0323	0.9923743	3.923469	2.325958
25398	-1248.997	-1463.169	214.1729	1.074583	3.953394	2.176216
25404	-1244.333	-1458.914	214.5807	1.121798	3.246282	2.048413
25410	-1235.21	-1449.987	214.7777	1.377617	4.084059	1.52141
25416	-1247.212	-1461.52	214.3078	1.144065	3.445809	2.161795
25422	-1245.252	-1459.856	214.6037	1.228575	3.807823	1.819355
25428	-1251.814	-1466.563	214.7491	1.11793	3.816862	1.793122
25434	-1245.013	-1459.897	214.8838	1.211725	3.276495	1.773911
25440	-1244.96	-1459.14	214.1797	1.055194	4.434725	2.082481
25446	-1247.13	-1461.82	214.6901	1.055194	3.201718	2.031871
25452	-1249.114	-1463.125	214.0112	1.000171	2.768624	2.618049
25458	-1259.891	-1473.797	213.9061	0.8962068	3.186908	2.636627
25464	-1259.738	-1474.734	214.9953	1.052785	3.422273	1.767471
25470	-1249.187	-1461.566	212.3793	0.8875828	4.528979	3.279022
25476	-1244.078	-1458.678	214.5993	0.9843204	2.924339	2.21347
25482	-1254.592	-1468.634	214.042	0.9610301	3.134471	2.525422
25488	-1252.104	-1465.957	213.8525	0.8624887	2.873485	2.771265
25494	-1248.817	-1462.935	214.1173	1.189724	3.381193	2.271312
25500	-1240.531	-1454.11	213.5791	0.9157839	4.228306	2.59503
25506	-1248.162	-1462.464	214.3025	0.9596412	4.142462	2.125542
25512	-1242.018	-1456.045	214.0263	1.044161	4.280947	2.221044
25518	-1232.269	-1446.552	214.2828	1.034161	3.401645	2.259863
25524	-1244.2	-1458.383	214.183	0.9494619	3.109984	2.450716
25530	-1243.298	-1456.69	213.3921	0.8949829	3.06918	2.979559
25536	-1236.069	-1450.021	213.9523	0.8834665	3.815775	2.468857
25542	-1239.654	-1453.063	213.4085	0.9218499	3.761948	2.792638
25548	-1231.6	-1445.553	213.9532	0.8959699	3.89949	2.442245
25554	-1235.677	-1450.053	214.3761	0.984478	4.090808	2.072108
25560	-1235.749	-1449.444	213.695	0.8874948	3.631079	2.667039
25566	-1246.246	-1460.819	214.5731	1.219524	3.545008	1.911196
25572	-1241.918	-1456.775	214.8576	1.382092	3.744877	1.545024
25578	-1236.92	-1451.956	215.0364	1.342767	3.368623	1.545024
25584	-1257.157	-1471.676	214.5185	0.9756292	2.96433	2.26002
25590	-1259.908	-1474.998	215.0899	1.268434	4.000174	1.387974
25596	-1256.1	-1471.127	215.0269	1.185291	3.622332	1.597537
25602	-1257.514	-1472.545	215.0314	1.180129	3.2843	1.690209
25608	-1250.442	-1465.011	214.5693	1.102022	3.19072	2.083643
25614	-1247.437	-1461.328	213.8906	0.9029635	3.895561	2.477944
25620	-1249.846	-1463.485	213.6386	0.9377325	4.317395	2.526765
25626	-1257.365	-1471.312	213.9474	1.177908	3.847082	2.278504
25632	-1263.936	-1477.119	213.1828	0.8533718	3.964637	2.928361
25638	-1251.509	-1465.037	213.528	0.6932023	3.448767	2.928361
25644	-1255.251	-1468.132	212.8806	0.8887135	4.006032	3.080078
25650	-1265.117	-1478.294	213.1764	0.9391915	3.701977	2.935709
25656	-1260.321	-1475.096	214.7748	1.061086	3.676849	1.848873
25662	-1264.998	-1479.92	214.9217	1.184395	4.013182	1.575167
25668	-1260.136	-1474.104	213.9683	0.8970372	3.198414	2.594779
25674	-1258.866	-1473.736	214.8705	1.508844	3.919661	1.392955
25680	-1257.795	-1473.129	215.3348	1.508844	3.377076	1.173741
25686	-1255.356	-1470.686	215.3304	1.508844	3.684555	1.074372
25692	-1250.283	-1465.636	215.3533	1.508844	3.621554	1.074372
25698	-1240.085	-1454.607	214.5225	1.307555	5.207627	1.513418
25704	-1244.808	-1459.604	214.796	1.174405	3.663845	1.759068
25710	-1253.263	-1468.032	214.7694	1.49353	4.70585	1.286811
25716	-1255.175	-1470.083	214.9081	1.447343	4.400416	1.286811
25722	-1275.155	-1488.823	213.6678	0.9020033	3.194843	2.777242
25728	-1266.247	-1479.997	213.75	0.6869095	3.734165	2.733612
25734	-1270.105	-1484.198	214.093	1.023103	3.734165	2.30981
25740	-1254.179	-1467.872	213.6928	0.8163699	3.734165	2.689309
25746	-1250.134	-1463.806	213.6722	0.7331912	4.035208	2.689309
25752	-1242.744	-1456.09	213.3456	0.7140643	4.077671	2.891283
25758	-1251.93	-1465.575	213.6457	0.8073644	3.022684	2.891283
25764	-1245.142	-1458.771	213.6281	0.8171112	3.21396	2.848319
25770	-1250.019	-1462.572	212.5528	0.682419	3.310766	3.543245
25776	-1256.01	-1468.805	212.7948	0.6235569	3.310766	3.436359
25782	-1256.95	-1470.244	213.2944	0.6421737	3.018379	3.201387
25788	-1258.125	-1470.689	212.5642	0.7354764	3.187116	3.534429
25794	-1256.35	-1469.64	213.2898	0.7038667	2.787265	3.22729
25800	-1258.842	-1471.872	213.0295	0.7888917	3.23701	3.218156
25806	-1262.649	-1476.261	213.6119	0.7888917	3.321914	2.849286
25812	-1265.238	-1478.995	213.7565	0.8169159	2.880162	2.855568
25818	-1258.999	-1473.844	214.845	1.33014	3.138727	1.75712
25824	-1265.743	-1481.266	215.5228	1.269091	3.138727	1.296893
25830	-1253.317	-1468.195	214.8774	1.362997	3.96681	1.487037
25836	-1261.2	-1476.359	215.1591	1.216137	3.485224	1.514895
25842	-1255.007	-1469.472	214.4654	1.171572	3.990132	1.909976
25848	-1255.337	-1470.094	214.7561	1.292061	3.062811	1.866467
25854	-1256.63	-1470.823	214.1923	1.010207	3.02624	2.428612
25860	-1249.437	-1463.404	213.9673	0.8547147	3.395669	2.573512
25866	-1264.454	-1478.124	213.6703	0.8881174	3.800194	2.644634
25872	-1257.773	-1471.54	213.7669	1.026128	4.401883	2.374007
25878	-1263.341	-1477.58	214.2386	1.02387	4.282739	2.095689
25884	-1256.213	-1470.828	214.6149	0.9121695	3.846986	2.01657
25890	-1240.07	-1453.394	213.3245	0.6990598	3.213729	3.101854
25896	-1251.359	-1464.403	213.0438	0.6177015	2.980001	3.373209
25902	-1245.702	-1459.648	213.9467	0.8982393	3.786276	2.469611
25908	-1251.711	-1466.307	214.5954	1.257355	3.860675	1.792472
25914	-1243.867	-1457.898	214.0314	1.049909	4.617748	2.146552
25920	-1250.338	-1464.964	214.6265	1.206531	3.859245	1.806485
25926	-1244.794	-1459.846	215.0521	1.21777	3.594357	1.562843
25932	-1244.394	-1458.427	214.0333	0.9543148	3.544962	2.434794
25938	-1248.333	-1462.139	213.8065	0.8815014	4.410711	2.438554
25944	-1261.831	-1476.118	214.2865	0.8335112	4.410711	2.162484
25950	-1250.691	-1465.012	214.3212	1.019385	4.917649	1.916468
25956	-1263.711	-1478.802	215.0915	1.04741	4.069292	1.537236
25962	-1243.822	-1457.657	213.8353	1.029272	3.724183	2.471116
25968	-1243.96	-1458.073	214.1127	0.8371277	3.354316	2.503853
25974	-1249.298	-1463.484	214.1862	0.9740149	3.537244	2.327342
25980	-1257.379	-1471.727	214.3475	0.9542848	3.325764	2.288443
25986	-1263.522	-1477.679	214.1574	0.9233739	3.033272	2.503106
25992	-1253.431	-1466.901	213.4699	0.9499818	5.009665	2.495924
25998	-1240.644	-1454.247	213.6037	0.846612	4.616096	2.548054
26004	-1249.012	-1463.076	214.0644	1.016755	4.331598	2.203733
26010	-1246.231	-1460.534	214.3022	0.88336	5.210124	1.966195
26016	-1246.796	-1460.59	213.7948	1.017882	5.196291	2.213845
26022	-1248.804	-1462.097	213.2927	0.965013	3.886904	2.810292
26028	-1249.274	-1463.248	213.9741	1.057298	3.886904	2.329654
26034	-1257.228	-1470.648	213.4197	1.013586	3.602738	2.764835
26040	-1249.36	-1462.948	213.5888	0.9779782	4.051781	2.586317
26046	-1244.932	-1458.082	213.1496	0.855362	4.341636	2.872814
26052	-1252.682	-1465.707	213.0255	0.8067887	5.414653	2.790628
26058	-1255.185	-1468.516	213.331	0.670133	3.654473	3.014799
26064	-1243.538	-1457.486	213.948	0.9519224	4.164559	2.354124
26070	-1242.616	-1456.543	213.9279	0.9519224	4.758719	2.249978
26076	-1245.779	-1460.417	214.6375	1.169435	4.785968	1.617406
26082	-1245.243	-1459.569	214.3252	1.169435	4.561495	1.88279
26088	-1238.285	-1453.057	214.7719	1.218071	3.648497	1.749251
26094	-1244.621	-1459.046	214.4254	1.175711	4.964393	1.727783
26100	-1245.28	-1458.885	213.6049	1.126864	3.799588	2.537358
26106	-1244.06	-1458.536	214.4757	1.076371	3.721923	2.029249
26112	-1234.233	-1449.063	214.8307	1.205315	4.225951	1.575257
26118	-1239.048	-1453.956	214.9086	1.185412	3.269659	1.776896
26124	-1245.577	-1460.469	214.8926	1.259784	3.124929	1.776896
26130	-1241.973	-1457.129	215.1564	1.466441	4.159825	1.123629
26136	-1233.131	-1448.4	215.2689	1.582569	3.520892	1.118349
26142	-1232.334	-1447.048	214.714	1.317774	3.520892	1.752863
26148	-1239.852	-1454.635	214.7826	1.323477	3.797881	1.628887
26154	-1250.251	-1464.878	214.627	1.056568	4.236354	1.822781
26160	-1252.121	-1466.275	214.1539	1.106865	3.239668	2.336342
26166	-1255.928	-1470.923	214.9959	1.314603	3.239668	1.632094
26172	-1249.147	-1463.72	214.5727	1.092497	3.63073	1.975798
26178	-1253.19	-1467.367	214.1762	1.117227	3.878629	2.162948
26184	-1264.99	-1479.206	214.216	1.029357	4.020107	2.162948
26190	-1253.932	-1467.769	213.837	0.9803178	2.8948	2.702983
26196	-1252.563	-1466.131	213.5677	0.9828363	3.375642	2.745396
26202	-1248.82	-1462.866	214.0456	1.03931	4.014475	2.267745
26208	-1256.463	-1470.637	214.1742	0.8753175	4.293816	2.231854
26214	-1241.343	-1455.056	213.7134	0.8748371	3.108519	2.787486
26220	-1247.911	-1461.802	213.8908	1.105262	4.198375	2.285888
26226	-1257.669	-1472.004	214.3346	1.178732	3.964776	1.998819
26232	-1259.024	-1473.736	214.7126	1.101304	3.155217	1.998819
26238	-1269.57	-1483.788	214.2176	1.044565	3.576876	2.252733
26244	-1269.973	-1482.51	212.5366	0.9309027	3.519784	3.360637
26250	-1254.796	-1468.092	213.2956	0.7940755	2.821473	3.161292
26256	-1251.459	-1464.573	213.1139	0.714833	2.981446	3.274419
26262	-1250.626	-1464.16	213.5344	0.8947882	3.436827	2.805118
26268	-1257.193	-1470.053	212.8597	0.7009796	3.195043	3.379983
26274	-1251.56	-1464.265	212.7052	0.6976909	3.60551	3.379983
26280	-1255.355	-1467.911	212.5561	0.6900378	3.60551	3.471766
26286	-1251.55	-1465.692	214.1414	0.8469656	2.847557	2.610396
26292	-1245.313	-1459.809	214.4964	1.064079	4.218068	1.910899
26298	-1258.289	-1472.337	214.0487	1.079635	4.323449	2.174856
26304	-1255.191	-1468.629	213.438	0.7111462	3.145419	3.043354
26310	-1251.829	-1465.818	213.9894	0.8413693	3.28687	2.594308
26316	-1270.267	-1483.269	213.0018	0.7975384	4.074029	3.048577
26322	-1256.298	-1470.194	213.8955	0.7134439	4.242309	2.521348
26328	-1266.173	-1479.102	212.9283	0.6723324	3.968415	3.187953
26334	-1249.634	-1463.604	213.9696	0.9708383	3.930708	2.377863
26340	-1248.606	-1462.493	213.8867	0.9402132	3.623678	2.51733
26346	-1251.153	-1464.202	213.0486	0.8845735	2.803099	3.258833
26352	-1262.271	-1476.651	214.3801	0.9085258	3.210665	2.325971
26358	-1261.398	-1475.35	213.9522	0.8783669	2.900122	2.693412
26364	-1252.341	-1466.681	214.3402	1.042954	2.99507	2.322567
26370	-1256.424	-1470.921	214.4969	1.103712	3.322449	2.095687
26376	-1262.06	-1476.375	214.315	1.038775	3.500297	2.21205
26382	-1254.499	-1468.787	214.2872	1.099701	4.685754	1.930602
26388	-1256.971	-1471.228	214.2568	1.255993	3.550683	2.096274
26394	-1261.574	-1475.896	214.322	1.367244	3.304517	2.041895
26400	-1252.451	-1467.472	215.021	1.170193	3.181835	1.733548
26406	-1263.928	-1479.267	215.3388	1.355707	3.642937	1.216312
26412	-1255.464	-1470.303	214.8395	1.219498	3.510481	1.736525
26418	-1269.702	-1484.306	214.6031	0.9690896	3.885216	1.977701
26424	-1256.608	-1470.692	214.0842	0.9232848	3.582077	2.413603
26430	-1268.074	-1482.845	214.7714	1.066804	2.700737	2.112993
26436	-1259.443	-1474.232	214.7888	1.066804	2.700737	2.101623
26442	-1245.683	-1459.783	214.0994	1.033509	3.589163	2.332484
26448	-1248.021	-1462.221	214.2006	1.057068	4.582656	2.037612
26454	-1251.657	-1466.085	214.4278	1.089941	3.962492	1.996406
26460	-1262.414	-1476.82	214.4056	1.121708	4.179027	1.941825
26466	-1253.7	-1468.395	214.6943	1.22022	3.912058	1.737054
26472	-1249.1	-1463.994	214.8943	1.172403	3.250985	1.801001
26478	-1251.387	-1465.924	214.537	1.188307	3.798791	1.894727
26484	-1245.933	-1460.569	214.6363	1.251385	4.063685	1.71993
26490	-1255.855	-1469.782	213.9272	0.9687121	3.749402	2.445795
26496	-1244.211	-1457.333	213.1219	0.9131009	2.895657	3.174277
26502	-1254.033	-1468.9	214.8671	1.078309	3.023581	1.947305
26508	-1255.396	-1470.212	214.8166	1.247246	3.657046	1.695047
26514	-1267.354	-1482.211	214.8569	1.19397	3.677361	1.699061
26520	-1263.442	-1477.873	214.4319	1.007214	3.940647	2.053563
26526	-1264.314	-1477.034	212.7195	0.9611028	4.41888	3.053388
26532	-1251.66	-1465.413	213.7533	1.021345	3.446442	2.590848
26538	-1256.995	-1470.426	213.4313	0.9354424	4.547405	2.612691
26544	-1267.764	-1481.427	213.6635	1.044965	3.504326	2.618271
26550	-1259.96	-1474.489	214.5293	1.202834	3.805017	1.888598
26556	-1259.801	-1474.35	214.5487	1.129821	3.67884	1.955174
26562	-1261.095	-1474.706	213.6112	0.9872439	4.633624	2.452193
26568	-1264.574	-1478.346	213.7717	0.9330417	3.573158	2.604732
26574	-1261.432	-1474.909	213.4766	0.8996088	3.971772	2.720276
26580	-1259.298	-1473.277	213.9794	0.8803483	3.876794	2.440474
26586	-1258.6	-1472.471	213.8709	0.8638806	3.522845	2.597716
26592	-1256.659	-1470.183	213.5238	0.7662147	3.484532	2.878628
26598	-1261.799	-1474.855	213.0553	0.7416536	3.433217	3.185508
26604	-1257.522	-1471.274	213.7523	0.7762432	3.433217	2.745355
26610	-1254.674	-1468.292	213.6181	0.9211282	4.138727	2.585573
26616	-1257.935	-1471.613	213.6786	1.116507	4.709215	2.313535
26622	-1263.335	-1477.691	214.3562	1.280901	4.334676	1.83326
26628	-1266.844	-1481.864	215.0206	1.363332	3.556508	1.488392
26634	-1254.257	-1469.077	214.8197	1.192453	4.733948	1.477014
26640	-1255.961	-1470.769	214.8085	1.312259	3.762218	1.627393
26646	-1249.399	-1464.218	214.8188	1.310791	4.258442	1.498211
26652	-1252.082	-1464.897	212.8153	0.7989734	4.67617	3.046448
26658	-1251.388	-1464.774	213.3861	0.8592691	3.75534	2.845706
26664	-1258.984	-1473.306	214.322	0.8426806	4.698216	2.076258
26670	-1252.737	-1467.495	214.7576	1.207348	3.613209	1.775733
26676	-1253.799	-1468.273	214.4745	1.018242	3.905569	2.025972
26682	-1263.14	-1476.374	213.2338	0.9981828	3.217671	2.976169
26688	-1265.26	-1479.166	213.9058	1.012881	3.217671	2.556903
26694	-1253.213	-1467.136	213.9226	0.9753831	3.795327	2.434267
26700	-1247.152	-1461.122	213.9705	0.9315946	3.783725	2.434267
26706	-1238.023	-1451.596	213.5724	0.9678506	5.067736	2.410174
26712	-1260.451	-1473.923	213.4721	0.6738919	4.041971	2.846223
26718	-1261.947	-1475.07	213.1235	0.6557338	3.287614	3.22947
26724	-1249.441	-1463.283	213.8424	1.136748	3.551937	2.438499
26730	-1243.509	-1456.513	213.0041	0.9680574	3.912815	2.977536
26736	-1262.556	-1476.145	213.5891	1.050798	4.698629	2.413966
26742	-1263.337	-1477.274	213.9367	1.098195	3.506689	2.413966
26748	-1262.959	-1475.532	212.5723	0.8910221	3.401537	3.389412
26754	-1255.293	-1468.898	213.6044	0.9863752	2.572642	2.930407
26760	-1263.197	-1476.175	212.9777	0.784358	3.719793	3.143473
26766	-1264.203	-1477.526	213.323	0.8923947	2.472525	3.18406
26772	-1256.004	-1470.722	214.7187	1.106321	3.302547	1.951839
26778	-1254.974	-1469.471	214.4968	1.137837	3.254338	2.091014
26784	-1247.604	-1462.578	214.974	1.157335	3.347122	1.729486
26790	-1259.307	-1473.204	213.8968	0.9673306	3.138204	2.610691
26796	-1256.659	-1471.762	215.1032	1.147487	3.832777	1.513924
26802	-1245.452	-1458.911	213.4592	0.8029652	3.720856	2.842974
26808	-1243.132	-1456.688	213.556	0.8271568	3.394363	2.842974
26814	-1240.907	-1454.809	213.9018	0.7868525	4.618786	2.398137
26820	-1242.043	-1454.821	212.7783	0.8201819	3.680327	3.248813
26826	-1252.824	-1465.759	212.935	0.748361	3.450734	3.248813
26832	-1257.511	-1470.655	213.144	0.7827083	5.127486	2.780081
26838	-1243.133	-1456.257	213.1241	0.8720753	3.683647	3.01145
26844	-1237.078	-1450.633	213.5545	0.8797945	4.02115	2.67443
26850	-1242.392	-1455.891	213.4987	0.8797945	4.190367	2.67443
26856	-1243.146	-1457.841	214.6947	1.207652	3.171294	1.935118
26862	-1240.838	-1455.495	214.6572	1.178294	3.465256	1.902404
26868	-1258.034	-1472.257	214.223	1.042678	3.769852	2.205605
26874	-1252.421	-1466.884	214.4625	0.9751479	3.307823	2.205605
26880	-1239.806	-1454.397	214.5911	1.213696	3.307823	1.964049
26886	-1242.394	-1457.262	214.8683	1.229637	3.51809	1.707112
26892	-1250.733	-1466.008	215.2747	1.455123	2.79785	1.460352
26898	-1255.048	-1470.012	214.9638	1.389064	2.96004	1.684699
26904	-1252.558	-1467.151	214.5923	1.105419	3.732835	1.929223
26910	-1247.799	-1462.904	215.1043	1.344029	3.618423	1.421998
26916	-1269.604	-1484.895	215.2912	1.344029	2.336173	1.692867
26922	-1268.449	-1483.757	215.3081	1.360759	3.240049	1.362636
26928	-1261.512	-1476.594	215.0821	1.536869	3.989489	1.177083
26934	-1265.642	-1480.935	215.2932	1.558927	3.690418	1.060333
26940	-1273.879	-1488.569	214.6907	1.218804	3.752738	1.77934
26946	-1266.581	-1481.416	214.8353	1.246258	3.677164	1.677309
26952	-1251.384	-1466.497	215.1135	1.404731	4.678493	1.071791
26958	-1247.001	-1462.282	215.2809	1.404731	3.501804	1.267346
26964	-1243.346	-1458.891	215.5442	1.503137	3.450927	0.9541611
26970	-1251.566	-1466.845	215.279	1.503137	4.149481	0.9744779
26976	-1254.26	-1469.616	215.3567	1.460785	3.494886	1.157334
26982	-1242.605	-1457.763	215.1582	1.395594	4.256456	1.157334
26988	-1249.599	-1464.635	215.0364	1.306212	5.140972	1.112252
26994	-1267.12	-1481.984	214.8636	1.334264	4.144575	1.474499
27000	-1270.989	-1486.309	215.3199	1.261346	3.280886	1.418394
27006	-1259.226	-1474.09	214.8638	1.31195	3.235	1.729351
27012	-1258.989	-1473.867	214.8777	1.341892	3.611872	1.594982
27018	-1267.805	-1482.438	214.6336	1.424069	4.073363	1.595854
27024	-1247.705	-1461.671	213.9657	1.087663	3.369107	2.435361
27030	-1243.749	-1458.075	214.3263	1.068431	3.977675	2.074537
27036	-1250.61	-1464.139	213.5296	0.8995104	4.534111	2.576556
27042	-1264.545	-1478.939	214.3936	1.188424	4.69976	1.794415
27048	-1258.223	-1472.717	214.4943	1.130495	4.699504	1.764725
27054	-1265.516	-1480.158	214.6424	1.166851	3.186431	1.993458
27060	-1253.409	-1468.361	214.9516	1.264807	4.091801	1.473561
27066	-1262.296	-1477.348	215.0518	1.16147	3.658818	1.587124
27072	-1256.262	-1471.277	215.0144	1.334353	4.718385	1.212203
27078	-1250.056	-1465.23	215.1731	1.312819	4.060595	1.269457
27084	-1257.263	-1472.175	214.9124	1.230152	5.687205	1.162678
27090	-1251.152	-1466.277	215.1251	1.497103	4.113768	1.137748
27096	-1252.908	-1468.298	215.3893	1.670957	3.644748	0.8594635
27102	-1257.006	-1471.99	214.9844	1.357168	3.330427	1.583579
27108	-1263.36	-1478.283	214.9223	1.10131	2.868887	1.939572
27114	-1253.374	-1468.397	215.023	1.112408	3.062276	1.806732
27120	-1258.601	-1472.486	213.8852	0.7860693	4.163916	2.498269
27126	-1253.551	-1466.613	213.0612	0.9711811	3.894014	2.94517
27132	-1256.007	-1469.711	213.7037	0.8934144	3.695406	2.64371
27138	-1252.603	-1466.557	213.9537	0.8921933	3.547183	2.523022
27144	-1255.314	-1467.788	212.4734	0.9122245	3.366485	3.442835
27150	-1255.546	-1468.128	212.5821	0.8796947	3.17427	3.442835
27156	-1260.679	-1474.465	213.7859	1.106056	3.713386	2.456339
27162	-1251.41	-1465.643	214.233	1.062769	3.304751	2.297567
27168	-1257.665	-1472.261	214.5962	0.9370974	4.110033	1.952948
27174	-1254.215	-1468.118	213.903	0.8875984	2.86452	2.727458
27180	-1245.466	-1458.81	213.344	0.9060563	3.534521	2.891431
27186	-1243.482	-1457.3	213.8179	0.9080511	2.808714	2.782134
27192	-1238.874	-1451.73	212.8565	0.6453724	2.887005	3.490226
27198	-1247.437	-1461.149	213.7113	1.003822	2.887005	2.767607
27204	-1245.789	-1459.571	213.7822	1.078844	3.761328	2.465046
27210	-1245.343	-1459.032	213.6888	0.9606233	3.753301	2.598637
27216	-1253.063	-1465.969	212.9061	1.036658	3.09487	3.178748
27222	-1248.404	-1461.756	213.3515	0.9340427	3.255243	2.934866
27228	-1249.846	-1463.398	213.552	1.001208	3.957417	2.614388
27234	-1255.695	-1469.027	213.3314	0.9162341	3.228511	2.96416
27240	-1245.649	-1459.521	213.8727	0.9559091	3.793585	2.478217
27246	-1247.045	-1461.066	214.0206	0.9228146	4.063109	2.347711
27252	-1245.005	-1459.288	214.2828	0.9319364	2.952308	2.440775
27258	-1247.542	-1460.949	213.4068	1.04044	3.814822	2.70988
27264	-1240.42	-1454.385	213.9649	0.8831274	3.814822	2.461379
27270	-1241.107	-1454.809	213.7017	0.978663	3.659165	2.600381
27276	-1241.802	-1456.08	214.2783	1.07192	3.587797	2.193326
27282	-1253.66	-1468.076	214.4162	1.026268	3.617045	2.126344
27288	-1239.959	-1454.644	214.6849	1.1623	2.943184	2.035783
27294	-1239.085	-1453.423	214.338	1.057181	4.345856	1.994647
27300	-1245.675	-1460.189	214.5135	1.302602	3.94633	1.797508
27306	-1243.854	-1458.644	214.7901	1.350904	3.867544	1.585916
27312	-1241.099	-1456.261	215.1613	1.397149	3.5466	1.356641
27318	-1261.29	-1476.65	215.3598	1.541766	3.357003	1.129368
27324	-1250.248	-1465.536	215.2879	1.506084	4.090449	0.9821754
27330	-1258.83	-1474.268	215.4378	1.402301	3.339034	1.189538
27336	-1255.424	-1470.537	215.1129	1.303324	4.509088	1.208146
27342	-1248.95	-1464.177	215.2273	1.377778	3.923967	1.208146
27348	-1250.079	-1465.229	215.1501	1.36801	3.368325	1.440599
27354	-1255.978	-1471.18	215.2015	1.417166	3.005473	1.475923
27360	-1254.462	-1469.21	214.7478	1.222912	3.544598	1.789275
27366	-1252.928	-1467.741	214.8129	1.203102	3.561223	1.753432
27372	-1249.936	-1463.923	213.9872	1.203102	4.187301	2.162875
27378	-1264.428	-1478	213.5723	1.137155	3.280335	2.670782
27384	-1261.828	-1474.78	212.9525	0.9355053	3.473362	3.122336
27390	-1261.906	-1474.933	213.0271	0.9611119	3.378175	3.084257
27396	-1255.24	-1468.856	213.6159	0.9550032	4.266678	2.540229
27402	-1245.122	-1458.852	213.7298	1.060653	3.622739	2.540229
27408	-1267.444	-1481.206	213.7624	1.061779	3.531254	2.540229
27414	-1266.711	-1481.178	214.4672	1.201152	2.700208	2.223586
27420	-1264.358	-1477.192	212.8341	0.7698739	2.578695	3.513063
27426	-1262.101	-1474.982	212.8813	0.8714579	3.40762	3.217501
27432	-1251.837	-1465.906	214.0687	0.9635977	2.882058	2.573776
27438	-1256.876	-1471.629	214.753	1.045669	2.877718	2.086605
27444	-1269.264	-1483.559	214.295	1.079792	3.423744	2.217233
27450	-1255.136	-1468.836	213.6997	1.103855	2.544644	2.809753
27456	-1268.501	-1480.88	212.3785	0.7593321	3.196061	3.626393
27462	-1274.623	-1488.917	214.2939	0.8488694	3.680283	2.305114
27468	-1278.787	-1491.762	212.9742	0.8414435	4.292352	2.996329
27474	-1275.892	-1490.113	214.2215	0.8808706	4.016109	2.256223
27480	-1274.101	-1488.294	214.1928	1.014658	3.712526	2.256223
27486	-1269.792	-1484.239	214.447	0.9168251	3.40365	2.229263
27492	-1262.573	-1476.237	213.6643	0.9602558	3.16043	2.752335
27498	-1258.551	-1472.681	214.1295	0.8659518	3.905907	2.348368
27504	-1264.424	-1477.02	212.596	0.7084779	4.090475	3.338709
27510	-1259	-1471.886	212.8856	0.7654041	2.941567	3.38909
27516	-1260.044	-1473.115	213.0705	0.6564906	3.246833	3.269857
27522	-1258.041	-1470.747	212.7055	0.7418263	3.246833	3.434201
27528	-1258.552	-1472.321	213.7689	0.8409347	3.589121	2.659668
27534	-1251.996	-1466.103	214.107	1.072162	3.086657	2.427432
27540	-1252.951	-1466.678	213.7274	0.6169135	3.294697	2.890006
27546	-1256.076	-1469.913	213.837	0.7568321	3.294697	2.738247
27552	-1267.868	-1481.966	214.0978	1.159854	3.430472	2.290835
27558	-1249.988	-1464.891	214.9031	1.301802	3.229297	1.710383
27564	-1255.117	-1470.27	215.1536	1.250378	3.342938	1.533997
27570	-1243.982	-1458.994	215.0119	1.296244	3.479914	1.566056
27576	-1237.446	-1452.597	215.1505	1.1956	3.571413	1.512675
27582	-1247.479	-1461.757	214.2783	1.086177	3.446613	2.218248
27588	-1247.72	-1462.285	214.565	1.058476	3.930802	1.932685
27594	-1262.996	-1478.158	215.1623	1.583559	4.001983	1.058392
27600	-1266.309	-1479.954	213.6447	0.9508173	5.097724	2.369966
27606	-1264.469	-1478.969	214.4996	1.069821	4.426429	1.859954
27612	-1248.255	-1463.499	215.2443	1.30422	4.117187	1.201116
27618	-1247.679	-1462.542	214.8637	1.319874	4.649439	1.363913
27624	-1239.215	-1454.649	215.4339	1.344208	3.191652	1.290563
27630	-1247.792	-1461.56	213.7684	1.150354	3.300407	2.536362
27636	-1257.588	-1470.859	213.2718	1.017202	3.300407	2.922048
27642	-1240.339	-1454.784	214.4448	1.208827	3.394316	2.042348
27648	-1250.711	-1465.466	214.7551	1.085697	3.573686	1.871267
27654	-1255.104	-1470.038	214.934	1.181098	4.362795	1.484198
27660	-1245.048	-1459.814	214.7662	1.097092	4.458437	1.647421
27666	-1243.784	-1458.589	214.8054	1.081555	3.678574	1.81335
27672	-1243.898	-1458.355	214.4575	0.9211624	4.915454	1.891105
27678	-1253.294	-1466.932	213.638	0.8380837	3.64955	2.728248
27684	-1258.553	-1472.027	213.4742	0.8875601	3.99922	2.723487
27690	-1258.464	-1472.269	213.8051	0.9030953	3.664152	2.581999
27696	-1255.349	-1468.227	212.8782	0.704727	4.097079	3.172955
27702	-1264.578	-1477.85	213.2716	0.7246571	3.995917	2.946078
27708	-1259.82	-1473.833	214.013	1.052161	3.456809	2.406753
27714	-1257.145	-1470.683	213.5379	0.94482	4.871321	2.48116
27720	-1259.519	-1472.448	212.9294	0.8222823	3.396852	3.220554
27726	-1256.73	-1469.749	213.0189	0.7214282	3.63254	3.175067
27732	-1261.117	-1474.372	213.2552	0.9779419	3.33259	2.948075
27738	-1274.16	-1488.761	214.6009	1.157174	3.055292	2.063242
27744	-1267.51	-1481.034	213.5248	0.8694265	3.383028	2.838887
27750	-1256.309	-1470.453	214.1434	1.048187	3.065574	2.42511
27756	-1249.559	-1463.49	213.9319	0.9335983	2.413619	2.811542
27762	-1247.659	-1460.99	213.331	0.9645015	3.980244	2.767892
27768	-1248.085	-1461.484	213.3992	0.7877233	3.886651	2.853329
27774	-1244.256	-1457.659	213.4029	0.8351258	3.740737	2.853329
27780	-1264.981	-1479.284	214.303	1.066395	5.185927	1.846067
27786	-1258.095	-1473.024	214.9282	1.091208	3.205592	1.846067
27792	-1255.086	-1469.296	214.2093	0.84437	5.636223	1.979656
27798	-1243.62	-1458.398	214.778	1.292225	3.798304	1.654599
27804	-1243.934	-1458.168	214.234	1.035297	3.585998	2.246012
27810	-1257.296	-1471.342	214.0458	0.9354847	3.06357	2.557225
27816	-1254.725	-1468.884	214.1598	0.8918545	4.033309	2.285042
27822	-1267.329	-1481.049	213.72	1.121335	3.241273	2.598991
27828	-1275.441	-1489.316	213.8746	1.181849	2.73721	2.598991
27834	-1262.173	-1477.112	214.9389	1.095462	3.17876	1.843275
27840	-1266.039	-1481.079	215.04	1.141878	3.73271	1.590654
27846	-1260.969	-1475.339	214.3693	1.25182	4.964231	1.713679
27852	-1246.237	-1461.108	214.8711	1.342125	3.745168	1.564489
27858	-1258.527	-1472.694	214.1675	1.1745	3.334828	2.260389
27864	-1263.227	-1478.216	214.989	1.339529	3.005097	1.688282
27870	-1257.965	-1472.89	214.9254	1.499996	4.307902	1.253136
27876	-1254.243	-1469.134	214.8912	1.212095	3.784994	1.634178
27882	-1256.776	-1471.435	214.6592	1.122252	2.906086	2.089787
27888	-1251.956	-1466.545	214.5886	0.9675342	4.118052	1.935821
27894	-1271.563	-1485.917	214.3541	1.176265	4.25131	1.924032
27900	-1250.116	-1464.686	214.5697	1.04221	3.679043	1.999643
27906	-1253.548	-1468.01	214.4628	0.9621009	4.001258	2.049371
27912	-1254.098	-1468.464	214.3665	0.9309221	3.067152	2.357762
27918	-1246.056	-1459.913	213.8572	1.001053	5.006421	2.218263
27924	-1258.673	-1472.621	213.9482	0.9567356	3.647388	2.463119
27930	-1247.201	-1461.263	214.0619	1.045546	2.984125	2.499459
27936	-1255.455	-1470.284	214.8289	1.136748	3.892786	1.705651
27942	-1242.985	-1457.379	214.3946	1.069912	3.892786	2.047559
27948	-1239.743	-1454.066	214.3228	0.9916992	4.349148	2.047559
27954	-1236.135	-1450.412	214.2768	0.9698002	3.305831	2.328686
27960	-1239.078	-1452.997	213.9191	0.9714276	4.014681	2.391509
27966	-1236.926	-1451.197	214.2707	1.08624	3.098939	2.311544
27972	-1236.936	-1451.491	214.5554	1.337161	5.194886	1.469008
27978	-1234.938	-1450.104	215.166	1.291942	3.494478	1.449841
27984	-1233.496	-1448.429	214.9333	1.121346	3.250291	1.809526
27990	-1237.509	-1452.224	214.7154	1.121346	3.84488	1.807366
27996	-1242.497	-1456.957	214.4605	1.125983	4.279707	1.879817
28002	-1242.951	-1456.779	213.8287	0.9228991	4.714434	2.340274
28008	-1240.186	-1454.707	214.5209	1.22032	3.784905	1.887244
28014	-1247.183	-1462.011	214.828	1.382076	3.694854	1.579986
28020	-1244.374	-1459.689	215.3152	1.202236	3.551613	1.387404
28026	-1250.226	-1465.348	215.1217	1.421585	3.551613	1.367118
28032	-1269.297	-1483.056	213.7591	0.8681515	4.220023	2.514447
28038	-1257.314	-1471.303	213.9892	0.8463102	3.910554	2.448444
28044	-1251.499	-1465.351	213.8518	0.6978771	2.652694	2.932316
28050	-1260.652	-1474.729	214.0771	0.7678566	4.586386	2.305042
28056	-1248.989	-1463.102	214.1134	0.9273943	3.434058	2.42758
28062	-1264.532	-1477.549	213.0169	0.811579	3.781702	3.09081
28068	-1248.694	-1463.317	214.623	0.9649538	3.060884	2.173008
28074	-1245.522	-1459.583	214.0614	0.9641895	2.973369	2.553364
28080	-1240.886	-1455.286	214.3993	0.9341316	3.224116	2.293954
28086	-1251.443	-1465.704	214.261	1.028403	3.335482	2.293954
28092	-1248.265	-1463.113	214.8484	1.034982	3.340578	1.902379
28098	-1258.136	-1472.473	214.3377	0.9419443	4.412393	2.057489
28104	-1258.117	-1472.187	214.0697	1.05313	4.162866	2.21176
28110	-1255.276	-1469.64	214.3642	1.125664	3.380212	2.153448
28116	-1255.589	-1470.087	214.4977	1.137817	2.872589	2.194529
28122	-1256.337	-1470.851	214.5139	1.208912	3.458907	1.979892
28128	-1252.477	-1467.483	215.0058	1.273731	4.516625	1.31934
28134	-1249.47	-1464.235	214.7659	1.09275	4.250999	1.69723
28140	-1252.084	-1466.542	214.4576	1.03028	5.13657	1.773537
28146	-1246.114	-1460.793	214.679	0.9262043	3.758962	1.985104
28152	-1266.148	-1480.453	214.3052	0.9887356	5.347981	1.867848
28158	-1265.904	-1480.63	214.7252	1.076003	4.793198	1.620017
28164	-1250.631	-1465.02	214.3887	1.012184	3.224544	2.250615
28170	-1256.07	-1470.127	214.0568	0.9786379	4.191574	2.262068
28176	-1255.309	-1469.822	214.5128	0.9697518	3.81855	2.052684
28182	-1252.055	-1466.392	214.3363	1.106673	3.81855	2.078755
28188	-1254.044	-1467.446	213.4017	0.8685968	3.696101	2.843444
28194	-1254.06	-1467.649	213.5881	0.8603315	3.433605	2.794126
28200	-1242.022	-1455.92	213.8981	0.8610152	3.359944	2.62098
28206	-1256.241	-1469.125	212.8845	0.8171376	3.236624	3.287235
28212	-1264.929	-1478.705	213.7763	0.9323335	4.141256	2.47956
28218	-1262.123	-1475.825	213.7021	0.9814145	3.643745	2.601859
28224	-1260.572	-1474.424	213.8523	0.9814145	3.248742	2.601859
28230	-1260.636	-1473.671	213.0357	0.7649017	3.546553	3.158061
28236	-1263.847	-1476.854	213.0075	0.8805238	3.654137	3.082522
28242	-1253.369	-1467.74	214.3707	1.130516	3.796963	2.045361
28248	-1247.576	-1461.734	214.1584	1.058262	3.526459	2.293863
28254	-1243.591	-1458.115	214.524	1.054954	3.443614	2.079243
28260	-1243.755	-1457.562	213.8063	0.8392172	3.456443	2.668218
28266	-1250.545	-1464.687	214.1418	1.05868	4.328108	2.126887
28272	-1233.965	-1448.423	214.4588	0.9631147	4.273193	1.992122
28278	-1239.192	-1453.148	213.9565	1.002662	3.548815	2.451758
28284	-1253.646	-1466.942	213.296	0.9477033	2.799865	3.07535
28290	-1266.878	-1481.698	214.8206	1.004906	2.799865	2.091701
28296	-1265.227	-1479.307	214.0801	0.9769571	3.648296	2.366962
28302	-1266.01	-1479.025	213.0155	0.8057977	3.426595	3.172575
28308	-1270.348	-1484.017	213.6694	0.8563832	4.12649	2.596428
28314	-1263.993	-1476.964	212.9711	1.017716	3.503865	3.055389
28320	-1279.286	-1494.551	215.2649	2.109298	3.208518	0.3872678
28326	-1280.512	-1495.41	214.8986	1.843771	5.223056	0.5388553
28332	-1265.164	-1478.088	212.9241	0.718785	3.409535	3.282001
28338	-1266.246	-1479.548	213.3012	0.7677687	3.645302	2.97607
28344	-1271.947	-1486.911	214.9636	1.758396	5.230955	0.6097014
28350	-1278.966	-1494.338	215.3716	1.815816	3.151234	0.9306288
28356	-1277.3	-1492.59	215.2895	1.629891	3.311481	1.129291
28362	-1273.506	-1486.778	213.2718	0.8793648	3.178595	3.034087
28368	-1265.714	-1479.502	213.7882	0.8710588	3.44712	2.661916
28374	-1259.776	-1474.471	214.6948	1.150657	3.87117	1.795042
28380	-1258.445	-1473.284	214.8397	1.226859	3.87117	1.638965
28386	-1257.253	-1471.671	214.4187	0.9858297	4.200165	2.019334
28392	-1258.193	-1471.859	213.6662	0.7891132	3.233012	2.837549
28398	-1263.846	-1477.814	213.9685	1.015981	3.429236	2.464139
28404	-1256.065	-1470.639	214.5743	0.9895599	3.166536	2.160385
28410	-1279.761	-1493.748	213.9872	1.091916	3.943685	2.28681
28416	-1278.405	-1492.144	213.7389	0.9732303	4.0957	2.486696
28422	-1262.716	-1476.487	213.7706	0.9381706	3.925938	2.524442
28428	-1257.838	-1471.711	213.8729	0.9381706	3.540833	2.546214
28434	-1251.623	-1464.24	212.617	0.8043637	2.674598	3.59293
28440	-1255.806	-1468.944	213.1381	0.680963	3.36122	3.188809
28446	-1243.696	-1457.133	213.4372	0.8785307	3.680529	2.819232
28452	-1253.965	-1468.598	214.6334	1.017706	3.850825	1.932674
28458	-1247.157	-1461.61	214.4534	1.053366	4.285067	1.932674
28464	-1255.317	-1470.081	214.7631	1.044731	3.244284	1.978815
28470	-1278.332	-1492.01	213.6776	1.156282	3.451892	2.552775
28476	-1251.526	-1465.766	214.2398	1.0025	3.813315	2.210852
28482	-1238.088	-1451.633	213.545	0.9128268	3.21426	2.840632
28488	-1249.873	-1463.926	214.053	1.301382	3.541437	2.201729
28494	-1239.214	-1453.683	214.4692	1.051714	4.714874	1.833555
28500	-1252.359	-1465.942	213.5829	0.857738	2.916702	2.926188
28506	-1245.801	-1458.747	212.9466	0.6997409	3.757521	3.204152
28512	-1243.113	-1456.352	213.239	0.7252248	3.556957	3.058211
28518	-1252.257	-1466.18	213.9229	0.8698309	3.556957	2.553887
28524	-1253	-1466.859	213.859	0.8383065	3.822379	2.553887
28530	-1248.235	-1461.706	213.4714	0.9297244	3.799035	2.741483
28536	-1248.555	-1463.404	214.8493	1.043202	3.536461	1.845317
28542	-1233.833	-1447.726	213.8929	0.9297657	4.592306	2.31813
28548	-1245.307	-1459.298	213.9908	1.026875	3.758044	2.366999
28554	-1250.764	-1464.833	214.0681	0.9902109	3.381714	2.429181
28560	-1245.286	-1459.031	213.7449	0.9158704	4.391358	2.459422
28566	-1243.571	-1456.909	213.338	1.05739	4.391358	2.624638
28572	-1242.134	-1455.708	213.5744	1.059416	4.899777	2.380906
28578	-1249.763	-1464.001	214.2383	1.045476	3.012743	2.380906
28584	-1242.557	-1456.77	214.2132	0.8930551	3.456161	2.380906
28590	-1254.243	-1468.593	214.3494	0.9317439	4.565146	2.025528
28596	-1253.214	-1467.779	214.565	1.226201	3.868001	1.833186
28602	-1249.507	-1464.251	214.7443	1.247843	4.400756	1.566852
28608	-1253.843	-1468.378	214.5352	1.170542	3.172381	2.065903
28614	-1253.261	-1467.2	213.9387	0.9957163	3.926084	2.38272
28620	-1260.681	-1474.273	213.5927	1.003392	4.682203	2.444563
28626	-1252.816	-1466.681	213.8655	0.7958318	4.16323	2.504626
28632	-1253.735	-1467.177	213.4414	0.8474239	5.152782	2.552934
28638	-1263.449	-1477.013	213.5643	0.8950338	4.057383	2.651593
28644	-1262.439	-1475.952	213.5129	0.9828835	4.157464	2.608698
28650	-1254.494	-1467.95	213.4559	0.8307402	3.980013	2.773314
28656	-1246.33	-1459.728	213.3972	0.8774128	3.270267	2.937893
28662	-1254.763	-1467.751	212.9884	0.7372425	4.020933	3.103112
28668	-1247.362	-1460.421	213.0588	0.8121983	3.60588	3.103112
28674	-1246.085	-1460.261	214.1758	0.9178247	2.892363	2.532852
28680	-1257.365	-1472.23	214.865	1.065134	3.944296	1.718263
28686	-1261.39	-1476.116	214.7263	1.311272	4.192893	1.581987
28692	-1257.94	-1472.681	214.7409	1.196939	3.138507	1.92016
28698	-1251.701	-1466.838	215.1372	1.316175	3.906273	1.338128
28704	-1240.124	-1455.079	214.9552	1.278521	3.919536	1.504183
28710	-1247.7	-1462.846	215.1458	1.202216	3.360401	1.570306
28716	-1248.577	-1463.352	214.7748	1.202216	3.360401	1.833203
28722	-1252.203	-1466.99	214.7873	1.101945	3.78846	1.784657
28728	-1247.989	-1462.903	214.9135	1.197891	2.940412	1.858793
28734	-1244.466	-1459.132	214.6668	1.241147	3.356221	1.881567
28740	-1248.625	-1463.309	214.6832	1.184357	3.804832	1.795732
28746	-1247.958	-1462.802	214.8436	1.189871	3.718158	1.701004
28752	-1235.367	-1449.856	214.4893	0.9347689	4.501866	1.942815
28758	-1246.051	-1461.016	214.965	0.9524393	4.391766	1.623305
28764	-1243.401	-1458.092	214.6915	1.000782	4.633192	1.731248
28770	-1251.869	-1466.759	214.8899	1.00563	4.329564	1.653101
28776	-1255.719	-1470.223	214.5041	0.888965	3.328296	2.229224
28782	-1257.339	-1471.963	214.6237	0.9318691	3.345509	2.119323
28788	-1254.386	-1467.965	213.5782	0.9799417	3.501943	2.711357
28794	-1232.403	-1447.148	214.7449	1.100951	3.506025	1.884959
28800	-1233.138	-1448.256	215.1184	1.163773	3.713108	1.521898
28806	-1241.304	-1455.38	214.0757	1.113768	4.206683	2.159371
28812	-1239.71	-1454.466	214.7559	1.067976	4.232918	1.725896
28818	-1248.613	-1463.396	214.783	0.8241471	4.707314	1.775437
28824	-1247.863	-1462.783	214.9194	1.087604	3.500603	1.775437
28830	-1251.495	-1466.335	214.8399	1.08936	3.246065	1.896545
28836	-1243.368	-1457.676	214.3083	1.057417	3.349741	2.241466
28842	-1243.655	-1458.275	214.6195	1.079202	3.414501	2.007285
28848	-1240.155	-1454.991	214.8358	1.062994	3.212506	1.926265
28854	-1238.331	-1452.595	214.2641	1.122714	4.763975	1.915145
28860	-1237.936	-1452.358	214.4224	1.164499	4.450245	1.842948
28866	-1253.575	-1468.452	214.8775	1.245389	3.75336	1.628123
28872	-1250.454	-1465.207	214.7523	1.115909	4.326686	1.673312
28878	-1240.674	-1454.945	214.2717	0.9712498	3.699324	2.236458
28884	-1254.727	-1467.768	213.0416	0.843566	4.156986	2.980738
28890	-1261.134	-1475.342	214.208	1.046112	4.568999	2.042699
28896	-1265.404	-1479.515	214.1115	0.877644	3.574885	2.426815
28902	-1245.862	-1459.166	213.304	0.7973938	4.72494	2.743227
28908	-1245.471	-1458.762	213.2914	0.7705975	4.233183	2.859185
28914	-1263.499	-1477.911	214.4119	0.9937682	4.296146	1.998102
28920	-1251.405	-1465.863	214.4586	1.11412	3.694445	2.022078
28926	-1250.886	-1465.424	214.5383	1.11412	3.717718	1.963276
28932	-1245.167	-1459.905	214.7383	1.146729	4.332457	1.660031
28938	-1248.074	-1463.113	215.0383	1.132268	3.965704	1.539518
28944	-1253.328	-1468.485	215.1564	1.185018	3.47104	1.543972
28950	-1253.466	-1468.126	214.6594	1.122815	3.777149	1.861116
28956	-1255.465	-1470.071	214.6064	1.122792	3.46893	1.973084
28962	-1256.72	-1471.595	214.8741	1.176217	4.260226	1.55667
28968	-1265.48	-1480.652	215.1725	1.288629	3.515369	1.441407
28974	-1251.655	-1464.857	213.2019	0.8516372	3.515776	3.01397
28980	-1245.625	-1459.071	213.4462	1.035824	4.166589	2.615377
28986	-1251.617	-1466.371	214.7543	1.158437	3.812737	1.762364
28992	-1255.786	-1470.433	214.6469	1.182926	4.420588	1.679743
28998	-1256.022	-1471.119	215.0964	1.253836	3.923311	1.414565
29004	-1241.699	-1455.62	213.9207	1.051597	3.964778	2.350326
29010	-1246.24	-1459.593	213.3536	0.8276726	4.294096	2.774828
29016	-1238.41	-1452.025	213.6147	0.9625092	2.964665	2.831013
29022	-1234.715	-1448.207	213.4917	0.8537391	2.964665	2.971061
29028	-1233.563	-1447.475	213.9121	0.7784506	3.392415	2.65555
29034	-1249.857	-1463.231	213.374	1.023789	4.817003	2.543925
29040	-1240.63	-1454.706	214.076	1.040571	4.257223	2.196117
29046	-1245.263	-1459.301	214.0382	1.134961	4.428157	2.124295
29052	-1249.526	-1463.147	213.621	0.9417803	3.85486	2.630192
29058	-1262.521	-1476.579	214.0578	1.065514	3.430547	2.37628
29064	-1269.312	-1484.086	214.7738	1.176358	3.787121	1.742434
29070	-1267.624	-1482.565	214.9412	1.211406	3.901595	1.568893
29076	-1257.662	-1472.546	214.884	1.237185	3.901595	1.591865
29082	-1256.421	-1471.527	215.1058	1.218189	3.76977	1.475408
29088	-1263.461	-1478.278	214.8174	1.308505	3.122535	1.795994
29094	-1258.384	-1472.486	214.1011	1.037176	5.608664	1.927502
29100	-1257.876	-1473.006	215.1295	1.200215	2.994046	1.690789
29106	-1255.057	-1469.81	214.753	1.165466	3.150327	1.929993
29112	-1266.586	-1481.27	214.6839	1.0644	5.105036	1.594425
29118	-1259.392	-1473.662	214.27	1.085475	5.105036	1.870739
29124	-1260.367	-1474.748	214.3812	1.085475	3.579012	2.11965
29130	-1255.247	-1469.212	213.9651	0.9492099	5.559164	2.085132
29136	-1261.491	-1475.452	213.9611	0.8418798	4.863781	2.279743
29142	-1264.189	-1477.247	213.0583	0.9657633	4.3752	2.854873
29148	-1264.176	-1478.323	214.1464	1.090537	3.788169	2.219995
29154	-1262.142	-1476.415	214.2727	1.090537	3.315027	2.251738
29160	-1252.325	-1466.116	213.7919	0.9705841	3.315027	2.629719
29166	-1249.427	-1462.942	213.5148	0.9798194	3.351478	2.785281
29172	-1255.514	-1469.447	213.9325	0.885923	3.727515	2.499249
29178	-1244.495	-1458.173	213.6784	0.9705675	4.004012	2.545194
29184	-1253.138	-1467.456	214.3186	1.095497	4.02944	2.050275
29190	-1247.855	-1462.463	214.6084	1.122587	3.59838	1.93952
29196	-1252.174	-1466.455	214.2815	1.15531	4.476418	1.93952
29202	-1247.974	-1462.453	214.4793	0.9650595	4.267592	1.978326
29208	-1248.536	-1462.449	213.9134	0.8797886	3.866175	2.48456
29214	-1247.096	-1460.512	213.4164	1.001666	4.23802	2.640596
29220	-1245.85	-1459.81	213.96	1.080511	3.297017	2.46108
29226	-1252.422	-1467.945	215.5222	1.328066	3.255576	1.209069
29232	-1250.399	-1465.522	215.1235	1.304884	3.122456	1.581006
29238	-1237.366	-1452.387	215.0214	1.304884	3.429196	1.56681
29244	-1245.313	-1459.494	214.1806	1.204659	3.171006	2.27452
29250	-1239.79	-1454.327	214.5373	1.194467	4.020349	1.838402
29256	-1242.413	-1457.626	215.2134	1.194467	3.476148	1.492956
29262	-1258.973	-1473.48	214.5065	1.519829	2.71638	1.983803
29268	-1249.267	-1464.16	214.893	1.133276	2.71638	1.983803
29274	-1247.398	-1461.675	214.2763	1.027278	3.609326	2.218389
29280	-1250.408	-1464.471	214.0632	1.027278	4.231006	2.218389
29286	-1242.649	-1457.263	214.6146	0.9918433	3.467149	2.055189
29292	-1247.856	-1462.378	214.5212	1.115908	3.822679	1.948695
29298	-1252.186	-1466.245	214.0585	0.9877978	4.05209	2.284461
29304	-1255.809	-1470.242	214.4327	0.9777559	3.560824	2.160723
29310	-1271.035	-1486.177	215.142	1.524115	4.394796	1.012507
29316	-1249.569	-1464.453	214.8838	1.365375	3.520977	1.597873
29322	-1263.329	-1477.857	214.5279	1.125106	4.046987	1.886175
29328	-1263.953	-1478.117	214.1642	1.235343	3.530424	2.175145
29334	-1272.6	-1487.59	214.9899	1.465037	3.066268	1.578604
29340	-1256.878	-1470.454	213.5761	0.9928469	3.556512	2.692244
29346	-1259.66	-1472.872	213.2116	0.9839862	3.3758	2.960575
29352	-1255.157	-1470.361	215.2041	1.349597	3.842302	1.274734
29358	-1257.592	-1473.029	215.4373	1.320972	3.73877	1.130706
29364	-1251.191	-1465.744	214.5531	1.093891	3.962114	1.909629
29370	-1249.71	-1463.756	214.0462	1.015771	3.541488	2.388675
29376	-1243.395	-1457.972	214.5778	1.044029	3.927837	1.934491
29382	-1240.685	-1454.738	214.0531	0.9648186	3.712971	2.377028
29388	-1236.001	-1450.243	214.2423	1.094327	4.096662	2.086574
29394	-1243.908	-1458.064	214.1559	0.8982865	5.028426	2.086574
29400	-1254.791	-1468.73	213.939	0.9723045	4.755508	2.230327
29406	-1253.294	-1466.967	213.6725	1.083971	6.62126	2.021835
29412	-1267.094	-1481.231	214.137	1.090275	4.499309	2.074377
29418	-1242.369	-1456.642	214.273	1.032633	4.249075	2.074377
29424	-1257.272	-1471.169	213.8978	0.8197602	4.235793	2.454711
29430	-1247.941	-1461.837	213.8964	0.862809	3.750206	2.531163
29436	-1245.697	-1459.51	213.8131	0.8694318	4.772351	2.373318
29442	-1247.54	-1462.78	215.2407	1.45805	3.771835	1.172992
29448	-1242.788	-1457.865	215.0773	1.384304	4.912617	1.061086
29454	-1249.523	-1464.635	215.1119	1.384304	3.571292	1.398347
29460	-1239.967	-1455.131	215.164	1.285806	3.499538	1.454615
29466	-1245.619	-1460.662	215.0434	1.334492	3.297387	1.566418
29472	-1247.291	-1462.112	214.8217	1.088595	4.6722	1.566418
29478	-1250.222	-1464.69	214.4683	0.9922907	3.761553	2.080355
29484	-1254.168	-1468.5	214.3322	0.9505156	3.358081	2.292629
29490	-1254.601	-1468.548	213.947	0.871143	3.866428	2.468842
29496	-1256.147	-1470.248	214.1015	1.021842	3.535674	2.351197
29502	-1245.852	-1460.154	214.3018	0.9780551	4.32576	2.07526
29508	-1266.698	-1481.569	214.8712	1.286657	4.464251	1.427664
29514	-1250.218	-1462.348	212.1298	0.6931136	4.282918	3.583672
29520	-1249.986	-1462.278	212.2924	0.6881051	3.810815	3.583672
29526	-1250.539	-1463.727	213.1886	0.9728777	3.672019	2.914495
29532	-1245.022	-1459.277	214.2552	1.028279	3.700149	2.210145
29538	-1242.954	-1457.362	214.4087	1.126573	3.425652	2.112424
29544	-1252.91	-1465.785	212.8749	0.881643	3.490224	3.196658
29550	-1267.129	-1481.112	213.9838	0.9388659	3.71367	2.436979
29556	-1255.607	-1469.524	213.9176	0.9858102	4.308526	2.32251
29562	-1250.378	-1465.413	215.0346	1.235526	3.69441	1.535818
29568	-1254.786	-1469.534	214.7481	1.240711	4.548573	1.535818
29574	-1243.357	-1458.337	214.9792	1.201192	3.419264	1.675088
29580	-1250.097	-1464.516	214.419	1.237089	4.63591	1.756058
29586	-1237.85	-1452.955	215.1059	1.329366	3.928369	1.346561
29592	-1240.758	-1456.371	215.6122	1.454645	2.70439	1.225455
29598	-1240.881	-1455.706	214.8252	1.350947	4.228719	1.470295
29604	-1254.169	-1468.377	214.2082	1.196519	4.14713	2.030693
29610	-1247.802	-1462.554	214.7518	1.04464	3.850866	1.833674
29616	-1245.782	-1460.388	214.6058	1.032092	3.362034	2.060997
29622	-1239.88	-1453.835	213.9549	1.099834	3.796348	2.334906
29628	-1246.52	-1460.512	213.9924	1.010003	3.947652	2.334906
29634	-1257.107	-1472.161	215.0535	1.129752	3.269339	1.714457
29640	-1253.102	-1467.186	214.0841	1.068725	2.912648	2.490343
29646	-1259.597	-1474.827	215.2292	1.387584	4.047293	1.162024
29652	-1253.141	-1468.125	214.9836	1.134357	3.049909	1.822331
29658	-1245.2	-1459.879	214.6794	1.156096	3.827212	1.812431
29664	-1247.734	-1462.634	214.9001	1.164035	3.845525	1.647134
29670	-1255.006	-1470.191	215.1852	1.159146	2.962445	1.689977
29676	-1251.744	-1466.515	214.7708	1.175404	4.01502	1.689977
29682	-1254.424	-1468.236	213.8123	1.062538	4.1216	2.378946
29688	-1253.391	-1467.432	214.0416	1.114491	4.394615	2.142265
29694	-1255.011	-1469.448	214.4371	1.128981	4.754581	1.794321
29700	-1249.228	-1463.163	213.9346	0.9894503	2.782025	2.668152
29706	-1254.053	-1466.735	212.6817	0.8187735	3.872114	3.266734
29712	-1248.805	-1462.152	213.3471	0.965845	3.59337	2.840209
29718	-1244.393	-1458.212	213.8191	0.8220241	4.508323	2.44912
29724	-1259.558	-1472.113	212.5555	0.9930184	3.861205	3.240588
29730	-1252.176	-1465.572	213.3965	0.970488	4.261392	2.66748
29736	-1254.725	-1468.529	213.8038	1.107987	4.003624	2.380382
29742	-1233.663	-1446.407	212.7443	0.8825534	3.075629	3.369871
29748	-1224.888	-1438.863	213.9745	1.098468	3.288626	2.442796
29754	-1237.322	-1451.618	214.2961	1.11746	3.288626	2.226007
29760	-1241.372	-1455.373	214.0014	0.8835898	4.202671	2.35578
29766	-1236.663	-1450.427	213.7642	0.7951709	3.833366	2.636934
29772	-1232.445	-1445.862	213.4171	0.7759665	3.833366	2.860788
29778	-1242.1	-1454.769	212.6699	0.6816205	3.095805	3.525997
29784	-1233.351	-1447.378	214.0268	1.001483	3.038103	2.534584
29790	-1241.876	-1455.726	213.8499	0.8921196	4.126106	2.461734
29796	-1245.027	-1458.775	213.7473	0.9701933	3.724393	2.562788
29802	-1254.127	-1468.128	214.0015	1.014221	3.738434	2.372632
29808	-1253.354	-1466.674	213.3194	1.046882	3.334796	2.867152
29814	-1249.042	-1463.943	214.9008	1.066132	2.611392	2.055862
29820	-1244.724	-1459.412	214.6878	0.9900136	3.616517	1.970796
29826	-1246.407	-1460.562	214.1552	1.002779	3.636919	2.305376
29832	-1249.581	-1464.774	215.1925	1.041567	2.98301	1.761395
29838	-1248.279	-1463.087	214.8078	1.168023	2.98301	1.938423
29844	-1261.181	-1475.526	214.3453	1.108601	2.762198	2.342684
29850	-1256.746	-1470.66	213.9137	1.022668	3.136954	2.566237
29856	-1250.349	-1463.687	213.3375	0.6827387	3.423787	3.054671
29862	-1242.717	-1456.837	214.1201	0.873691	3.423787	2.459576
29868	-1243.919	-1457.873	213.9543	1.090203	3.423787	2.427679
29874	-1245.079	-1458.88	213.8015	0.9137752	4.746097	2.35742
29880	-1254.186	-1468.034	213.8485	0.9290445	4.746097	2.31779
29886	-1248.16	-1461.885	213.7254	0.8787444	4.646686	2.446167
29892	-1244.976	-1458.552	213.576	0.8787444	3.080419	2.875668
29898	-1246.525	-1460.706	214.1811	1.01334	3.028024	2.433249
29904	-1246.25	-1459.733	213.4827	0.8638071	3.68448	2.799669
29910	-1237.763	-1451.266	213.5033	0.8260337	3.435558	2.866015
29916	-1231.419	-1444.33	212.9111	0.7215699	3.163823	3.345145
29922	-1228.579	-1442.371	213.7925	0.8664519	3.163823	2.730453
29928	-1236.359	-1448.84	212.4803	0.8400468	3.822219	3.382925
29934	-1237.02	-1450.325	213.3046	0.8353672	4.215997	2.815185
29940	-1237.404	-1450.421	213.0171	0.8930164	4.124216	2.972227
29946	-1240.283	-1453.692	213.4088	0.7936533	4.180139	2.784237
29952	-1249.147	-1462.995	213.8473	0.8909977	3.45001	2.612484
29958	-1245.099	-1458.893	213.7934	0.9169208	3.344742	2.654709
29964	-1254.013	-1467.693	213.6799	0.8790251	5.100879	2.392582
29970	-1257.656	-1471.207	213.5518	0.9161034	4.086667	2.640283
29976	-1259.146	-1472.943	213.7975	0.9277119	3.611467	2.583324
29982	-1254.744	-1468.428	213.6845	0.9977396	3.770306	2.57455
29988	-1258.29	-1473	214.7099	0.9473262	3.757142	1.95067
29994	-1249.919	-1464.023	214.1045	0.818183	3.757142	2.427213
30000	-1248.387	-1462.258	213.8712	0.8827994	4.258528	2.427213
30006	-1245.95	-1459.689	213.7391	0.8120851	3.639156	2.684515
30012	-1249.874	-1462.985	213.1105	0.7238072	3.831661	3.076903
30018	-1250.59	-1464.596	214.006	0.9386347	3.695408	2.427231
30024	-1252.722	-1466.035	213.3131	0.8907793	3.082934	3.026026
30030	-1252.75	-1466.541	213.7908	0.8396927	3.903586	2.577871
30036	-1251.735	-1465.666	213.9312	0.8392071	3.469139	2.58811
30042	-1246.304	-1460.297	213.9929	0.8611285	3.715608	2.479593
30048	-1241.658	-1455.822	214.1642	0.8611285	3.524899	2.415717
30054	-1249.045	-1462.473	213.4282	0.5853636	3.852812	2.965073
30060	-1240.954	-1455.116	214.1617	0.9945348	4.211111	2.179989
30066	-1240.826	-1454.772	213.946	0.9366172	4.261351	2.345315
30072	-1243.932	-1457.269	213.3371	0.7794209	3.793262	2.915581
30078	-1245.688	-1458.358	212.6695	0.6235102	3.793262	3.404907
30084	-1246.8	-1460.664	213.8641	0.975193	3.776914	2.475228
30090	-1261.606	-1475.743	214.1376	0.8809889	3.500089	2.425837
30096	-1248.025	-1461.53	213.5045	0.7376222	3.374118	2.93295
30102	-1255.616	-1468.594	212.9781	0.8228233	3.545267	3.158137
30108	-1245.417	-1459.954	214.5363	0.9104312	2.801653	2.335942
30114	-1238.997	-1452.466	213.4689	0.9440393	2.915742	2.94316
30120	-1254.808	-1469.42	214.6123	0.9250581	2.751928	2.292429
30126	-1249.19	-1463.359	214.1684	1.124221	3.33334	2.292429
30132	-1244.428	-1458.283	213.8541	0.9088902	3.727209	2.53386
30138	-1252.112	-1466.219	214.1069	1.028329	3.819518	2.278316
30144	-1235.75	-1448.857	213.1071	0.8351938	3.819518	3.014847
30150	-1236.461	-1449.427	212.9659	0.9220319	3.584723	3.097677
30156	-1236.295	-1449.259	212.9645	0.8010053	3.889572	3.105992
30162	-1269.12	-1481.398	212.2775	0.8846531	3.581562	3.525867
30168	-1254.331	-1468.416	214.0841	1.163219	4.992981	1.964937
30174	-1242.404	-1456.844	214.4396	1.098982	4.386295	1.889535
30180	-1242.633	-1456.571	213.9374	0.8846779	4.943092	2.253051
30186	-1242.041	-1455.369	213.3282	0.8172824	3.461246	2.971071
30192	-1252.493	-1465.725	213.2323	0.730837	3.992244	2.966728
30198	-1238.359	-1451.206	212.847	0.8009532	4.162703	3.121481
30204	-1241.347	-1454.83	213.4833	0.758303	3.50898	2.902322
30210	-1240.48	-1453.741	213.2613	0.8953105	3.50898	2.953586
30216	-1245.185	-1458.361	213.1762	0.7498065	3.50898	3.091709
30222	-1253.161	-1466.693	213.5325	1.066425	3.636574	2.655704
30228	-1257.133	-1471.495	214.3627	1.066425	3.326106	2.206485
30234	-1248.4	-1462.505	214.1042	1.146469	3.808506	2.206485
30240	-1255.624	-1469.875	214.251	0.9499854	3.866441	2.225563
30246	-1254.344	-1468.181	213.8364	1.027901	4.091494	2.391892
30252	-1243.675	-1457.105	213.4303	0.767396	4.0593	2.811297
30258	-1244.656	-1459.06	214.4037	1.186018	3.743085	1.999188
30264	-1251.89	-1466.818	214.9277	1.296723	3.656282	1.579635
30270	-1254.225	-1468.53	214.305	1.10409	3.767152	2.112895
30276	-1259.517	-1472.411	212.8944	0.9228217	4.350575	2.984345
30282	-1253.491	-1466.595	213.1046	0.8534904	4.074878	2.953111
30288	-1264.463	-1478.233	213.7702	0.8723414	4.197621	2.509419
30294	-1244.054	-1458.927	214.8727	1.020201	2.885742	2.022024
30300	-1257.631	-1471.582	213.9512	1.025316	3.184418	2.529244
30306	-1250.043	-1464.127	214.0844	0.8260625	3.35077	2.529244
30312	-1251.985	-1465.923	213.9381	0.8431951	3.463874	2.582636
30318	-1260.156	-1474.8	214.6442	1.107246	3.390273	1.97826
30324	-1251.196	-1466.538	215.3421	1.556322	3.716639	1.006308
30330	-1245.665	-1460.851	215.1861	1.582646	3.919253	1.063274
30336	-1239.536	-1454.789	215.2528	1.66693	3.992592	0.8816825
30342	-1244.312	-1458.112	213.8	1.04946	3.611616	2.506012
30348	-1240.805	-1454.565	213.7607	0.9767672	3.928536	2.506012
30354	-1246.27	-1460.094	213.8249	0.9157964	3.919037	2.506012
30360	-1242.711	-1456.84	214.1285	1.021749	3.484066	2.34638
30366	-1243.023	-1456.654	213.6312	1.139101	4.479097	2.373247
30372	-1244.969	-1460.064	215.095	1.266205	4.166224	1.342388
30378	-1245.177	-1459.679	214.5026	1.113172	4.461008	1.820831
30384	-1248.122	-1462.805	214.6832	1.20834	3.635771	1.820831
30390	-1256.898	-1471.299	214.4012	1.211553	3.733543	1.986084
30396	-1245.991	-1460.404	214.4126	1.174413	3.112944	2.159603
30402	-1251.421	-1465.573	214.1523	1.220705	3.564349	2.184169
30408	-1242.887	-1456.961	214.0742	1.149109	3.739656	2.239826
30414	-1249.598	-1463.825	214.227	1.13072	4.089501	2.074283
30420	-1261.123	-1475.51	214.3873	1.28083	4.478496	1.780847
30426	-1253.994	-1468.876	214.8815	1.342549	3.841867	1.531388
30432	-1251.064	-1465.45	214.3859	1.064722	3.097078	2.251991
30438	-1262.881	-1476.124	213.2429	0.8205973	4.399566	2.82631
30444	-1245.409	-1459.466	214.0572	1.000528	3.356135	2.435738
30450	-1253.23	-1466.109	212.8787	1.001152	4.005532	3.014048
30456	-1251.431	-1465.256	213.8246	0.913559	3.631773	2.570699
30462	-1253.676	-1467.723	214.0467	1.013473	2.830307	2.570699
30468	-1239.164	-1452.621	213.4563	0.9525175	3.568861	2.787385
30474	-1252.621	-1466.047	213.4262	0.8588953	3.705051	2.832506
30480	-1249.164	-1463.457	214.2934	1.111557	4.339395	1.989463
30486	-1252.782	-1467.505	214.7223	1.233109	4.275827	1.622333
30492	-1250.592	-1464.855	214.2635	1.01898	3.419021	2.277705
30498	-1253.865	-1468.002	214.1374	0.9294466	3.562167	2.380769
30504	-1251.515	-1465.558	214.0427	1.165483	4.2616	2.135642
30510	-1256.775	-1471.357	214.5819	1.065581	3.568543	2.002863
30516	-1256.513	-1471.15	214.6371	1.157583	4.478195	1.692068
30522	-1248.948	-1463.769	214.8216	1.233611	4.091587	1.593245
30528	-1251.001	-1465.65	214.6483	1.184048	4.036586	1.765047
30534	-1249.093	-1463.882	214.7893	1.260495	3.590676	1.722056
30540	-1255.426	-1470.263	214.837	1.179703	3.631671	1.734822
30546	-1248.264	-1462.829	214.5643	1.166312	3.631671	1.931559
30552	-1250.975	-1465.729	214.7543	1.145035	4.027744	1.720117
30558	-1259.311	-1474.108	214.7967	1.113842	3.600095	1.816754
30564	-1254.842	-1468.678	213.8354	0.8313532	4.171892	2.499484
30570	-1261.474	-1475.497	214.0224	0.9397488	3.410345	2.48266
30576	-1252.168	-1465.487	213.3189	1.068091	2.963887	2.946255
30582	-1248.106	-1461.779	213.6727	1.191892	3.603185	2.498472
30588	-1254.261	-1468.596	214.335	1.154417	3.864267	2.037617
30594	-1270.559	-1483.752	213.1932	0.9174668	4.869652	2.711843
30600	-1258.284	-1472.346	214.062	0.932141	3.682013	2.399045
30606	-1251.507	-1466.094	214.5867	1.074173	3.411583	2.033176
30612	-1247.679	-1462.638	214.9588	1.219033	4.155595	1.486868
30618	-1247.962	-1462.782	214.8197	1.041172	4.155595	1.717475
30624	-1247.032	-1461.733	214.7012	1.263366	5.065268	1.441316
30630	-1248.59	-1463.102	214.512	1.029712	4.213098	1.924666
30636	-1248.723	-1463.411	214.6882	1.335508	5.112255	1.385448
30642	-1247.295	-1461.117	213.8221	0.8602905	4.067375	2.511159
30648	-1246.482	-1460.532	214.0505	0.9794201	3.88208	2.331683
30654	-1247.263	-1461.348	214.0849	0.7750805	4.401024	2.331683
30660	-1244.901	-1458.383	213.482	0.9483309	4.40577	2.600239
30666	-1245.591	-1459.124	213.5327	1.055035	3.954887	2.59353
30672	-1257.901	-1472.287	214.3858	1.047041	4.386764	1.96086
30678	-1259.749	-1473.718	213.9686	0.9765881	3.62851	2.442132
30684	-1257.295	-1470.974	213.6794	0.982027	3.710527	2.600652
30690	-1266.438	-1480.085	213.647	1.069534	3.458105	2.624044
30696	-1268.173	-1481.289	213.1162	0.8541736	3.424407	3.084336
30702	-1264.731	-1479.88	215.1487	1.295399	3.760745	1.385548
30708	-1266.451	-1480.931	214.4796	1.296645	3.930422	1.828767
30714	-1262.883	-1475.901	213.0177	0.8411978	3.685033	3.093202
30720	-1259.895	-1473.096	213.2018	0.8569243	3.966355	2.91444
30726	-1271.512	-1484.004	212.4914	0.8481836	4.6381	3.216632
30732	-1253.362	-1466.236	212.8745	0.8758032	3.346629	3.232857
30738	-1245.735	-1459.071	213.3362	0.8605386	3.612555	2.906299
30744	-1251.885	-1465.209	213.3239	0.7877193	3.150567	3.064531
30750	-1252.897	-1465.555	212.6586	0.6970857	3.150567	3.510457
30756	-1254.638	-1466.822	212.1835	0.6754529	3.211351	3.784027
30762	-1261.101	-1473.691	212.5907	0.6623183	3.077453	3.587772
30768	-1257.523	-1470.873	213.3509	0.8208433	3.374836	2.975139
30774	-1250.935	-1464.963	214.0284	0.9172182	2.851025	2.635875
30780	-1254.525	-1468.678	214.1532	0.9172182	3.285918	2.445074
30786	-1280.942	-1495.015	214.0731	0.9389206	2.376405	2.733728
30792	-1262.972	-1476.649	213.6766	0.8264103	3.444563	2.758349
30798	-1266.508	-1480.557	214.0492	0.9115797	3.192166	2.537102
30804	-1254.44	-1468.576	214.136	0.8485142	3.133743	2.537102
30810	-1260.791	-1474.964	214.1725	0.7763178	3.130234	2.560224
30816	-1253.82	-1467.357	213.537	1.006243	3.782843	2.657742
30822	-1258.189	-1471.739	213.5498	0.8821504	3.380134	2.816658
30828	-1248.586	-1463.302	214.7162	0.94315	3.538297	2.002368
30834	-1252.942	-1467.744	214.8022	1.399534	4.12603	1.476143
30840	-1249.026	-1464.599	215.573	1.399534	2.950082	1.212539
30846	-1261.239	-1476.841	215.6014	1.354424	2.950082	1.226726
30852	-1255.151	-1470.555	215.4038	1.265822	3.128603	1.397423
30858	-1258.776	-1473.812	215.0361	1.172523	4.426459	1.397423
30864	-1261.533	-1476.141	214.6073	1.318045	5.219418	1.438972
30870	-1251.213	-1465.991	214.7772	1.185402	4.751066	1.51048
30876	-1256.871	-1471.457	214.5859	1.181681	4.470346	1.71297
30882	-1247.118	-1461.559	214.4412	1.181681	4.039651	1.908258
30888	-1261.13	-1475.592	214.4628	1.134938	4.115613	1.908258
30894	-1247.528	-1462.159	214.631	1.091428	3.558815	1.95507
30900	-1248.196	-1462.582	214.3858	1.030071	4.077697	2.038459
30906	-1249.279	-1463.597	214.3182	0.9772247	3.871451	2.163255
30912	-1247.512	-1461.379	213.867	1.085632	2.971628	2.599074
30918	-1249.257	-1462.76	213.5035	0.7828302	4.094287	2.750238
30924	-1253.68	-1467.273	213.5934	0.7295443	4.094504	2.727802
30930	-1257.754	-1471.382	213.6278	0.8523309	5.058709	2.449641
30936	-1256.843	-1470.685	213.8425	0.8084311	4.420782	2.459866
30942	-1248.775	-1462.527	213.7521	1.038101	4.756076	2.307863
30948	-1250.404	-1464.756	214.352	1.015377	3.697766	2.156269
30954	-1265.477	-1479.357	213.8795	0.9798368	3.101491	2.623019
30960	-1253.942	-1467.009	213.0665	0.9488142	3.773995	2.980637
30966	-1264.977	-1478.277	213.2998	0.7171495	3.769267	2.980637
30972	-1263.233	-1476.824	213.5917	0.8556258	4.195949	2.630888
30978	-1250.669	-1463.505	212.8366	0.8732159	3.839283	3.149465
30984	-1250.3	-1463.862	213.5623	1.002467	3.839408	2.632271
30990	-1242.264	-1455.466	213.2024	0.7757424	3.984116	2.959365
30996	-1249.488	-1463.181	213.6927	0.8025282	4.351192	2.570602
31002	-1245.632	-1459.031	213.3994	0.7159663	4.351192	2.804001
31008	-1252.075	-1466.227	214.1525	0.9896205	3.125076	2.440724
31014	-1255.413	-1469.539	214.1262	0.9031742	3.409319	2.440724
31020	-1251.66	-1465.574	213.9136	0.9680469	4.191911	2.360078
31026	-1250.025	-1464.109	214.0846	0.8832338	3.606135	2.433021
31032	-1261.231	-1474.408	213.1764	0.7354199	4.410371	2.916101
31038	-1247.942	-1461.423	213.4813	0.7852932	4.410371	2.700303
31044	-1256.026	-1469.783	213.757	0.8685346	3.851165	2.592207
31050	-1255.478	-1468.941	213.4627	0.9750549	3.839794	2.710315
31056	-1253.906	-1468.12	214.2141	0.927958	3.767004	2.285751
31062	-1256.714	-1470.532	213.8182	1.072179	3.482232	2.510438
31068	-1251.162	-1465.148	213.9868	0.7965357	3.276662	2.626187
31074	-1246.565	-1460.262	213.6975	0.8708918	4.179012	2.559367
31080	-1255.93	-1469.817	213.8867	0.8632414	4.179012	2.445899
31086	-1259.987	-1473.5	213.5139	0.7763633	5.111284	2.559128
31092	-1263.353	-1476.309	212.956	0.7191667	3.965213	3.144378
31098	-1273.518	-1486.244	212.7261	0.7397506	2.960039	3.492712
31104	-1264.945	-1479.843	214.8974	1.21494	4.14738	1.537853
31110	-1272.568	-1485.577	213.0086	0.7694793	3.801423	3.11676
31116	-1265.293	-1478.367	213.0746	0.9066511	3.807474	2.993984
31122	-1269.542	-1483.293	213.7508	1.079896	3.56896	2.527463
31128	-1255.461	-1469.455	213.9937	1.098074	3.4705	2.386669
31134	-1247.341	-1461.23	213.889	0.8559599	3.778435	2.533803
31140	-1253.454	-1467.457	214.0022	0.9265988	4.461861	2.275686
31146	-1242.066	-1456.292	214.2259	0.7630281	3.324875	2.486591
31152	-1242.991	-1455.02	212.0288	0.7939289	3.634478	3.71157
31158	-1250.249	-1462.584	212.3357	0.6398723	3.402567	3.673271
31164	-1257.089	-1470.974	213.8846	1.127808	3.758962	2.370107
31170	-1253.8	-1468.057	214.2572	1.008078	4.089827	2.134841
31176	-1261.686	-1474.853	213.1671	0.7312723	3.56145	3.096543
31182	-1260.636	-1474.884	214.2475	1.150276	3.628971	2.152695
31188	-1256.213	-1470.833	214.6199	1.080043	3.780901	1.916199
31194	-1250.688	-1464.962	214.2736	0.9241287	3.554644	2.299316
31200	-1257.592	-1471.128	213.5361	0.8744605	4.569509	2.58142
31206	-1252.076	-1466.26	214.1837	1.010739	3.695718	2.268453
31212	-1267.032	-1481.801	214.7697	1.258279	4.601642	1.494609
31218	-1255.265	-1470.335	215.07	1.19676	4.494624	1.334964
31224	-1257.786	-1472.636	214.8502	1.214775	3.838382	1.648301
31230	-1252.034	-1466.713	214.6792	1.156937	5.065794	1.537891
31236	-1248.203	-1463.043	214.8406	1.093308	4.552539	1.575371
31242	-1243.243	-1458.322	215.079	1.462624	4.552539	1.085142
31248	-1249.093	-1464.131	215.0374	1.353739	4.470883	1.239261
31254	-1252.955	-1468.149	215.1939	1.091848	4.200829	1.393006
31260	-1273.244	-1487.81	214.5665	1.218661	3.220659	2.000291
31266	-1285.875	-1500.381	214.5057	0.8588332	6.377024	1.641023
31272	-1260.308	-1475.799	215.4912	1.477754	3.51602	1.009115
31278	-1250.942	-1466.393	215.4503	1.386776	3.961496	0.9822567
31284	-1250.238	-1465.225	214.9871	1.125573	4.06952	1.556512
31290	-1249.943	-1465.175	215.2321	1.360787	4.305639	1.108347
31296	-1255.645	-1470.899	215.2537	1.399816	4.495039	0.9941608
31302	-1252.475	-1467.636	215.1605	0.9899384	4.585612	1.404818
31308	-1241.174	-1455.981	214.8075	1.076285	5.139179	1.487143
31314	-1246.248	-1461.213	214.9656	1.143078	4.970169	1.349673
31320	-1253.526	-1467.823	214.2965	1.096539	4.181675	2.030995
31326	-1242.055	-1456.431	214.3766	0.9223649	3.240557	2.311765
31332	-1233.625	-1447.485	213.8604	0.8982563	3.787964	2.523167
31338	-1239.181	-1453.644	214.4629	0.9628561	3.198386	2.241382
31344	-1236.633	-1451.494	214.8616	1.141899	2.808114	1.971188
31350	-1246.142	-1460.709	214.5671	1.032362	3.228753	2.120751
31356	-1246.477	-1461.017	214.5403	0.8079984	3.664294	2.176515
31362	-1255.681	-1469.346	213.6645	0.8599632	4.750486	2.476927
31368	-1261.151	-1475.396	214.2447	1.134311	3.591031	2.173902
31374	-1269.422	-1484.845	215.4226	1.689011	3.956905	0.5960307
31380	-1252.349	-1466.823	214.474	1.159905	4.281278	1.847064
31386	-1257.386	-1471.705	214.3193	1.055575	3.224289	2.267394
31392	-1253.91	-1468.338	214.4276	0.9472099	3.224289	2.267394
31398	-1251.733	-1465.52	213.7873	1.034649	3.794894	2.482112
31404	-1244.506	-1457.467	212.9607	0.7123332	3.606698	3.22055
31410	-1252.569	-1466.217	213.648	0.9263699	4.191571	2.553109
31416	-1244.358	-1458.47	214.112	1.096534	4.330482	2.121123
31422	-1242.558	-1456.676	214.1179	0.9973202	3.521266	2.359716
31428	-1250.645	-1465.263	214.6172	1.059164	3.521266	1.995293
31434	-1254.345	-1469.59	215.2452	1.2185	2.824022	1.64802
31440	-1267.789	-1482.928	215.1385	2.161353	3.322138	0.3470431
31446	-1252.956	-1468.069	215.113	2.359833	2.621364	0.2529845
31452	-1259.134	-1474.057	214.923	2.235896	3.706398	0.3503001
31458	-1256.684	-1471.66	214.9762	2.105609	4.086074	0.4633844
31464	-1249.396	-1462.901	213.505	0.8248199	2.944034	2.985751
31470	-1247.296	-1461.454	214.1586	0.7877298	3.318187	2.514824
31476	-1253.488	-1467.687	214.1987	0.9333723	3.710676	2.304922
31482	-1249.602	-1463.914	214.3119	0.9333723	3.853145	2.199901
31488	-1258.182	-1472.501	214.3188	0.8832899	3.979317	2.199901
31494	-1262.111	-1475.785	213.6744	0.9490066	3.243329	2.732598
31500	-1262.463	-1477.198	214.7347	2.215981	4.212417	0.3144377
31506	-1249.221	-1464.399	215.178	2.137993	3.258275	0.3372249
31512	-1252.205	-1467.526	215.3208	2.099782	3.160159	0.4612427
31518	-1254.584	-1469.757	215.1732	2.082268	3.58698	0.4612427
31524	-1254.117	-1469.667	215.5507	1.935629	3.003092	0.5380799
31530	-1258.272	-1472.885	214.6136	1.017294	3.737104	1.973103
31536	-1257.69	-1470.628	212.938	0.7670874	3.286347	3.273574
31542	-1251.851	-1464.887	213.0361	0.9613712	3.427882	3.067375
31548	-1256.212	-1470.938	214.7264	1.103706	2.81018	2.085643
31554	-1249.843	-1464.886	215.0431	1.122801	2.907895	1.831097
31560	-1258.13	-1472.363	214.2336	1.13418	3.211753	2.275157
31566	-1253.363	-1467.133	213.7701	0.7558948	3.599098	2.708946
31572	-1250.787	-1463.975	213.188	0.8343064	3.937097	2.942379
31578	-1243.25	-1456.048	212.7983	0.8388553	3.239693	3.324479
31584	-1258.128	-1470.927	212.7997	0.6744343	3.497675	3.361646
31590	-1243.615	-1457.969	214.3538	0.9522628	4.039659	2.11907
31596	-1242.053	-1455.54	213.4868	1.088259	3.532403	2.694001
31602	-1245.022	-1458.999	213.9773	0.9434306	4.463241	2.280595
31608	-1250.787	-1464.144	213.3569	1.00218	3.807349	2.765383
31614	-1248.709	-1462.399	213.6897	0.9694555	3.75492	2.592254
31620	-1264.176	-1477.999	213.8224	0.8484694	3.617842	2.615512
31626	-1255.843	-1469.558	213.7155	0.967745	3.077192	2.737426
31632	-1257.228	-1471.004	213.7766	0.9203418	3.847662	2.548629
31638	-1252.057	-1464.868	212.8104	0.8536198	3.4874	3.252077
31644	-1259.983	-1472.847	212.8631	0.6434228	3.297711	3.387764
31650	-1264.669	-1478.003	213.3344	0.7744418	4.411487	2.796486
31656	-1258.042	-1471.521	213.4785	0.9893991	3.372964	2.796486
31662	-1277.693	-1492.205	214.5126	2.687002	2.609714	0.1584624
31668	-1279.792	-1493.737	213.9458	2.855329	3.406138	0.1455098
31674	-1248.206	-1462.39	214.1842	0.9678403	3.463323	2.350185
31680	-1247.274	-1461.296	214.0216	0.9155908	4.19681	2.323771
31686	-1248.9	-1463.474	214.5745	1.11019	3.092418	2.101349
31692	-1246.017	-1460.291	214.2738	1.044406	3.259553	2.294672
31698	-1242.43	-1456.637	214.2067	0.9302855	4.368355	2.160035
31704	-1248.17	-1462.086	213.9156	0.8546865	3.272261	2.635272
31710	-1247.962	-1461.514	213.5519	0.7364378	4.122726	2.743246
31716	-1240.03	-1453.295	213.265	0.8086159	3.406975	3.026583
31722	-1234.891	-1448.405	213.5146	0.9420466	2.832898	2.938793
31728	-1230.956	-1445.046	214.0897	0.8998624	4.413286	2.246305
31734	-1225.769	-1439.294	213.5251	0.8998624	3.449528	2.804728
31740	-1236.343	-1450.03	213.6872	0.6893061	4.340153	2.646202
31746	-1241.481	-1455.153	213.6715	1.039306	3.661975	2.58088
31752	-1241.619	-1455.861	214.2422	0.963911	3.769134	2.244194
31758	-1224.239	-1438.762	214.5235	1.163591	3.17932	2.076349
31764	-1225.897	-1439.786	213.8886	0.9690043	3.770545	2.465105
31770	-1238.253	-1452.281	214.028	1.028621	3.979263	2.293456
31776	-1243.341	-1457.554	214.2131	1.225539	4.27619	1.980363
31782	-1239.672	-1453.997	214.325	1.094882	4.099665	2.030956
31788	-1248.347	-1461.983	213.6355	0.967804	4.86464	2.406524
31794	-1241.686	-1455.479	213.7927	0.8164709	4.115197	2.546938
31800	-1243.004	-1456.028	213.0241	0.9969405	3.748875	2.982514
31806	-1255.069	-1468.699	213.6306	1.044573	4.287438	2.470936
31812	-1244.349	-1458.141	213.7924	0.916518	4.139929	2.479655
31818	-1237.429	-1451.432	214.0023	1.275665	3.501531	2.260604
31824	-1235.341	-1450.044	214.7034	1.086791	4.670902	1.653804
31830	-1247.157	-1462.117	214.9596	1.25544	3.676511	1.581148
31836	-1256.273	-1470.866	214.5934	1.451766	4.17282	1.581148
31842	-1250.5	-1464.874	214.3741	1.216862	4.260893	1.880865
31848	-1253.3	-1466.948	213.6485	1.234098	3.611003	2.48542
31854	-1247.919	-1461.488	213.5687	1.044955	4.692885	2.431535
31860	-1268.241	-1483.282	215.0414	2.251094	3.261138	0.3161921
31866	-1253.438	-1468.638	215.1995	2.255093	2.873227	0.3161921
31872	-1237.42	-1451.069	213.6494	0.8836456	3.973565	2.623468
31878	-1243.212	-1456.208	212.9954	0.8708471	3.674632	3.091038
31884	-1242.593	-1455.37	212.7769	0.7975437	3.674632	3.264223
31890	-1274.683	-1489.986	215.3027	2.0976	3.176395	0.4137554
31896	-1270.169	-1485.658	215.4889	2.046378	2.858955	0.4152338
31902	-1255.637	-1470.525	214.888	2.165926	4.032679	0.3600782
31908	-1275.821	-1490.974	215.1534	2.118216	3.52502	0.432683
31914	-1248.873	-1462.818	213.9453	1.203317	3.716474	2.29304
31920	-1265.432	-1480.478	215.0463	2.297275	3.176391	0.3319232
31926	-1272.101	-1487.27	215.169	2.297275	2.850309	0.3175308
31932	-1259.071	-1473.303	214.2317	1.326406	3.55189	2.066173
31938	-1262.785	-1477.453	214.6675	1.182139	3.869567	1.79249
31944	-1254.786	-1469.943	215.1569	2.297275	2.744927	0.2745941
31950	-1257.281	-1471.041	213.7603	1.079127	3.498353	2.538385
31956	-1244.323	-1457.241	212.9174	0.9817714	3.246445	3.168027
31962	-1263.274	-1478.304	215.0298	2.4012	2.86705	0.2954899
31968	-1260.101	-1474.709	214.6086	2.35371	3.951074	0.2634849
31974	-1243.846	-1458.603	214.7568	2.360941	3.427139	0.2462293
31980	-1239.489	-1454.073	214.5838	2.300081	4.093929	0.2475218
31986	-1251.195	-1465.967	214.7719	2.300081	3.724618	0.2819066
31992	-1250.547	-1465.636	215.0886	2.175071	3.351523	0.3221073
31998	-1235.203	-1450.585	215.3826	1.965027	3.351523	0.4980992
32004	-1241.766	-1457.199	215.433	1.965027	3.222768	0.5150288
32010	-1246.783	-1462.066	215.2829	2.057069	3.343404	0.4298335
32016	-1251.221	-1466.032	214.8107	2.057069	4.596531	0.3508206
32022	-1268.472	-1481.63	213.1579	0.909858	4.08613	2.884741
32028	-1266.834	-1481.05	214.2168	1.149219	4.08613	2.069561
32034	-1255.517	-1470.425	214.9085	1.182963	3.710588	1.661658
32040	-1244.313	-1459.338	215.0248	1.503243	3.982728	1.256206
32046	-1250.823	-1465.973	215.15	1.533721	3.557096	1.251854
32052	-1248.18	-1463.258	215.0775	1.470465	3.355319	1.421515
32058	-1242.15	-1456.989	214.8389	1.341553	4.771925	1.337817
32064	-1252.086	-1467.18	215.0939	1.34366	4.103948	1.297332
32070	-1245.749	-1460.544	214.7953	1.334697	4.393289	1.465739
32076	-1245.287	-1460.369	215.082	1.385775	4.104658	1.272403
32082	-1251.266	-1466.672	215.4065	1.891809	3.458298	0.5673121
32088	-1262.413	-1477.986	215.5733	1.970579	2.87106	0.5347367
32094	-1249.368	-1464.604	215.2362	1.338761	4.125843	1.175876
32100	-1241.579	-1456.606	215.0276	1.180638	3.497911	1.633771
32106	-1242.083	-1457.109	215.0265	1.180638	4.044921	1.492299
32112	-1241.353	-1456.283	214.9303	1.288737	4.660353	1.333173
32118	-1248.056	-1463.136	215.0803	1.473131	3.750313	1.301404
32124	-1240.918	-1456.109	215.1903	1.423953	4.256132	1.103261
32130	-1240.434	-1455.198	214.7641	1.165296	3.483762	1.833544
32136	-1247.641	-1462.35	214.7086	1.142363	3.785069	1.811958
32142	-1263.383	-1477.232	213.8492	1.007804	2.393279	2.822967
32148	-1260.394	-1474.345	213.9509	1.029416	2.70548	2.655063
32154	-1275.036	-1490.325	215.2886	1.790801	3.326677	0.9706029
32160	-1254.163	-1468.885	214.7219	1.258283	3.260978	1.857795
32166	-1258.885	-1473.613	214.7275	1.214632	3.206447	1.898558
32172	-1258.063	-1472.694	214.6307	1.214632	2.580594	2.145341
32178	-1254.852	-1469.401	214.5491	1.140053	3.512268	1.988986
32184	-1246.316	-1460.322	214.0062	0.905877	3.790899	2.426386
32190	-1268.585	-1483.677	215.0917	1.254082	3.888502	1.427221
32196	-1257.568	-1472.808	215.24	1.427926	4.618729	0.9405413
32202	-1256.841	-1471.837	214.9953	1.393477	5.056269	1.09143
32208	-1247.518	-1462.708	215.1899	1.333994	3.945492	1.27005
32214	-1252.809	-1466.85	214.0411	0.9674298	4.05069	2.308898
32220	-1242.175	-1456.33	214.1553	0.7987486	3.515671	2.462694
32226	-1253.508	-1468.078	214.5705	0.8175769	2.860036	2.356682
32232	-1244.838	-1458.676	213.838	0.76903	4.054412	2.560819
32238	-1242.798	-1456.679	213.8812	0.7305264	4.040188	2.560819
32244	-1240.703	-1454.661	213.9573	0.9940043	3.1219	2.560819
32250	-1248.054	-1461.956	213.9019	0.8140409	3.737753	2.560819
32256	-1248.285	-1462.14	213.855	1.025352	3.298231	2.560819
32262	-1247.591	-1462.575	214.9832	1.328412	3.386379	1.589547
32268	-1260.325	-1475.12	214.795	1.198702	2.635228	2.030712
32274	-1259.959	-1474.226	214.2673	1.140537	2.890045	2.335735
32280	-1264.322	-1479.067	214.7449	1.176712	2.15359	2.238212
32286	-1251.628	-1466.136	214.5081	1.042865	2.911285	2.238212
32292	-1250.42	-1465.524	215.1041	0.9882117	2.653773	1.959078
32298	-1245.482	-1459.747	214.2648	0.9342206	3.095467	2.412572
32304	-1249.619	-1463.129	213.5096	1.004438	2.962607	2.869891
32310	-1257.144	-1471.388	214.2436	1.004438	3.148714	2.36773
32316	-1257.278	-1471.575	214.2974	1.097658	2.640954	2.415382
32322	-1247.966	-1463.282	215.3156	1.134724	2.404081	1.797996
32328	-1255.037	-1469.175	214.1379	1.102184	3.314018	2.330802
32334	-1257.149	-1471.188	214.0391	0.9602238	3.619757	2.410049
32340	-1238.464	-1452.731	214.2674	0.9602238	3.707518	2.244407
32346	-1239.971	-1454.039	214.0682	0.9602238	3.959284	2.315823
32352	-1246.772	-1461.446	214.6733	0.9588402	2.992482	2.163065
32358	-1260.971	-1475.494	214.5236	0.9678279	3.338143	2.163065
32364	-1242.694	-1456.618	213.9236	1.071329	3.497754	2.441292
32370	-1236.676	-1451.256	214.5797	1.267568	3.573582	1.866846
32376	-1247.296	-1461.493	214.1969	1.034564	3.61936	2.262436
32382	-1258.04	-1471.198	213.1571	0.7845234	3.238162	3.14481
32388	-1247.991	-1462.109	214.1173	0.9176391	3.883584	2.328135
32394	-1261.065	-1474.779	213.7143	0.9187795	3.280321	2.717679
32400	-1246.987	-1460.333	213.3462	0.8605082	3.739716	2.872539
32406	-1259.267	-1472.277	213.0095	0.7060679	3.874122	3.138886
32412	-1253.474	-1467.889	214.4153	1.174158	3.220155	2.129568
32418	-1245.606	-1458.489	212.8839	0.8008101	3.511525	3.234457
32424	-1241.162	-1454.674	213.5125	0.8064999	3.397876	2.881001
32430	-1246.718	-1460.136	213.4188	0.9002004	3.397876	2.881001
32436	-1227.195	-1440.474	213.2785	0.7784749	4.137533	2.881001
32442	-1234.745	-1448.969	214.2238	0.9121951	4.89419	2.057662
32448	-1249.994	-1464.379	214.3853	0.9643261	3.906191	2.120151
32454	-1243.078	-1456.993	213.9155	0.9693128	3.906191	2.418324
32460	-1246.687	-1460.433	213.7466	0.9261656	3.8218	2.569216
32466	-1250.781	-1464.555	213.7741	1.038865	3.261511	2.611589
32472	-1247.757	-1461.582	213.8251	0.9743199	4.557909	2.339543
32478	-1246.712	-1461.52	214.8088	1.027337	3.956688	1.781113
32484	-1239.197	-1454.428	215.2315	1.102008	3.596004	1.515311
32490	-1233.109	-1447.966	214.8572	1.188866	3.633003	1.713769
32496	-1233.884	-1448.83	214.9461	1.161911	3.633003	1.669837
32502	-1228.327	-1442.866	214.5392	1.071488	3.633003	2.0116
32508	-1229.676	-1444.271	214.5949	1.059939	3.513302	2.0116
32514	-1242.606	-1457.406	214.8003	0.9257084	3.132201	2.063357
32520	-1245.693	-1459.555	213.8615	1.026146	3.474277	2.514003
32526	-1244.041	-1458.508	214.4668	1.13107	3.882429	1.961134
32532	-1253.804	-1468.571	214.7672	1.09139	3.183774	1.961134
32538	-1244.613	-1458.092	213.4792	0.854155	2.48238	3.111037
32544	-1245.857	-1457.361	211.5039	0.5691806	3.945043	4.078938
32550	-1250.319	-1463.286	212.9679	0.8000893	2.941654	3.320296
32556	-1249.894	-1464.435	214.5405	1.00553	3.378827	2.117112
32562	-1243.136	-1457.443	214.3069	1.096831	3.764133	2.117112
32568	-1250.213	-1464.424	214.2111	0.9562035	3.811266	2.259568
32574	-1260.127	-1474.008	213.8808	1.028689	4.526027	2.275438
32580	-1253.385	-1467.568	214.1828	1.087658	3.406374	2.288549
32586	-1231.223	-1445.831	214.6077	1.078894	4.340781	1.797745
32592	-1235.969	-1449.784	213.8155	0.9734232	4.141417	2.429061
32598	-1236.607	-1450.295	213.6882	0.9734232	3.442984	2.661434
32604	-1235.36	-1449.134	213.7739	0.9127303	3.442984	2.646052
32610	-1231.848	-1445.688	213.8398	0.9660554	2.798736	2.736069
32616	-1243.507	-1457.896	214.389	0.9606718	2.798736	2.398305
32622	-1241.544	-1454.161	212.6166	0.8298345	2.969014	3.501821
32628	-1235.777	-1448.242	212.465	0.8632315	2.859471	3.59831
32634	-1256.496	-1469.293	212.7977	0.7103901	3.040434	3.448111
32640	-1247.604	-1460.427	212.8228	0.764643	3.158723	3.372901
32646	-1246.249	-1459.018	212.7692	0.8480181	3.086394	3.372901
32652	-1243.842	-1457.229	213.3865	1.022124	3.086394	2.902017
32658	-1240.581	-1454.763	214.1821	1.059765	3.086394	2.387888
32664	-1246.706	-1460.366	213.6598	0.9687495	3.207113	2.738349
32670	-1243.672	-1457.042	213.3699	0.9195524	3.587865	2.855633
32676	-1246.345	-1460.057	213.7125	1.035284	3.050695	2.704703
32682	-1246.596	-1460.066	213.4695	0.9164285	3.584085	2.797882
32688	-1238.117	-1451.298	213.1805	0.7464738	3.442266	3.106163
32694	-1233.573	-1446.779	213.2058	0.8404569	3.442266	3.034927
32700	-1244.678	-1458.282	213.6046	1.097033	3.951757	2.523381
32706	-1239.614	-1453.723	214.1086	1.103682	4.627103	2.058821
32712	-1240.57	-1454.92	214.3507	1.144904	3.791614	2.050323
32718	-1258.775	-1473.029	214.2531	0.9890525	3.633598	2.252238
32724	-1255.609	-1470.59	214.9807	1.257706	3.330498	1.658131
32730	-1249.317	-1464.364	215.0472	1.143022	3.455633	1.658131
32736	-1239.792	-1453.714	213.9226	1.143022	4.082548	2.265583
32742	-1251.967	-1465.369	213.4018	0.80195	4.447612	2.731735
32748	-1245.984	-1460.496	214.5125	1.157696	3.5041	2.003656
32754	-1255.089	-1469.612	214.5233	1.157696	2.869836	2.165817
32760	-1251.892	-1465.157	213.2651	0.9342036	3.4856	2.933167
32766	-1242.975	-1456.634	213.6591	0.8708796	2.966923	2.859075
32772	-1246.107	-1459.435	213.328	0.8870676	3.822674	2.849764
32778	-1232.787	-1446.388	213.6012	0.9288656	3.253839	2.787083
32784	-1242.822	-1457.364	214.542	0.9482981	4.344241	1.931176
32790	-1242.755	-1457.015	214.26	1.031686	3.610162	2.225881
32796	-1244.309	-1458.16	213.8509	0.9013541	3.790889	2.526549
32802	-1238.184	-1452.17	213.986	0.9441582	2.634873	2.706122
32808	-1238.308	-1451.64	213.3328	0.8828241	3.650257	2.88655
32814	-1248.506	-1462.211	213.7051	0.9403263	3.957401	2.557223
32820	-1245.095	-1457.63	212.5356	0.8770137	3.094875	3.490607
32826	-1238.443	-1451.136	212.6932	0.797768	3.092574	3.44541
32832	-1248.154	-1460.739	212.5851	0.7268919	3.159719	3.533744
32838	-1261.061	-1472.76	211.6993	0.6968021	2.596044	4.202433
32844	-1260.871	-1473.484	212.6121	0.8165912	3.387053	3.412969
32850	-1252.638	-1465.834	213.1956	1.075628	3.866834	2.806325
32856	-1251.671	-1465.888	214.2171	0.9404983	2.928553	2.48304
32862	-1267.649	-1479.719	212.0702	0.6915851	4.806631	3.526773
32868	-1268.213	-1480.334	212.1209	0.7928453	4.304942	3.526773
32874	-1274.495	-1489.691	215.1963	1.026467	2.871813	1.802796
32880	-1265.767	-1479.586	213.8191	1.124273	3.858051	2.391869
32886	-1256.516	-1470.752	214.2361	1.10395	4.685996	1.962111
32892	-1252.763	-1467.626	214.8632	1.272286	3.300984	1.739231
32898	-1264.967	-1479.57	214.6025	1.272286	3.394812	1.893965
32904	-1269.503	-1483.36	213.8564	0.9104866	3.095144	2.68155
32910	-1256.211	-1471.273	215.0614	1.102218	2.710818	1.89302
32916	-1257.23	-1471.349	214.119	1.211022	3.316357	2.272719
32922	-1253.737	-1468.444	214.7074	1.196858	3.525068	1.840187
32928	-1243.347	-1457.032	213.6854	0.9921202	4.057163	2.516325
32934	-1242.11	-1456.218	214.1085	1.149012	3.097685	2.375044
32940	-1242.522	-1457.043	214.5209	1.078624	3.852634	1.966882
32946	-1243.5	-1457.82	214.3208	0.9974884	3.852634	2.152621
32952	-1252.534	-1466.859	214.3253	0.9524072	3.841611	2.181493
32958	-1259.397	-1472.596	213.1998	0.9524072	3.319091	2.999921
32964	-1240.895	-1454.253	213.3578	0.7006018	3.534659	3.006811
32970	-1247.651	-1460.457	212.8061	0.7888872	3.773213	3.231284
32976	-1252.063	-1465.763	213.7005	0.7784462	4.780924	2.49985
32982	-1252.327	-1465.648	213.3215	0.9298852	4.066331	2.777222
32988	-1255.031	-1468.912	213.8804	0.8448724	3.583957	2.589526
32994	-1257.15	-1471.469	214.3192	0.9470462	3.763324	2.206741
33000	-1249.506	-1463.863	214.3564	0.9753703	3.264116	2.284801
33006	-1249.207	-1462.34	213.1325	1.088302	3.774392	2.856544
33012	-1256.815	-1470.415	213.5997	0.811903	3.92365	2.708604
33018	-1252.8	-1466.813	214.0131	1.02997	3.157906	2.494424
33024	-1260.083	-1473.908	213.8251	0.9740942	4.010338	2.44994
33030	-1256.36	-1470.182	213.8224	1.016916	3.892351	2.44994
33036	-1256.363	-1470.349	213.9857	0.9862942	4.168042	2.30755
33042	-1247.546	-1462.037	214.4912	1.106033	3.778974	1.985686
33048	-1252.104	-1466.598	214.4939	1.113553	5.391976	1.640332
33054	-1252.602	-1467.469	214.8669	1.348653	3.575462	1.607599
33060	-1251.559	-1466.481	214.922	1.353919	3.2954	1.641112
33066	-1244.137	-1459.127	214.9901	1.338136	4.661602	1.243636
33072	-1249.063	-1462.99	213.9271	1.035744	3.927471	2.364394
33078	-1250.466	-1464.281	213.8152	0.9792665	5.317932	2.204435
33084	-1243.892	-1458.366	214.4743	1.014737	3.556179	2.110503
33090	-1255.333	-1469.001	213.6676	1.006673	3.956675	2.539416
33096	-1262.256	-1476.386	214.1299	0.7542494	3.792481	2.44363
33102	-1247.405	-1461.651	214.2461	0.9822629	2.910206	2.44363
33108	-1247.958	-1461.594	213.6359	0.7543048	3.777453	2.752814
33114	-1246.62	-1460.701	214.0806	0.8516047	2.80067	2.657979
33120	-1278.733	-1490.495	211.7612	0.6144333	3.306251	4.039467
33126	-1270.807	-1483.414	212.6072	0.6831264	3.306251	3.512189
33132	-1249.495	-1463.171	213.6762	0.9700607	3.468576	2.664919
33138	-1247.461	-1461.172	213.7109	0.9234335	3.183092	2.740763
33144	-1261.112	-1474.434	213.3219	0.697866	3.183092	3.111453
33150	-1250.66	-1463.869	213.2091	0.9218365	4.003096	2.863234
33156	-1251.8	-1464.803	213.0029	0.9287673	2.859771	3.244873
33162	-1262.73	-1476.926	214.1965	1.104834	2.789974	2.431235
33168	-1268.628	-1483.445	214.8171	1.233459	2.556282	2.017954
33174	-1273.18	-1487.622	214.4413	1.247697	3.328255	2.035892
33180	-1259.99	-1473.866	213.8764	1.079635	3.334598	2.504787
33186	-1255.688	-1470.096	214.4073	1.146197	3.902972	1.986077
33192	-1242.612	-1456.835	214.2232	1.109386	3.319672	2.270288
33198	-1253.83	-1468.572	214.7429	1.109386	3.395217	1.909135
33204	-1265.409	-1478.996	213.5869	0.8292882	4.624905	2.567617
33210	-1253.461	-1467.411	213.9498	0.8523903	3.487511	2.564113
33216	-1261.124	-1475.537	214.4129	0.8428155	3.297257	2.325022
33222	-1287.97	-1501.827	213.857	1.090018	3.86653	2.387666
33228	-1273.528	-1487.88	214.3524	1.016864	3.305974	2.250183
33234	-1248.774	-1462.226	213.4522	0.8732382	3.961661	2.753439
33240	-1238.522	-1452.676	214.1536	0.9423891	3.687917	2.333184
33246	-1244.626	-1458.553	213.927	1.003609	4.02448	2.364043
33252	-1251.423	-1465.246	213.8225	0.9494361	4.521442	2.364043
33258	-1264.627	-1478.942	214.3148	0.7878429	3.865939	2.288807
33264	-1263.876	-1477.865	213.9883	1.008366	3.776641	2.376155
33270	-1264.848	-1479.097	214.2496	1.194546	3.421037	2.172979
33276	-1257.623	-1471.785	214.1616	1.018295	4.17166	2.172979
33282	-1266.106	-1479.735	213.6289	0.9770184	4.17166	2.537506
33288	-1263.919	-1477.779	213.8595	0.8967324	3.822069	2.517236
33294	-1261.805	-1476.113	214.3082	1.177221	3.382529	2.155767
33300	-1261.433	-1474.453	213.0202	0.9426968	4.240029	2.917777
33306	-1253.449	-1466.329	212.88	0.8745013	3.813674	3.128204
33312	-1257.237	-1469.779	212.5418	0.7879716	4.106233	3.320761
33318	-1257.846	-1470.562	212.7155	0.8576092	3.5238	3.297668
33324	-1259.435	-1474.102	214.6666	1.246997	4.397565	1.624798
33330	-1260.153	-1472.6	212.4465	0.6886933	3.139241	3.641321
33336	-1248.269	-1460.599	212.3299	0.7333052	3.319047	3.641321
33342	-1266.961	-1481.868	214.9063	1.059821	3.726182	1.746422
33348	-1249.761	-1463.639	213.8777	1.059715	3.868347	2.393351
33354	-1252.084	-1465.605	213.5203	1.050803	3.476694	2.709196
33360	-1262.376	-1476.315	213.9384	0.8678387	3.792761	2.492432
33366	-1258.413	-1472.47	214.0566	0.9430991	3.555577	2.424701
33372	-1252.224	-1466.105	213.881	1.061346	3.839031	2.396673
33378	-1242.978	-1456.895	213.9174	1.00634	4.365839	2.297983
33384	-1244.478	-1458.992	214.5142	1.10751	4.576031	1.792477
33390	-1242.465	-1456.814	214.3485	0.9797634	4.728866	1.961513
33396	-1250.6	-1465.104	214.5046	1.273283	4.28316	1.746904
33402	-1255.838	-1470.529	214.6902	0.9660772	3.273197	2.071843
33408	-1250.76	-1465.301	214.5408	1.158028	3.979643	1.870318
33414	-1250.68	-1465.27	214.5904	1.307532	4.152227	1.692036
33420	-1250.79	-1465.656	214.8658	1.238527	3.600009	1.681023
33426	-1249.918	-1465.231	215.313	1.610878	3.958108	0.8902742
33432	-1253.351	-1468.67	215.3185	1.703073	3.98078	0.7556208
33438	-1260.061	-1475.523	215.4621	1.779558	3.37141	0.7556208
33444	-1255.999	-1471.592	215.5926	1.70321	3.37141	0.6636466
33450	-1254.962	-1470.078	215.116	1.442449	3.778022	1.289329
33456	-1249.469	-1464.682	215.2137	1.364165	3.409362	1.382119
33462	-1259.22	-1474.378	215.1585	1.739995	4.179308	0.8329638
33468	-1256.526	-1471.398	214.872	1.654491	5.224181	0.9069905
33474	-1255.595	-1470.082	214.4867	1.108565	5.454222	1.637384
33480	-1258.165	-1472.267	214.1016	0.9265404	5.109116	2.08901
33486	-1254.783	-1468.885	214.1028	1.129391	3.706344	2.241773
33492	-1244.254	-1458.501	214.2466	1.082197	4.772772	1.952583
33498	-1253.657	-1467.537	213.8804	0.987781	4.431313	2.320471
33504	-1257.229	-1471.284	214.0542	0.9390645	3.468279	2.449275
33510	-1256.866	-1471.89	215.024	1.173383	3.835547	1.552759
33516	-1246.742	-1461.448	214.7064	1.132994	4.377723	1.682419
33522	-1249.207	-1463.442	214.235	0.8883922	3.92339	2.262879
33528	-1247.509	-1461.767	214.2575	1.084885	4.078731	2.086737
33534	-1263.332	-1477.893	214.5605	1.161367	4.227402	1.798314
33540	-1260.646	-1474.15	213.5045	0.77381	3.565903	2.867324
33546	-1258.109	-1471.512	213.4022	0.681546	3.237097	3.060344
33552	-1257.94	-1472.231	214.2908	0.9818458	3.041548	2.380282
33558	-1244.962	-1459.588	214.6255	1.38819	3.895109	1.670935
33564	-1250.79	-1465.924	215.1339	1.454702	3.460027	1.358477
33570	-1250.089	-1465.349	215.2599	1.256818	4.044031	1.248491
33576	-1242.356	-1457.221	214.865	1.356996	4.650191	1.33324
33582	-1247.027	-1462.412	215.3858	1.324395	3.127393	1.366039
33588	-1253.874	-1468.712	214.8376	1.361451	3.69719	1.587361
33594	-1245.8	-1460.901	215.1004	1.311072	3.717558	1.422833
33600	-1257.976	-1473.234	215.2579	1.368377	2.752793	1.55309
33606	-1260.253	-1474.509	214.2553	1.169902	3.522392	2.160402
33612	-1263.373	-1478.253	214.8799	1.174195	3.857538	1.65133
33618	-1249.479	-1464.042	214.5631	0.844106	3.327677	2.220248
33624	-1243.73	-1459.042	215.3116	1.585201	3.918291	0.935258
33630	-1253.086	-1468.399	215.3133	1.372855	3.960946	1.126206
33636	-1253.417	-1468.831	215.4137	1.322832	3.166563	1.332385
33642	-1256.927	-1471.721	214.7941	1.082956	4.586234	1.609388
33648	-1251.942	-1467.127	215.1843	1.237283	3.182201	1.56811
33654	-1251.8	-1465.032	213.2318	0.6468428	3.319331	3.163116
33660	-1250.878	-1463.409	212.5305	0.6625099	2.677587	3.724383
33666	-1265.064	-1477.5	212.4356	0.7016005	2.677587	3.756597
33672	-1261.086	-1473.704	212.6181	0.7786677	3.023285	3.517337
33678	-1257.352	-1471.122	213.7695	1.162681	3.224873	2.546663
33684	-1242.606	-1457.257	214.651	1.092634	3.589497	1.933187
33690	-1256.777	-1470.999	214.2222	1.046356	3.78154	2.201049
33696	-1266.52	-1481.64	215.1198	1.223047	2.564845	1.817391
33702	-1261.718	-1476.154	214.4356	0.8692474	3.292293	2.294916
33708	-1245.297	-1459.83	214.5332	1.053536	3.504546	2.058912
33714	-1261.114	-1473.811	212.697	0.7614037	1.994867	3.776658
33720	-1255.301	-1470.016	214.7148	1.188031	2.869041	2.020306
33726	-1248.526	-1462.978	214.4526	1.089352	2.640773	2.322372
33732	-1261.58	-1476.603	215.0229	1.111612	2.94883	1.840506
33738	-1262.808	-1476.846	214.0375	0.9859425	3.325531	2.464776
33744	-1248.291	-1461.003	212.7124	0.7967828	3.266993	3.393298
33750	-1255.633	-1468.746	213.1133	0.7495614	2.700373	3.327913
33756	-1248.185	-1461.574	213.3884	0.8328428	4.240985	2.760811
33762	-1241.223	-1454.983	213.7596	0.9763507	4.050157	2.481238
33768	-1244.53	-1458.167	213.6364	0.8654446	4.804471	2.481238
33774	-1244.447	-1458.172	213.7256	0.8608174	3.703279	2.648564
33780	-1251.101	-1464.516	213.4152	0.8880427	2.963048	2.996846
33786	-1247.22	-1460.292	213.0718	0.9330413	3.653653	3.012699
33792	-1249.72	-1462.694	212.974	0.8673423	4.128071	3.012699
33798	-1253.197	-1466.655	213.4576	0.7542043	3.061012	3.026773
33804	-1248.592	-1462.294	213.7022	0.7616377	3.747035	2.714319
33810	-1236.277	-1449.907	213.6296	0.9364386	2.886153	2.858459
33816	-1237.115	-1450.259	213.1433	0.7941167	3.257967	3.142569
33822	-1233.475	-1446.906	213.4311	0.9680889	3.669204	2.770875
33828	-1242.343	-1456.338	213.9953	0.9904388	3.669204	2.407317
33834	-1248.634	-1461.69	213.0557	0.8280346	3.669204	3.081781
33840	-1248.776	-1461.752	212.9758	0.7760591	4.049479	3.081781
33846	-1248.433	-1462.072	213.6382	0.8678268	3.311104	2.787903
33852	-1245.798	-1458.932	213.1339	0.8215715	3.734369	3.024946
33858	-1250.906	-1463.749	212.8431	0.8780852	4.216231	3.067499
33864	-1255.074	-1468.002	212.9278	0.8593537	3.702737	3.132167
33870	-1255.392	-1469.2	213.8084	0.9561725	3.708147	2.537129
33876	-1256.488	-1469.577	213.0892	1.035385	3.950912	2.877753
33882	-1248.876	-1462.233	213.357	0.9111727	4.342959	2.712282
33888	-1248.615	-1461.954	213.3386	0.9442376	3.537543	2.870956
33894	-1239.167	-1453.036	213.869	0.945762	2.815989	2.725908
33900	-1261.11	-1475.881	214.7705	1.537821	2.863975	1.74559
33906	-1257.122	-1471.789	214.6671	1.28203	3.574774	1.796485
33912	-1262.538	-1477.277	214.7385	1.159515	3.076726	1.964141
33918	-1251.493	-1466.297	214.8045	1.182949	2.867932	1.964141
33924	-1262.464	-1476.64	214.1761	1.096581	3.681087	2.221545
33930	-1261.321	-1475.163	213.8417	1.002601	3.53291	2.52736
33936	-1258.514	-1472.829	214.3154	1.097604	2.612984	2.412417
33942	-1248.366	-1462.327	213.9609	0.9739623	3.039721	2.592213
33948	-1254.763	-1467.969	213.2058	1.011929	4.323093	2.746955
33954	-1256.73	-1468.772	212.0417	0.7312965	3.422081	3.785972
33960	-1262.436	-1476.74	214.3041	1.314176	3.138155	2.132468
33966	-1260.82	-1475.897	215.0778	1.206378	3.343499	1.621549
33972	-1255.539	-1468.063	212.5232	0.7532929	2.702027	3.669539
33978	-1254.725	-1466.968	212.2435	0.6141707	3.113881	3.807632
33984	-1247.099	-1459.224	212.1246	0.4482503	3.113881	3.971044
33990	-1250.184	-1461.988	211.804	0.5621387	3.457823	4.011499
33996	-1254.358	-1466.509	212.1517	0.7058753	3.53236	3.713135
34002	-1246.485	-1459.878	213.3927	0.9090627	4.374654	2.685531
34008	-1253.231	-1466.96	213.7298	0.9308791	3.774942	2.586923
34014	-1266.25	-1479.161	212.9109	0.8164448	3.774942	3.152471
34020	-1268.795	-1482.15	213.355	0.8071015	4.156555	2.813468
34026	-1258.719	-1471.64	212.9211	0.647813	3.947097	3.21108
34032	-1257.473	-1471.644	214.1712	1.04889	4.387286	2.101901
34038	-1253.382	-1467.621	214.2383	0.8459335	3.650245	2.349303
34044	-1261.369	-1475.166	213.7969	0.8244608	3.807443	2.604214
34050	-1258.771	-1471.616	212.8455	0.8885613	3.249899	3.264973
34056	-1273.881	-1486.898	213.0168	0.7326605	3.699523	3.155243
34062	-1248.992	-1463.047	214.055	1.080289	3.490181	2.354386
34068	-1250.179	-1464.462	214.2821	1.225825	3.491793	2.113865
34074	-1247.96	-1462.468	214.5075	1.160776	5.188414	1.635816
34080	-1245.871	-1460.837	214.9663	1.257349	3.659049	1.579451
34086	-1240.792	-1455.47	214.6778	1.183219	3.507303	1.874264
34092	-1240.814	-1455.423	214.6088	1.256471	3.985537	1.754011
34098	-1244.204	-1459.117	214.913	1.427428	3.857992	1.43942
34104	-1238.585	-1453.732	215.1475	1.338895	3.622944	1.391178
34110	-1244.938	-1460.139	215.2015	1.395377	3.994629	1.194639
34116	-1240.569	-1455.693	215.1235	1.395377	3.835284	1.30519
34122	-1257.347	-1472.411	215.0634	1.384602	4.043315	1.30519
34128	-1263.82	-1478.804	214.9848	1.413194	4.247454	1.291506
34134	-1262.097	-1476.838	214.741	1.44123	4.92183	1.301599
34140	-1249.707	-1464.626	214.9191	1.393472	4.263659	1.356047
34146	-1242.035	-1456.831	214.7965	1.296048	4.047312	1.576731
34152	-1250.112	-1464.413	214.3015	1.231483	4.379286	1.894826
34158	-1242.275	-1457.135	214.86	1.231483	4.087135	1.567794
34164	-1252.681	-1467.658	214.9766	1.30123	4.22604	1.392806
34170	-1250.95	-1465.172	214.2225	1.132176	3.073747	2.319659
34176	-1244.082	-1458.591	214.5094	1.16795	4.020258	1.875656
34182	-1252.034	-1467.089	215.0556	1.127127	3.672361	1.605786
34188	-1256.1	-1470.595	214.495	1.192672	3.624127	1.962334
34194	-1247.879	-1462.046	214.1666	0.9555355	4.046854	2.236912
34200	-1244.292	-1459.064	214.772	1.14236	4.010454	1.713649
34206	-1241.005	-1455.51	214.5056	1.14925	4.010454	1.893186
34212	-1245.044	-1460.302	215.2586	1.307879	3.888693	1.250879
34218	-1250.614	-1465.632	215.0179	1.4167	4.729471	1.134506
34224	-1253.012	-1467.902	214.89	1.492507	4.15506	1.328242
34230	-1257.845	-1471.983	214.1383	1.336934	5.20562	1.769171
34236	-1258.903	-1473.347	214.444	1.159673	4.54776	1.810879
34242	-1262.88	-1478.08	215.1997	1.398607	3.874503	1.22831
34248	-1268.028	-1483.443	215.4147	1.473508	3.582551	1.063253
34254	-1264.489	-1478.013	213.5241	0.9368869	3.525777	2.765307
34260	-1273.62	-1487.232	213.6119	0.8540549	3.125962	2.857449
34266	-1268.61	-1482.844	214.2343	1.089133	3.190997	2.308852
34272	-1268.047	-1481.535	213.4879	0.7175645	2.936676	3.062191
34278	-1259.113	-1472.11	212.9975	0.6580611	2.948532	3.384616
34284	-1252.603	-1466.595	213.9913	0.7905383	3.465489	2.581879
34290	-1258.451	-1471.185	212.7332	0.839837	3.12504	3.389447
34296	-1249.949	-1463.58	213.6314	0.8360729	2.969746	2.896185
34302	-1249.052	-1462.56	213.5072	0.8326652	2.946309	2.979128
34308	-1254.067	-1468.247	214.1795	0.9891297	3.722118	2.278982
34314	-1260.867	-1475.104	214.237	0.938292	3.515667	2.322882
34320	-1256.925	-1470.101	213.1752	0.6876852	3.74087	3.078891
34326	-1256.628	-1470.002	213.374	0.6195352	3.963017	2.954366
34332	-1272.625	-1485.897	213.2721	0.8844048	3.575569	2.938738
34338	-1251.53	-1464.691	213.1617	0.8583467	3.575569	3.020719
34344	-1252.264	-1465.93	213.6659	0.8653063	3.867169	2.647058
34350	-1255.789	-1470.701	214.9117	1.124719	3.691039	1.705758
34356	-1264.141	-1478.71	214.5693	1.292366	5.050264	1.522129
34362	-1257.651	-1472.599	214.9484	1.089945	4.109323	1.601262
34368	-1248.964	-1463.367	214.4027	1.089945	3.417941	2.142154
34374	-1257.189	-1471.34	214.1517	1.037752	4.175739	2.165881
34380	-1254.255	-1468.078	213.8228	0.9200235	5.748599	2.165881
34386	-1260.525	-1473.987	213.462	0.8253529	3.318322	2.918801
34392	-1259.929	-1474.369	214.44	1.008353	3.432281	2.167462
34398	-1252.141	-1466.116	213.9754	0.9902471	3.382611	2.487103
34404	-1258.062	-1471.958	213.8956	0.9902471	3.950442	2.408157
34410	-1264.208	-1478.432	214.2247	0.9082332	4.285434	2.179648
34416	-1260.373	-1475.099	214.7264	1.092002	5.264333	1.510694
34422	-1259.263	-1472.477	213.2137	0.8832443	3.852659	2.914854
34428	-1258.395	-1471.831	213.4364	0.7486904	4.469325	2.73906
34434	-1259.835	-1474.354	214.5191	1.074124	3.207077	2.130516
34440	-1263.705	-1478.134	214.4282	1.103101	3.371861	2.128487
34446	-1259.954	-1474.709	214.7546	1.237342	4.453225	1.555056
34452	-1248.198	-1462.841	214.6437	1.039885	4.262847	1.816955
34458	-1240.704	-1455.411	214.7079	1.075215	3.962773	1.816439
34464	-1251.952	-1466.128	214.1764	1.057537	4.233704	2.124639
34470	-1260.088	-1474.359	214.2713	0.9370079	4.301324	2.127326
34476	-1258.243	-1473.059	214.8161	0.9370079	3.997544	1.829024
34482	-1266.501	-1480.109	213.6078	0.702101	3.575978	2.845938
34488	-1264.521	-1477.857	213.3362	0.9057956	3.763788	2.845938
34494	-1263.128	-1476.702	213.5734	0.9418839	3.527248	2.731782
34500	-1262.914	-1477.639	214.7252	1.049021	3.527267	1.928119
34506	-1261.374	-1475.446	214.0727	1.049021	3.527267	2.354211
34512	-1260.399	-1474.711	214.3118	0.9636023	3.351116	2.299003
34518	-1258.755	-1471.949	213.1943	0.8547683	3.306445	3.064654
34524	-1270.847	-1483.926	213.0787	0.8274786	3.686733	3.064654
34530	-1265.013	-1479.135	214.1219	0.8592292	3.097906	2.54842
34536	-1266.468	-1479.461	212.9926	0.7041654	3.097906	3.323366
34542	-1268.863	-1482.071	213.2075	0.8136767	3.785767	2.974623
34548	-1248.559	-1462.165	213.6064	0.7844291	4.456787	2.614914
34554	-1250.986	-1465.002	214.0159	0.9095448	4.182065	2.33428
34560	-1247.677	-1461.952	214.275	1.000126	4.028314	2.141747
34566	-1247.661	-1461.778	214.1167	1.12182	4.210419	2.126545
34572	-1260.952	-1473.112	212.1599	0.6579013	2.892	3.884661
34578	-1246.945	-1460.18	213.2347	1.041158	3.208602	2.951927
34584	-1252.638	-1467.112	214.4737	1.066395	2.857912	2.260266
34590	-1253.385	-1467.507	214.1221	1.066395	4.510247	2.097688
34596	-1251.226	-1465.758	214.5319	0.9899145	3.507857	2.10084
34602	-1262.731	-1477.692	214.9615	1.15923	2.494581	1.991244
34608	-1258.382	-1472.318	213.9366	0.9616045	2.494581	2.76704
34614	-1264.865	-1478.611	213.746	0.9616045	2.906319	2.76704
34620	-1269.699	-1483.192	213.4924	0.9574784	2.906319	2.923335
34626	-1265.769	-1479.231	213.4613	0.8495268	4.790415	2.602646
34632	-1257.639	-1472.115	214.4757	1.007224	3.439405	2.143161
34638	-1243.404	-1457.508	214.1034	0.9161965	4.845863	2.143161
34644	-1245.671	-1459.65	213.9796	0.9003067	4.122514	2.37558
34650	-1251.818	-1465.937	214.1191	0.8760579	4.079182	2.311398
34656	-1244.784	-1458.532	213.7484	0.8246137	4.011423	2.590831
34662	-1256.558	-1470.774	214.2158	1.014487	3.441986	2.305498
34668	-1263.947	-1478.179	214.2319	0.9004356	4.479133	2.140688
34674	-1258.628	-1471.984	213.3561	0.9202313	3.863508	2.803901
34680	-1265.822	-1478.547	212.7256	0.6667174	3.404981	3.430235
34686	-1258.717	-1470.846	212.1288	0.7333999	3.244565	3.774457
34692	-1258.205	-1470.736	212.5312	0.7235397	3.20376	3.556692
34698	-1249.985	-1462.625	212.6405	0.7746902	4.524721	3.192026
34704	-1246.634	-1459.208	212.5735	0.7297708	3.886188	3.379914
34710	-1247.633	-1461.595	213.9615	0.9165109	3.748829	2.457163
34716	-1258.731	-1472.856	214.1258	0.9059854	3.577606	2.399291
34722	-1239.301	-1453.473	214.1718	1.00728	3.806952	2.253011
34728	-1243.97	-1457.211	213.2414	0.8700666	3.730537	2.932039
34734	-1237.463	-1452.626	215.1635	1.287633	3.730537	1.3884
34740	-1258.179	-1472.297	214.1189	1.089869	3.870961	2.219545
34746	-1254.079	-1469.023	214.9443	1.156409	3.251255	1.77729
34752	-1257.337	-1471.927	214.5892	1.064135	4.288374	1.832168
34758	-1252.736	-1467.733	214.9972	1.282069	3.909727	1.47244
34764	-1262.441	-1478.238	215.7979	1.495541	2.667894	1.037277
34770	-1260.486	-1475.9	215.4143	1.416553	3.061278	1.291223
34776	-1257.144	-1472.078	214.9337	1.154754	3.671785	1.673782
34782	-1256.7	-1471.828	215.1281	1.241152	3.383988	1.547923
34788	-1246.715	-1461.726	215.0112	1.361473	3.480709	1.518082
34794	-1249.515	-1464.204	214.6898	1.120332	3.798742	1.836779
34800	-1253.276	-1467.998	214.7227	1.066084	3.645355	1.888813
34806	-1244.701	-1458.894	214.1927	1.357507	4.269794	1.90659
34812	-1254.949	-1470.126	215.1775	1.247021	3.586279	1.449294
34818	-1263.749	-1478.842	215.0937	1.293084	3.700992	1.446334
34824	-1255.188	-1470.064	214.8764	1.293084	4.385844	1.437371
34830	-1262.7	-1476.648	213.948	1.044985	4.589348	2.209384
34836	-1269.234	-1483.542	214.3073	0.9961296	3.647955	2.209384
34842	-1273.188	-1488.016	214.8277	1.326496	4.035245	1.534251
34848	-1273.03	-1487.944	214.9143	1.255417	3.989196	1.534251
34854	-1265.92	-1481.038	215.118	1.330735	4.046092	1.303828
34860	-1257.672	-1472.777	215.1052	1.539636	3.409839	1.328913
34866	-1258.4	-1473.732	215.3324	1.424527	3.370927	1.249576
34872	-1247.185	-1461.189	214.0032	1.098952	4.098304	2.238735
34878	-1257.315	-1471.82	214.5047	1.16214	4.008553	1.885515
34884	-1248.725	-1463.199	214.4744	1.056981	4.824859	1.804173
34890	-1249.223	-1463.504	214.2812	1.145318	3.783399	2.097739
34896	-1243.078	-1457.687	214.6087	1.120488	4.196957	1.800049
34902	-1237.236	-1451.198	213.9616	1.206171	4.925473	2.030748
34908	-1241.516	-1456.354	214.8382	1.29104	4.129597	1.529585
34914	-1239.018	-1453.799	214.7802	1.262009	3.514719	1.747172
34920	-1254.811	-1469.994	215.1823	1.629397	3.357132	1.207883
34926	-1245.674	-1460.775	215.1005	1.409502	3.406973	1.435407
34932	-1252.082	-1467.138	215.0562	1.312971	4.167395	1.335727
34938	-1252.356	-1467.631	215.2748	1.279149	4.23727	1.162577
34944	-1257.77	-1472.761	214.9903	1.375602	3.768718	1.443871
34950	-1258.709	-1472.182	213.473	0.689805	5.176344	2.627051
34956	-1262.992	-1475.642	212.6499	0.6117084	4.826382	3.230056
34962	-1260.646	-1475.35	214.7045	1.345518	5.04913	1.378518
34968	-1255.169	-1470.389	215.2204	1.394793	4.428984	1.051602
34974	-1258.074	-1473.184	215.1102	1.536658	4.376664	1.036833
34980	-1243.102	-1458.01	214.9083	1.477052	4.227379	1.307042
34986	-1257.529	-1472.882	215.3528	1.326657	3.926841	1.142602
34992	-1259.717	-1474.904	215.1867	1.476763	3.926841	1.156709
34998	-1251.178	-1466.313	215.1349	1.297583	3.280057	1.531172
35004	-1272.713	-1486.914	214.2016	1.094297	2.859049	2.415249
35010	-1253.206	-1467.225	214.0183	0.9202175	4.558059	2.25059
35016	-1242.229	-1455.538	213.309	1.000564	4.558059	2.646021
35022	-1242.111	-1456.64	214.5291	1.06584	3.310383	2.102498
35028	-1242.7	-1456.77	214.0704	1.072248	4.147591	2.202206
35034	-1237.442	-1451.287	213.8452	1.085201	4.250096	2.317164
35040	-1245.224	-1459.117	213.8938	1.063188	3.506964	2.462947
35046	-1252.433	-1466.381	213.9477	1.180717	4.848287	2.071347
35052	-1260.533	-1475.234	214.7012	1.059254	4.219379	1.773334
35058	-1258.353	-1472.962	214.6092	1.146556	4.135401	1.795548
35064	-1249.75	-1464.009	214.2587	1.260841	4.909826	1.795548
35070	-1247.993	-1462.652	214.6588	1.335765	4.865669	1.461357
35076	-1248.987	-1463.18	214.193	1.114136	3.694723	2.196106
35082	-1241.701	-1456.152	214.4507	1.114136	4.272865	1.896009
35088	-1246.63	-1460.07	213.4401	0.8812918	4.676212	2.616881
35094	-1248.372	-1462.191	213.8197	0.9368474	4.294241	2.418414
35100	-1254.145	-1467.461	213.3159	0.6634023	3.594753	3.040891
35106	-1256.637	-1469.067	212.4297	0.5298902	3.28944	3.708008
35112	-1271.911	-1485.893	213.982	1.123457	3.908992	2.277565
35118	-1250.047	-1464.003	213.9557	0.9938474	3.908992	2.376818
35124	-1252.762	-1466.401	213.6387	0.9529445	4.188963	2.54285
35130	-1247.643	-1461.553	213.9099	0.9022459	3.789617	2.489395
35136	-1250.224	-1463.155	212.9308	0.8416525	2.729566	3.373123
35142	-1262.549	-1476.993	214.4432	1.206234	5.969846	1.5025
35148	-1268.426	-1482.817	214.3916	1.101052	5.485368	1.704839
35154	-1258.834	-1473.577	214.7425	0.969534	4.266529	1.796492
35160	-1242.824	-1456.48	213.6565	0.830264	4.61708	2.525152
35166	-1233.17	-1447.307	214.1368	0.9785565	3.719266	2.313663
35172	-1248.959	-1463.726	214.7667	1.068748	4.343019	1.692933
35178	-1251.813	-1466.21	214.3972	1.147034	5.221354	1.717849
35184	-1260.905	-1475.013	214.1078	1.008583	2.680348	2.578157
35190	-1237.172	-1451.712	214.5397	1.075225	3.671232	1.999556
35196	-1251.701	-1465.987	214.2854	1.144053	3.680271	2.119885
35202	-1259.796	-1474.99	215.1939	1.148432	3.815934	1.449152
35208	-1259.083	-1473.944	214.8609	1.117204	4.451148	1.565736
35214	-1252.237	-1466.828	214.5902	0.9359868	3.61407	2.072138
35220	-1258.004	-1472.441	214.4372	1.089001	3.61407	2.072138
35226	-1260.168	-1474.543	214.3745	0.9268082	3.61407	2.21872
35232	-1256.55	-1471.648	215.0989	1.811876	4.59504	0.5865904
35238	-1250.67	-1465.684	215.0143	1.811876	4.883523	0.5865904
35244	-1258.3	-1473.825	215.5246	1.740264	3.51627	0.606697
35250	-1249.947	-1465.078	215.1309	1.59354	4.74339	0.8331758
35256	-1247.068	-1462.481	215.4132	1.633106	3.746072	0.8321391
35262	-1254.123	-1469.681	215.5574	1.692779	3.206338	0.8321391
35268	-1246.743	-1462.211	215.4673	1.750965	3.352402	0.7987419
35274	-1249.512	-1463.647	214.1345	0.7924283	4.068581	2.357025
35280	-1251.457	-1466.988	215.5311	1.7223	3.512598	0.6393141
35286	-1263.602	-1478.754	215.1526	1.7223	4.725551	0.576098
35292	-1258.623	-1474.241	215.6179	1.663466	3.372916	0.6900309
35298	-1252.989	-1468.099	215.1106	1.614345	4.742295	0.8330483
35304	-1260.727	-1475.888	215.1611	1.614345	4.742295	0.7654865
35310	-1259.891	-1475.179	215.2877	1.640647	4.143374	0.8097826
35316	-1259.152	-1474.325	215.1731	1.505007	4.703747	0.9017301
35322	-1254.542	-1469.945	215.403	1.420642	3.961997	0.9956756
35328	-1256.865	-1472.34	215.4744	1.420642	3.022459	1.251807
35334	-1250.585	-1465.353	214.7681	1.357411	3.703252	1.639104
35340	-1243.126	-1457.801	214.6751	1.158951	3.637653	1.859882
35346	-1260.178	-1474.953	214.775	1.10816	3.34109	1.902421
35352	-1260.189	-1473.766	213.5767	0.9014528	4.090961	2.633062
35358	-1256.894	-1469.589	212.6954	0.7903161	3.413109	3.373653
35364	-1265.904	-1481.059	215.1546	1.36595	3.09987	1.519906
35370	-1246.888	-1460.774	213.8864	0.8300388	4.253489	2.451832
35376	-1253.08	-1466.52	213.4403	0.8628281	4.007066	2.757693
35382	-1263.7	-1478.085	214.385	0.8798028	4.564646	2.036463
35388	-1273.174	-1487.235	214.0605	1.073213	3.630836	2.322315
35394	-1264.836	-1478.502	213.6656	0.8330654	3.617254	2.721624
35400	-1259.087	-1472.885	213.7986	0.8831877	2.851976	2.797281
35406	-1255.722	-1469.407	213.6851	0.6991673	3.954234	2.718985
35412	-1242.06	-1456.156	214.0963	0.8160878	4.164663	2.346184
35418	-1244.385	-1458.521	214.136	0.9880994	4.54793	2.13235
35424	-1249.589	-1463.854	214.2648	1.029045	4.122757	2.109034
35430	-1245.513	-1459.621	214.1072	0.9918592	5.570678	1.960423
35436	-1267.721	-1480.655	212.9336	0.8976941	4.129956	3.01838
35442	-1256.458	-1471.285	214.8265	1.311762	4.094959	1.531408
35448	-1246.047	-1460.82	214.7726	1.261757	4.052985	1.617728
35454	-1259.272	-1474.479	215.2074	1.166089	3.683143	1.461304
35460	-1260.002	-1474.718	214.7166	1.26424	3.673893	1.749245
35466	-1255.803	-1470.85	215.0473	1.33442	3.449064	1.520269
35472	-1269.892	-1484.814	214.9214	1.172346	4.941045	1.368038
35478	-1264.313	-1479.331	215.0182	1.452167	3.203137	1.525853
35484	-1252.606	-1467.619	215.0127	1.584526	4.639721	1.006729
35490	-1259.178	-1474.391	215.2127	1.458001	3.743371	1.205839
35496	-1250.585	-1465.54	214.9552	1.268648	4.453375	1.378999
35502	-1250.641	-1465.513	214.8718	1.234723	4.647552	1.424432
35508	-1254.879	-1470.09	215.2103	1.234723	2.917095	1.631941
35514	-1254.875	-1469.538	214.6626	1.277525	3.921946	1.716599
35520	-1251.529	-1466.264	214.7347	1.241635	4.073921	1.654481
35526	-1248.277	-1462.877	214.5998	1.180773	3.181165	2.013967
35532	-1239.807	-1454.102	214.2947	0.8853954	3.354469	2.358877
35538	-1234.705	-1448.986	214.2804	1.158191	3.655318	2.11975
35544	-1239.54	-1453.859	214.3196	1.153568	3.363478	2.168491
35550	-1243.985	-1458.759	214.774	1.219608	3.295922	1.839135
35556	-1233.594	-1448.259	214.6653	1.237559	4.877225	1.52775
35562	-1240.218	-1454.755	214.5376	1.201176	4.079191	1.820087
35568	-1253.477	-1468.585	215.1081	1.246297	3.581124	1.503719
35574	-1264.111	-1479.217	215.1064	1.369275	3.774384	1.356883
35580	-1271.327	-1486.541	215.2137	1.384628	3.994908	1.1933
35586	-1269.841	-1484.47	214.6295	1.18638	4.398074	1.694637
35592	-1254.688	-1469.789	215.1018	1.291337	3.665514	1.451222
35598	-1254.017	-1468.122	214.1046	1.035627	4.690009	2.093934
35604	-1260.37	-1475.325	214.9549	0.9286578	2.840261	2.041516
35610	-1257.354	-1470.255	212.9007	0.9319914	3.797682	3.084969
35616	-1249.242	-1462.299	213.0574	0.7017089	3.859777	3.115892
35622	-1265.389	-1479.577	214.1875	0.8307434	4.08334	2.295788
35628	-1259.862	-1473.795	213.933	1.067434	4.13727	2.295788
35634	-1262.409	-1476.688	214.2784	0.9424512	3.617323	2.269749
35640	-1253.152	-1467.639	214.4871	1.17028	3.464128	2.022217
35646	-1265.336	-1480.371	215.0353	1.141213	3.396884	1.683934
35652	-1251.056	-1465.578	214.5219	0.9436375	3.881903	2.049372
35658	-1244.987	-1459.835	214.8476	0.9894661	3.281368	1.94938
35664	-1239.118	-1453.415	214.2968	0.9469679	3.780537	2.217284
35670	-1240.855	-1454.072	213.2167	0.7517218	4.231476	2.916099
35676	-1240.572	-1454.581	214.0091	0.9219661	3.281848	2.533268
35682	-1249.887	-1464.158	214.2711	0.891427	3.65757	2.297726
35688	-1247.588	-1461.917	214.3292	1.027503	3.15215	2.297726
35694	-1250.674	-1464.857	214.1829	0.8858279	3.363676	2.426989
35700	-1251.138	-1465.114	213.9755	0.9729341	3.78302	2.405202
35706	-1263.016	-1477.303	214.2876	1.049074	4.025701	2.102069
35712	-1249.827	-1463.384	213.5578	0.9199807	3.664373	2.723943
35718	-1257.166	-1471.637	214.4716	1.010445	2.718817	2.337418
35724	-1263.112	-1478.541	215.4297	1.298629	2.893229	1.429203
35730	-1263.383	-1475.854	212.4706	0.725248	4.295001	3.363587
35736	-1262.551	-1475.065	212.5139	0.6543694	4.295001	3.37978
35742	-1259.278	-1472.11	212.832	0.9397759	3.5987	3.163738
35748	-1253.741	-1466.65	212.9089	0.7341483	2.934407	3.395542
35754	-1250.943	-1463.304	212.3612	0.6310354	2.967086	3.765664
35760	-1251.217	-1464.811	213.5936	0.7965687	3.501741	2.813936
35766	-1255.721	-1468.962	213.2406	0.8808555	4.280426	2.813936
35772	-1266.072	-1478.944	212.8724	0.9316095	3.866092	3.087823
35778	-1265.524	-1479.352	213.8286	0.8180093	3.613107	2.631563
35784	-1265.641	-1479.227	213.5856	0.6934715	3.448299	2.893525
35790	-1278.36	-1491.862	213.5015	0.7456708	3.533129	2.893525
35796	-1285.426	-1498.924	213.4975	0.8432188	3.322984	2.885443
35802	-1275.748	-1488.848	213.0998	0.5875404	4.345932	3.063033
35808	-1272.956	-1486.865	213.9089	0.8774767	3.806872	2.501732
35814	-1257.723	-1472.928	215.205	1.362236	4.628572	1.039313
35820	-1257.071	-1471.53	214.4591	1.066052	4.01655	1.979269
35826	-1264.328	-1479.09	214.7621	1.09214	3.214938	1.955587
35832	-1255.151	-1469.616	214.4651	1.099214	3.020113	2.199464
35838	-1252.418	-1466.251	213.8331	0.8147768	3.020113	2.773691
35844	-1262.806	-1477.882	215.0756	1.348462	3.757182	1.402124
35850	-1242.316	-1456.756	214.4396	1.035027	3.574229	2.11559
35856	-1258.013	-1472.769	214.7562	1.0487	3.425916	1.933186
35862	-1254.578	-1468.159	213.5814	0.8972459	3.30326	2.806482
35868	-1263.255	-1476.937	213.6814	0.8972459	3.056685	2.806482
35874	-1273.695	-1487.088	213.3933	0.7234586	3.4168	2.99851
35880	-1262.041	-1474.725	212.6837	0.6350379	2.786459	3.622759
35886	-1272.158	-1486.106	213.9476	0.9327187	3.345993	2.549226
35892	-1253.332	-1467.334	214.0029	0.9228532	3.009792	2.605656
35898	-1252.275	-1466.356	214.0806	0.9156574	3.014084	2.560844
35904	-1255.276	-1470.005	214.7283	1.270805	2.701957	2.006389
35910	-1245.249	-1460.016	214.7671	1.250413	4.136483	1.609973
35916	-1248.474	-1463.662	215.1873	1.361357	3.434579	1.39736
35922	-1255.939	-1471.175	215.2352	1.198438	3.310867	1.521307
35928	-1261.849	-1476.636	214.787	1.288377	3.936103	1.616545
35934	-1263.757	-1477.367	213.6094	0.8451465	3.880457	2.691389
35940	-1246.676	-1461.239	214.5624	1.205146	4.178308	1.777642
35946	-1251.412	-1465.715	214.3035	1.122781	5.075588	1.827795
35952	-1237.863	-1452.225	214.362	1.005288	3.608278	2.17741
35958	-1245.73	-1460.611	214.8811	1.130184	3.967403	1.655055
35964	-1234.918	-1449.381	214.463	1.125638	4.311613	1.871404
35970	-1240.321	-1454.626	214.3049	1.147736	4.011286	2.028771
35976	-1235.859	-1450.543	214.6835	1.136854	4.641642	1.638363
35982	-1243.433	-1458.391	214.9589	1.208818	3.881807	1.562763
35988	-1250.417	-1465.162	214.7455	1.227538	3.804872	1.72197
35994	-1244.687	-1459.115	214.4283	1.227538	4.33837	1.819535
36000	-1235.253	-1449.611	214.3579	1.088436	4.467317	1.935013
36006	-1235.964	-1450.012	214.0475	1.116663	3.544632	2.323058
36012	-1240.047	-1453.786	213.7387	0.9142943	4.449163	2.453086
36018	-1239.584	-1453.654	214.0701	1.036694	3.1633	2.453086
36024	-1254.916	-1468.506	213.5899	0.861157	2.959952	2.908652
36030	-1244.251	-1457.794	213.5432	1.021986	3.70925	2.660359
36036	-1250.526	-1464.44	213.9138	0.9469784	4.042294	2.404452
36042	-1257.867	-1471.525	213.658	0.870028	3.385583	2.756825
36048	-1251.329	-1464.488	213.1596	0.7312344	3.529542	3.108134
36054	-1244.463	-1459.467	215.0041	1.228206	3.802091	1.535559
36060	-1246.033	-1461.495	215.4623	1.435563	2.889194	1.296645
36066	-1253.505	-1468.652	215.1469	1.243847	3.389112	1.530586
36072	-1251.82	-1466.95	215.1299	1.244814	3.605198	1.481865
36078	-1243.872	-1458.08	214.2072	1.019205	3.867059	2.208993
36084	-1242.461	-1457.252	214.7919	1.18717	3.879255	1.699448
36090	-1259.401	-1474.923	215.5223	1.317326	2.749647	1.392641
36096	-1254.769	-1469.82	215.0512	1.031231	3.408504	1.747217
36102	-1256.53	-1469.608	213.0781	0.8042277	3.768676	3.061447
36108	-1258.651	-1473.23	214.5786	1.080642	3.768676	1.946542
36114	-1256.439	-1470.728	214.2881	1.146491	3.123034	2.255421
36120	-1252.483	-1466.503	214.0198	0.9690873	3.21649	2.513438
36126	-1259.843	-1474.362	214.5195	1.081724	3.620458	2.020958
36132	-1257.175	-1470.702	213.527	1.004299	3.950588	2.629335
36138	-1257.924	-1471.622	213.6984	0.848641	3.664261	2.681491
36144	-1257.579	-1471.577	213.9978	0.9111709	3.858431	2.413507
36150	-1251.388	-1464.824	213.4364	0.9046313	4.140365	2.707463
36156	-1247.252	-1461.111	213.859	0.9386485	4.265002	2.398373
36162	-1250.232	-1464.959	214.7271	1.053843	4.252344	1.751647
36168	-1238.217	-1452.53	214.3126	1.13851	4.424071	1.940782
36174	-1246.157	-1460.309	214.1521	1.136547	3.364803	2.287171
36180	-1244.179	-1459.085	214.9059	1.044256	4.358733	1.607097
36186	-1250.205	-1464.968	214.7634	1.428223	5.241775	1.220492
36192	-1237.797	-1452.884	215.0871	1.355066	4.440221	1.204017
36198	-1238.693	-1453.921	215.2273	1.355066	3.704182	1.291273
36204	-1253.984	-1468.868	214.884	1.070352	4.314133	1.614228
36210	-1252.19	-1466.751	214.5603	1.227294	4.771591	1.634406
36216	-1250.227	-1464.938	214.7106	1.116396	3.955441	1.787792
36222	-1249.046	-1463.066	214.0206	1.284428	3.879461	2.15521
36228	-1254.143	-1468.516	214.373	1.269078	2.675082	2.247994
36234	-1256.828	-1470.659	213.8304	0.9986916	3.002803	2.667127
36240	-1254.464	-1467.57	213.1063	0.8505218	4.193244	2.930531
36246	-1251.02	-1464.737	213.7165	0.772578	3.36592	2.785249
36252	-1256.898	-1470.825	213.9269	0.8318638	4.171253	2.441911
36258	-1251.6	-1465.695	214.0947	1.092739	3.336443	2.358675
36264	-1252.621	-1467.198	214.5762	1.092739	3.750522	1.944328
36270	-1252.577	-1467.248	214.671	1.200524	4.469467	1.639093
36276	-1254.645	-1470.046	215.4017	1.257859	2.674113	1.555321
36282	-1270.962	-1486.133	215.1718	1.29757	3.217974	1.522152
36288	-1261.897	-1476.739	214.8423	1.053485	3.82687	1.770706
36294	-1269.499	-1484.674	215.1745	1.13311	2.971667	1.713202
36300	-1266.937	-1479.03	212.0928	0.8173171	3.909349	3.60473
36306	-1258.216	-1471.684	213.4682	0.925429	3.323547	2.853268
36312	-1250.907	-1464.652	213.7445	1.133893	3.043663	2.626105
36318	-1245.896	-1459.192	213.296	0.9308464	3.318571	2.955197
36324	-1253.274	-1466.779	213.5057	0.8510916	3.941271	2.738519
36330	-1245.212	-1459.368	214.1563	1.026499	3.80003	2.252187
36336	-1251.361	-1465.513	214.1517	0.9582933	3.822456	2.293834
36342	-1245.05	-1459.522	214.4727	1.140089	4.170336	1.885872
36348	-1253.153	-1467.679	214.526	1.121925	4.349078	1.822648
36354	-1260.819	-1475.146	214.327	0.8076118	3.377637	2.381999
36360	-1268.497	-1482.403	213.9057	0.9982025	2.549385	2.747188
36366	-1252.806	-1466.716	213.9097	1.074154	3.571938	2.43086
36372	-1249.145	-1463.353	214.208	1.001468	3.151471	2.391474
36378	-1255.54	-1469.752	214.2122	0.9467252	3.084204	2.440793
36384	-1264.487	-1478.253	213.7661	1.017436	4.380657	2.384232
36390	-1259.401	-1472.705	213.3035	0.7612471	3.346897	3.045812
36396	-1255.925	-1469.826	213.9007	1.117434	2.989976	2.55359
36402	-1248.789	-1462.489	213.6993	1.039257	4.097655	2.469772
36408	-1256.111	-1469.217	213.106	0.9507689	3.379241	3.043068
36414	-1266.327	-1480.843	214.5159	0.8733403	3.768065	2.125683
36420	-1260.333	-1473.146	212.8128	0.7478464	2.645821	3.519699
36426	-1263.375	-1475.471	212.096	0.5916488	2.330382	4.111864
36432	-1249.39	-1461.665	212.2746	0.6866338	3.036645	3.766509
36438	-1251.001	-1463.419	212.4181	0.6005696	2.902599	3.766509
36444	-1254.198	-1467.928	213.73	0.6782206	3.732302	2.751568
36450	-1254.868	-1468.369	213.5005	0.954194	3.365251	2.806294
36456	-1245.063	-1459.661	214.5983	1.128246	4.22715	1.795134
36462	-1253.357	-1466.488	213.1311	0.7920461	3.339508	3.131995
36468	-1255.119	-1467.937	212.8187	0.7335683	4.40772	3.131995
36474	-1248.525	-1461.971	213.4459	0.7716648	3.950689	2.821429
36480	-1258.033	-1471.553	213.5209	0.9059509	4.153055	2.652175
36486	-1257.329	-1471.409	214.0803	0.9429447	4.929183	2.125217
36492	-1253.896	-1467.954	214.0584	0.8482383	4.285305	2.325114
36498	-1260.651	-1475.249	214.5972	1.163537	3.789675	1.872771
36504	-1264.402	-1478.382	213.9797	1.12029	3.880217	2.287385
36510	-1247.914	-1461.896	213.9823	0.9980621	3.218095	2.518351
36516	-1236.74	-1450.769	214.0293	0.9536991	3.555915	2.435105
36522	-1243.253	-1456.923	213.6696	0.7664522	4.346948	2.608087
36528	-1257.71	-1471.525	213.815	0.8102178	3.859343	2.590642
36534	-1266.419	-1480.262	213.8426	0.6824132	4.372291	2.547966
36540	-1263.914	-1478.139	214.2253	1.089832	3.851777	2.154889
36546	-1262.45	-1476.469	214.0195	0.9677609	3.651887	2.410311
36552	-1259.558	-1473.241	213.6825	0.8888209	4.462999	2.501545
36558	-1247.856	-1461.758	213.9029	0.9830362	4.730077	2.251444
36564	-1245.641	-1459.897	214.2566	1.065771	5.070155	1.899818
36570	-1246.789	-1460.999	214.2095	0.9673154	4.524455	2.102512
36576	-1241.756	-1456.395	214.6383	1.058798	3.858082	1.899835
36582	-1240.392	-1455.229	214.8373	1.058798	3.858082	1.762923
36588	-1243.506	-1458.038	214.5319	1.109805	4.651321	1.762923
36594	-1246.832	-1461.121	214.2895	1.075586	3.928204	2.105031
36600	-1252.934	-1467.235	214.3016	1.033863	3.784919	2.156906
36606	-1263.633	-1478.582	214.949	1.107587	4.80407	1.427521
36612	-1255.567	-1470.133	214.5658	1.198962	4.600614	1.686887
36618	-1265.111	-1479.559	214.4474	1.19277	4.600614	1.774522
36624	-1263.855	-1478.724	214.8696	1.354311	4.563277	1.352515
36630	-1248.516	-1463.56	215.0441	1.420226	3.549264	1.42931
36636	-1251.867	-1466.445	214.5774	1.17517	5.072977	1.597737
36642	-1249.529	-1464.101	214.5719	1.192908	3.30194	1.99234
36648	-1246.977	-1460.575	213.5975	0.8783465	3.959889	2.661587
36654	-1245.654	-1459.341	213.6872	0.9747808	3.377444	2.676674
36660	-1246.714	-1461.164	214.4502	0.9867533	4.213725	1.994838
36666	-1244.255	-1458.389	214.1333	0.9448332	4.642412	2.14379
36672	-1245.327	-1458.756	213.4285	0.7484101	4.330896	2.770367
36678	-1240.01	-1453.61	213.6004	0.726274	4.112176	2.721913
36684	-1244.941	-1458.001	213.06	0.9325157	4.641274	2.824727
36690	-1247.684	-1462.003	214.3185	0.9264551	3.694866	2.236218
36696	-1246.934	-1461.26	214.3262	1.006988	4.049778	2.099106
36702	-1245.343	-1458.76	213.4173	0.8735631	3.50666	2.873042
36708	-1247.724	-1460.89	213.1657	0.8106259	3.999134	2.957411
36714	-1249.694	-1462.393	212.6987	0.7597987	3.662112	3.33519
36720	-1247.173	-1459.969	212.796	0.8597558	3.762243	3.197611
36726	-1246.874	-1459.979	213.1056	0.7951081	3.119591	3.197611
36732	-1246.903	-1461.198	214.2956	0.9337261	3.119591	2.387135
36738	-1251.739	-1465.779	214.0394	0.96905	2.915013	2.579618
36744	-1257.629	-1472.433	214.8044	1.29501	2.69086	1.942706
36750	-1263.62	-1478.882	215.2616	1.482947	3.653508	1.169959
36756	-1264.857	-1479.548	214.691	1.140964	3.739889	1.836086
36762	-1261.756	-1475.435	213.679	0.921818	3.253422	2.743965
36768	-1250.994	-1464.513	213.5188	0.8277378	3.413865	2.860596
36774	-1259.627	-1473.108	213.4816	0.8649926	3.413865	2.860596
36780	-1257.179	-1470.606	213.4269	0.9199831	3.413054	2.860596
36786	-1247.336	-1460.728	213.3922	0.9048473	3.545145	2.860596
36792	-1252.454	-1466.128	213.6749	0.9723563	4.202732	2.50543
36798	-1259.586	-1473.467	213.8817	0.9074593	3.844534	2.49176
36804	-1254.557	-1468.281	213.724	0.9712357	3.105871	2.722804
36810	-1259.657	-1473.334	213.6764	1.018805	3.105871	2.722804
36816	-1262.61	-1475.813	213.2037	0.8845603	3.254932	3.053393
36822	-1261.893	-1475.314	213.4217	0.8735777	3.418865	2.890464
36828	-1265.676	-1479.674	213.9985	0.9961238	4.887251	2.15168
36834	-1263.013	-1477.127	214.1136	0.9140775	4.887251	2.130085
36840	-1266.885	-1479.178	212.2935	0.7111909	3.259225	3.688817
36846	-1267.117	-1480.007	212.8899	0.8463736	3.020642	3.319107
36852	-1253.244	-1467.646	214.4016	0.964261	4.047529	2.07807
36858	-1261.88	-1476.18	214.2999	1.189016	4.177279	1.967964
36864	-1279.091	-1493.785	214.6938	1.236034	3.688951	1.781064
36870	-1264.456	-1477.033	212.5771	0.7366329	3.616981	3.42976
36876	-1248.917	-1461.856	212.9395	0.9324787	3.469009	3.13286
36882	-1248.121	-1461.947	213.8267	1.022162	3.764428	2.471957
36888	-1239.382	-1452.874	213.4911	0.9049548	3.40772	2.832027
36894	-1241.004	-1453.457	212.4532	0.7198138	3.165807	3.61308
36900	-1248.881	-1462.647	213.7661	0.8666921	2.721428	2.862815
36906	-1254.899	-1467.274	212.3753	0.8367407	2.49096	3.764974
36912	-1271.659	-1484.726	213.0679	0.8873759	2.82928	3.238859
36918	-1258.095	-1472.171	214.0756	0.9043259	2.82928	2.620662
36924	-1262.821	-1474.896	212.0751	0.7578382	2.90919	3.871664
36930	-1250.446	-1463.176	212.7294	0.8743359	4.093628	3.161238
36936	-1255.793	-1468.945	213.152	0.9597382	3.387361	3.008249
36942	-1257.531	-1471.417	213.8863	0.9337659	3.490043	2.552429
36948	-1255.431	-1468.881	213.4498	0.6628276	3.098003	3.076886
36954	-1262.514	-1475.97	213.4563	0.7582538	4.753955	2.668648
36960	-1248.145	-1461.91	213.7657	0.8692073	3.633387	2.634217
36966	-1241.557	-1455.343	213.7856	0.9793313	3.813397	2.513671
36972	-1246.073	-1460.428	214.3545	1.169809	3.176379	2.183444
36978	-1245.827	-1460.268	214.4411	1.231214	3.388226	2.031524
36984	-1254.587	-1469.152	214.5659	1.131526	3.816668	1.909388
36990	-1257.592	-1472.161	214.5697	1.199955	3.597162	1.91373
36996	-1271.917	-1485.907	213.9896	1.159023	3.301465	2.391918
37002	-2325.865	-2539.471	213.6055	1.316212	5.449452	2.098962
37008	-3016.883	-3224.535	207.6522	2.573504	12.11999	4.182723
37302	-16606.31	-16238.8	-367.5063	472.4951	2.847968e+07	32.46564
37308	-21033.35	-20662.65	-370.6994	475.4565	3.416048e+07	32.09247
37602	-9736.932	-9621.337	-115.5957	43.31913	1.363239e+10	102.9694
37608	-18635.74	-18580.34	-55.39986	66.49501	1.350138e+10	61.05524
37902	-42800.33	-20415.03	-22385.3	78.18888	1.578017e+13	11195.52
37908	-92675.21	-4615.408	-88059.8	181.1275	3.832616e+13	43978.12
38202	-2.468076e+08	-46571.17	-2.46761e+08	163.3336	1.52118e+16	1.233804e+08
38208	-1.000298e+09	-46566.98	-1.000251e+09	436.5968	1.52118e+16	5.001253e+08
38502	-2.343777e+11	-46604.77	-2.343776e+11	472.3801	1.559802e+16	1.171888e+11
38508	-6.831811e+11	-29857.25	-6.831811e+11	424.1338	9.968697e+15	3.415905e+11
38802	-8.077811e+13	-23604.77	-8.077811e+13	388.8192	3.148057e+15	4.038906e+13
38808	-1.863945e+14	-30866.83	-1.863945e+14	461.2235	1.414219e+16	9.319725e+13
